{"directions":{"settings":[{"style":{"id":"NA Navigation","language":{"id":"de","description":"Deutsch","strings":[{"id":"mobManeuverHeader","rule":"{Abfahrt bei} ({ } #StopName)"},{"id":"mobAtExit","rule":"{an der Ausfahrt } #SignpostExit { }"},{"id":"mobLandmarkOnTheNearRight","rule":"{unmittelbar rechts}"},{"id":"mobManeuverFooter","rule":"{Ankunft} ({ bei } #StopName) ({, auf der } #StopSide)"},{"id":"mobManeuverDepart","rule":"{Abfahrt bei} ({ } #StopName)"},{"id":"mobPathCurveActionMakeSharpRight","rule":"{scharf rechts abbiegen}"},{"id":"mobManeuverStopArrive","rule":"#FirstUpper((#StopArriveAction ({ } #Azimuth) ({ auf } NAME) ))"},{"id":"mobCrossingBorderTurnActionMakeSharpLeft","rule":"{scharf links abbiegen}"},{"id":"mobManeuverArrive","rule":"{Ankunft} ({ bei } #StopName) ({, auf der } #StopSide)"},{"id":"mobAzimuthSW","rule":"{in südwestlicher Richtung}"},{"id":"mobManeuverUTurnViaRamp","rule":"#FirstUpper((#UTurnRampAction { und wenden Sie und fahren Sie zurück} ({ auf } NAME) ))"},{"id":"Names","rule":"NAME ({ (} ALT_NAME {)})"},{"id":"ManeuverFerry","rule":"{Nehmen Sie die Fähre} ({ } @@Names)"},{"id":"mobManeuverAnyRoad","rule":"#FirstUpper(({fahren Sie} ({ } #Azimuth) ({ auf } NAME) ({ in Richtung } #CrossNames) ))"},{"id":"mobManeuverCrossingBorderFerry","rule":"#FirstUpper(( ({Sie erreichen } CROSSADMINBORDER {, }) @mobAtExit #CrossingBorderFerryAction ({ auf} ({ } NAME ({ (} ALT_NAME {)})) { Fähre}) ))"},{"id":"mobManeuverFerryBypass","rule":"{Fährzeit:} ({ } #ItemTime) ({ ~ } #ItemLength)"},{"id":"mobEndOfFerryActionGo","rule":"{fahren Sie}"},{"id":"mobManeuverOntoHighway","rule":"#FirstUpper(( @mobAtExit #HighwayAction #Select(@mobOnBranchDestination, ({ auf } NAME)) ))"},{"id":"mobOnBranchDestination","rule":"({ auf } #Branch) ({ in Richtung } #Destination)"},{"id":"mobHighwayChanges","rule":"#FirstUpper(( @mobAtExit {Änderung des Straßennamens} #Select(@mobToBranchDestination, ({ in } NAME)) ))"},{"id":"mobStopArriveActionBack","rule":"{fahren Sie zurück}"},{"id":"mobPathCurveActionMakeSharpLeft","rule":"{scharf links abbiegen}"},{"id":"mobEndOfFerryActionTurnRight","rule":"{rechts abbiegen}"},{"id":"mobCrossingBorderFerryActionContinue","rule":"{fahren Sie weiter}"},{"id":"DirectionToward","rule":"#Destination"},{"id":"mobToProceed","rule":"{ und weiter fahren } #Select(({ auf } #Branch), ({ auf } NAME))"},{"id":"mobToBranchDestination","rule":"({ auf } #Branch) ({ in Richtung } #Destination)"},{"id":"mobUnitKilometerSingular","rule":"{Kilometer}"},{"id":"mobPathCurveActionBearLeft","rule":"{links halten}"},{"id":"mobLocalRoadActionMakeSharpRight","rule":"{scharf rechts abbiegen}"},{"id":"mobManeuverPathCurves","rule":"#FirstUpper(( @mobAtExit #PathCurveAction @mobAtIntersectionOrCrossNames ({ - Sie bleiben auf } NAME) ))"},{"id":"mobLocalRoadActionTurnRight","rule":"{rechts abbiegen}"},{"id":"mobAzimuthS","rule":"{in südlicher Richtung}"},{"id":"mobAtIntersectionOrCrossNames","rule":"#Select(@mobAtIntersectionNames, ({ bei } #CrossNames))"},{"id":"mobSkipHighwayRampActionTurnRight","rule":"{rechts abbiegen auf die Auffahrt}"},{"id":"mobCrossingBorderTurnActionGo","rule":"{fahren Sie}"},{"id":"mobSkipHighwayRampActionBearRight","rule":"{rechts halten auf die Auffahrt}"},{"id":"mobManeuverSkipHighwayRamps","rule":"#FirstUpper(( @mobAtExit #SkipHighwayRampAction #Select(@mobAndGoOnBranchDestination, ({ und auf } NAME { fahren })) ))"},{"id":"mobManeuverFork","rule":"#FirstUpper((#Select(@mobAtExit, {an der Gabelung }) #ForkSide ({ } #ForkAction) #Select(@mobOnBranchDestination, ({ auf } NAME)) ))"},{"id":"mobStopTimeShort","rule":"{< 1 Minute}"},{"id":"mobAtIntersectionNames","rule":"{ bei } #Intersection(NAME) ({ (} #Intersection(ALT_NAME) {)})"},{"id":"mobManeuverTurnOntoLocalRoad","rule":"#FirstUpper(( @mobAtExit #LocalRoadAction @mobAtIntersectionNames ({ auf } NAME) ))"},{"id":"mobPathCurveActionContinue","rule":"{weiter fahren}"},{"id":"mobManeuverCrossingBorderTurn","rule":"#FirstUpper(( ({Sie erreichen } CROSSADMINBORDER {, }) @mobAtExit #CrossingBorderTurnAction ({ auf } NAME) ))"},{"id":"mobManeuverCrossingBorder","rule":"{Sie erreichen} ({ } CROSSADMINBORDER)"},{"id":"mobPathCurveActionTurnLeft","rule":"{links abbiegen}"},{"id":"mobManeuverUTurnViaRoundabout","rule":"@mobRoundaboutHeaderGoBack ({ auf } NAME)"},{"id":"mobManeuverRoadSplitToProceed","rule":"#FirstUpper( (@mobAtExit #RoadSplitActionToProceed ({ } #RoadSplitSideToProceed) { und fahren Sie weiter} #Select(@mobOnBranchDestination, ({ auf } NAME))) ) "},{"id":"mobRoundaboutHeaderGoBack","rule":"#Select(({Im Kreisverkehr die } @@ExitNumberString(#ExitNumber) { Ausfahrt nehmen und zurück fahren}), {Fahren Sie in den Kreisverkehr und fahren Sie zurück})"},{"id":"mobUnitSecondNeutral","rule":"{Sekunde(n)}"},{"id":"mobManeuverUTurn","rule":"{Wenden Sie} @mobAtIntersectionNames { und fahren Sie zurück} ({ auf } NAME)"},{"id":"mobManeuverFerry","rule":"{Nehmen Sie die} ({ } NAME ({ (} ALT_NAME {)})) { Fähre}"},{"id":"mobLocalRoadActionContinue","rule":"{weiter fahren}"},{"id":"mobManeuverEndOfFerry","rule":"#FirstUpper(( @mobAtExit {Fähre verlassen und } #EndOfFerryAction #Select(@mobOnBranchDestination, ({ auf } NAME)) ))"},{"id":"mobManeuverRoadSplitToStay","rule":"#FirstUpper( (@mobAtExit #RoadSplitActionToStay ({ } #RoadSplitSideToStay) { und bleiben Sie} #Select(@mobOnBranchDestination, ({ auf } NAME))) ) "},{"id":"mobUnitNauticalPlural","rule":"{nmi}"},{"id":"mobManeuverStopOnRoundabout","rule":"{Take roundabout}"},{"id":"mobManeuverSkipRoundabout","rule":"@mobRoundaboutHeader @mobToProceed"},{"id":"mobRoundaboutHeader","rule":"#Select(({ Im Kreisverkehr die } @@ExitNumberString(#ExitNumber) { Ausfahrt nehmen}), {Fahren Sie in den Kreisverkehr})"},{"id":"mobSkipHighwayRampActionAtFork","rule":"#Select(#SkipHighwayRampActionAtFork, {die Auffahrt nehmen})"},{"id":"mobManeuverSkipRoundaboutRamp","rule":"@mobRoundaboutHeader (#Select(({ in Richtung } #Branch), ({ in Richtung } NAME)) )"},{"id":"mobAndGoOnBranchDestination","rule":"({ auf } #Branch) ({ in Richtung } #Destination)"},{"id":"mobManeuverSkipSignpostRamps","rule":"#FirstUpper(( @mobAtExit #SkipSignpostRampAction #Select(@mobToBranchDestination, ({ auf } NAME)) ))"},{"id":"mobAzimuthNE","rule":"{in nordöstlicher Richtung}"},{"id":"mobAzimuthN","rule":"{in nördlicher Richtung}"},{"id":"mobUnitNauticalSingular","rule":"{nmi}"},{"id":"mobPathCurveActionBearRight","rule":"{rechts halten}"},{"id":"mobAzimuthE","rule":"{in östlicher Richtung}"},{"id":"mobAzimuthSE","rule":"{in südöstlicher Richtung}"},{"id":"mobCrossingBorderTurnActionBearRight","rule":"{halten Sie sich rechts}"},{"id":"mobAzimuthW","rule":"{in westlicher Richtung}"},{"id":"mobAzimuthNW","rule":"{in nordwestlicher Richtung}"},{"id":"mobPathCurveActionTurnRight","rule":"{rechts abbiegen}"},{"id":"mobLocalRoadActionBearRight","rule":"{rechts halten}"},{"id":"mobRoadSplitActionToProceedLeft","rule":"{halten Sie sich}"},{"id":"mobLocalRoadActionMakeSharpLeft","rule":"{scharf links abbiegen}"},{"id":"mobUTurnRampActionAtForkLeft","rule":"{die Auffahrt links nehmen}"},{"id":"mobLocalRoadActionTurnLeft","rule":"{links abbiegen}"},{"id":"mobLocalRoadActionBearLeft","rule":"{links halten}"},{"id":"mobLocalRoadActionGo","rule":"{fahren}"},{"id":"mobHighwayActionBearRight","rule":"{rechts halten}"},{"id":"mobSkipHighwayRampActionMakeSharpRight","rule":"{scharf rechts abbiegen auf die Auffahrt}"},{"id":"mobSkipHighwayRampActionMakeSharpLeft","rule":"{scharf links abbiegen auf die Auffahrt}"},{"id":"mobCrossingBorderFerryActionBearRight","rule":"{rechts halten}"},{"id":"mobSkipHighwayRampActionTurnLeft","rule":"{links abbiegen auf die Auffahrt}"},{"id":"mobSkipHighwayRampActionBearLeft","rule":"{links halten auf die Auffahrt}"},{"id":"mobSkipHighwayRampActionTakeRamp","rule":"{die Auffahrt nehmen}"},{"id":"mobSkipHighwayRampActionAtForkLeft","rule":"{die Auffahrt links nehmen}"},{"id":"mobSkipHighwayRampActionAtForkRight","rule":"{die Auffahrt rechts nehmen}"},{"id":"mobSkipSignpostRampActionAtFork","rule":"#Select(#SkipSignpostRampActionAtFork, {die Auffahrt nehmen})"},{"id":"mobSkipSignpostRampActionBearRight","rule":"{rechts halten auf die Auffahrt}"},{"id":"mobForkActionLeft","rule":"{halten}"},{"id":"StopTimeWindow","rule":"{Zeitfenster: } #StopTimeWindowStart { - } #StopTimeWindowEnd"},{"id":"mobSkipSignpostRampActionTurnRight","rule":"{rechts abbiegen auf die Auffahrt}"},{"id":"mobSkipSignpostRampActionMakeSharpRight","rule":"{scharf rechts abbiegen auf die Auffahrt}"},{"id":"mobSkipSignpostRampActionMakeSharpLeft","rule":"{scharf links abbiegen auf die Auffahrt}"},{"id":"mobSkipSignpostRampActionTurnLeft","rule":"{links abbiegen auf die Auffahrt}"},{"id":"mobSkipSignpostRampActionBearLeft","rule":"{links halten auf die Auffahrt}"},{"id":"mobSkipSignpostRampActionTakeRamp","rule":"{die Auffahrt nehmen}"},{"id":"mobSkipSignpostRampActionAtForkLeft","rule":"{die Auffahrt links nehmen}"},{"id":"mobSkipSignpostRampActionAtForkRight","rule":"{die Auffahrt rechts nehmen}"},{"id":"mobUTurnRampActionFork","rule":"#Select(#UTurnRampActionAtFork, {die Auffahrt nehmen})"},{"id":"mobUTurnRampActionBearRight","rule":"{rechts halten auf die Auffahrt}"},{"id":"mobUTurnRampActionTurnRight","rule":"{rechts abbiegen auf die Auffahrt}"},{"id":"mobUTurnRampActionMakeSharpRight","rule":"{scharf rechts abbiegen auf die Auffahrt}"},{"id":"mobUTurnRampActionMakeSharpLeft","rule":"{scharf links abbiegen auf die Auffahrt}"},{"id":"mobUTurnRampActionTurnLeft","rule":"{links abbiegen auf die Auffahrt}"},{"id":"mobUTurnRampActionBearLeft","rule":"{links halten auf die Auffahrt}"},{"id":"mobUTurnRampActionTakeRamp","rule":"{die Auffahrt nehmen}"},{"id":"mobUTurnRampActionAtForkRight","rule":"{die Auffahrt rechts nehmen}"},{"id":"mobHighwayActionGo","rule":"{fahren}"},{"id":"DirectionStreet","rule":"NAME"},{"id":"mobHighwayActionTurnRight","rule":"{rechts abbiegen}"},{"id":"mobEndOfFerryActionBearRight","rule":"{rechts halten}"},{"id":"mobHighwayActionMakeSharpRight","rule":"{scharf rechts abbiegen}"},{"id":"mobHighwayActionMakeSharpLeft","rule":"{scharf links abbiegen}"},{"id":"mobHighwayActionTurnLeft","rule":"{links abbiegen}"},{"id":"mobHighwayActionBearLeft","rule":"{links halten}"},{"id":"mobEndOfFerryActionMakeSharpRight","rule":"{scharf rechts abbiegen}"},{"id":"mobEndOfFerryActionMakeSharpLeft","rule":"{scharf links abbiegen}"},{"id":"mobEndOfFerryActionTurnLeft","rule":"{links abbiegen}"},{"id":"mobEndOfFerryActionBearLeft","rule":"{links halten}"},{"id":"mobStopArriveActionContinue","rule":"{fahren Sie weiter}"},{"id":"DirectionETA","rule":"#ArriveTime"},{"id":"mobStopArriveActionGo","rule":"{fahren Sie}"},{"id":"mobForkActionRight","rule":"{halten}"},{"id":"mobForkActionStraight","rule":"{fahren}"},{"id":"mobForkSideLeft","rule":"{links}"},{"id":"mobForkSideRight","rule":"{rechts}"},{"id":"mobForkSideStraight","rule":"{geradeaus}"},{"id":"mobRoadSplitActionToProceedRight","rule":"{halten Sie sich}"},{"id":"mobRoadSplitActionToProceedStraight","rule":"{fahren Sie}"},{"id":"mobRoadSplitSideToProceedLeft","rule":"{links}"},{"id":"mobRoadSplitSideToProceedRight","rule":"{rechts}"},{"id":"mobRoadSplitSideToProceedStraight","rule":"{geradeaus}"},{"id":"mobRoadSplitActionToStayLeft","rule":"{halten Sie sich}"},{"id":"mobRoadSplitActionToStayRight","rule":"{halten Sie sich}"},{"id":"mobRoadSplitActionToStayStraight","rule":"{fahren Sie}"},{"id":"mobRoadSplitSideToStayLeft","rule":"{links}"},{"id":"mobRoadSplitSideToStayRight","rule":"{rechts}"},{"id":"mobRoadSplitSideToStayStraight","rule":"{geradeaus}"},{"id":"mobCrossingBorderTurnActionContinue","rule":"{fahren Sie weiter}"},{"id":"mobCrossingBorderTurnActionTurnRight","rule":"{rechts abbiegen}"},{"id":"mobCrossingBorderTurnActionMakeSharpRight","rule":"{scharf rechts abbiegen}"},{"id":"mobCrossingBorderTurnActionTurnLeft","rule":"{links abbiegen}"},{"id":"mobCrossingBorderTurnActionBearLeft","rule":"{halten Sie sich links}"},{"id":"mobCrossingBorderFerryActionTurnRight","rule":"{rechts abbiegen}"},{"id":"mobCrossingBorderFerryActionMakeSharpRight","rule":"{scharf rechts abbiegen}"},{"id":"mobCrossingBorderFerryActionMakeSharpLeft","rule":"{scharf links abbiegen}"},{"id":"mobCrossingBorderFerryActionTurnLeft","rule":"{links abbiegen}"},{"id":"mobCrossingBorderFerryActionBearLeft","rule":"{links halten}"},{"id":"mobCrossingBorderFerryActionGo","rule":"{fahren Sie}"},{"id":"mobDistanceShort","rule":"{< } #MinDistance(1) ({ } #DistanceUnits)"},{"id":"mobDistanceLong","rule":"#Distance(1) ({ } #DistanceUnits)"},{"id":"mobCumulativeDistanceLong","rule":"#Select(#Distance(1), {0}) ({ } #DistanceUnits)"},{"id":"mobTimeShort","rule":"{< 1 Minute}"},{"id":"mobTimeLong","rule":"(#TotalHours(0) { Stunde(n) }) (#RoundedMinutesOfHour(0) { Minute(n)})"},{"id":"mobStopTimeLong","rule":"(#TotalHours(0) { Stunde(n) }) (#RoundedMinutesOfHour(0) { Minute(n)})"},{"id":"mobTravelTimeShort","rule":"{< 1 Minute}"},{"id":"mobTravelTimeLong","rule":"(#Days(0) { Tag(e) }) (#HoursOfDay(0) { Stunde(n) }) (#RoundedMinutesOfHour(0) { Minute(n)})"},{"id":"mobSignpostDestination","rule":"#String(0) ({ / } #String(1)) ({ / } #String(2)) ({ / } #String(3)) ({ / } #String(4))"},{"id":"mobStopSideLeft","rule":"{linken Seite}"},{"id":"mobStopSideRight","rule":"{rechten Seite}"},{"id":"mobCrossNames","rule":"#String(0)"},{"id":"mobLandmarkOnTheLeft","rule":"{links}"},{"id":"mobLandmarkOnTheRight","rule":"{rechts}"},{"id":"mobLandmarkOnTheFarLeft","rule":"{weiter links}"},{"id":"mobLandmarkOnTheFarRight","rule":"{weiter rechts}"},{"id":"mobLandmarkOnTheNearLeft","rule":"{unmittelbar links}"},{"id":"mobUnitMileSingular","rule":"{Meile}"},{"id":"mobUnitMilePlural","rule":"{Meilen}"},{"id":"mobUnitMileNeutral","rule":"{Meile(n)}"},{"id":"mobUnitKilometerPlural","rule":"{Kilometer}"},{"id":"mobUnitKilometerNeutral","rule":"{Kilometer}"},{"id":"mobUnitMeterSingular","rule":"{Meter}"},{"id":"mobUnitMeterPlural","rule":"{Meter}"},{"id":"mobUnitMeterNeutral","rule":"{Meter}"},{"id":"mobUnitFootSingular","rule":"{Fuß}"},{"id":"mobUnitFootPlural","rule":"{Fuß}"},{"id":"mobUnitFootNeutral","rule":"{Fuß}"},{"id":"mobUnitYardSingular","rule":"{Yard}"},{"id":"mobUnitYardPlural","rule":"{Yards}"},{"id":"mobUnitYardNeutral","rule":"{Yard(s)}"},{"id":"mobUnitNauticalNeutral","rule":"{nmi}"},{"id":"mobUnitSecondSingular","rule":"{Sekunde}"},{"id":"mobUnitSecondPlural","rule":"{Sekunden}"},{"id":"StopSummary","rule":"{Strecke: } #StopLength"},{"id":"StopStayTime","rule":"{Einsatzzeit: } #StopStayTime"},{"id":"StopFullTime","rule":"#StopFullTime"},{"id":"StopWaitTime","rule":"{Wartezeit: } #StopWaitTime"},{"id":"StopViolationTime","rule":"{Zeitverletzung: } #StopViolationTime"},{"id":"StopLength","rule":"#StopLength"},{"id":"mobDirectionDrive","rule":"{Fahren Sie} ({ } #ItemLength)"},{"id":"DirectionLength","rule":"#ItemLength"},{"id":"DirectionTime","rule":"#ItemTime"},{"id":"DirectionCumulativeLength","rule":"#CumulativeDistance"},{"id":"DirectionBranch","rule":"#Branch"},{"id":"DirectionCrossStreet","rule":"#CrossNames"},{"id":"DirectionExitName","rule":"#SignpostExit"},{"id":"mobDirectionAltNames","rule":"ALT_NAME"},{"id":"mobDirectionDayEnd","rule":"{Ende des Tages}"},{"id":"mobDirectionRestBreak","rule":"{ Ruhezeit}"},{"id":"mobDirectionAfterBreak","rule":"{Fahren Sie weiter} ({ auf } NAME)"},{"id":"mobEventLandmarkManeuverGuidance","rule":"{Führen Sie das Fahrmanöver aus } @@LandmarkPrepositionString(#LandmarkPreposition) { } #FirstUpper(#LandmarkName)"},{"id":"mobEventLandmarkPassageVerification","rule":"{Fahren Sie vorbei an} { } #LandmarkName ({. Das Objekt befindet sich } #LandmarkPosition)"}],"lookupMapping":[{"id":"ExitNumberString","value":[{"key":"1","value":"{ERSTE}"},{"key":"2","value":"{ZWEITE}"},{"key":"3","value":"{DRITTE}"},{"key":"4","value":"{VIERTE}"},{"key":"5","value":"{FÜNFTE}"},{"key":"6","value":"{SECHSTE}"},{"key":"7","value":"{SIEBTE}"},{"key":"8","value":"{ACHTE}"},{"key":"9","value":"{NEUNTE}"},{"key":"10","value":"{ZEHNTE}"}]},{"id":"LandmarkPrepositionString","value":[{"key":"AFTER","value":"{nach}"},{"key":"AT","value":"{bei}"},{"key":"BEFORE","value":"{vor}"},{"key":"ONTO","value":"{auf}"},{"key":"OVER","value":"{über}"},{"key":"PAST","value":"{hinter}"},{"key":"THROUGH","value":"{durch}"},{"key":"UNDER","value":"{unter}"},{"key":"BY","value":"{an}"},{"key":"NEAR","value":"{nahe}"}]}]}}}]}}