{"directions":{"settings":[{"style":{"id":"NA Navigation","language":{"id":"th","description":"ไทย","strings":[{"id":"mobManeuverHeader","rule":"{ออกจาก} ({ } #StopName)"},{"id":"mobAtExit","rule":"{ตรงทางออก } #SignpostExit { }"},{"id":"mobLandmarkOnTheNearRight","rule":"{ขวาแรกที่จะถึง}"},{"id":"mobManeuverFooter","rule":"{ถึง} ({ ที่ } #StopName) ({, ทางด้าน } #StopSide)"},{"id":"mobManeuverDepart","rule":"{ออกจาก} ({ } #StopName)"},{"id":"mobPathCurveActionMakeSharpRight","rule":"{เลี้ยวขวาทันที}"},{"id":"mobManeuverStopArrive","rule":"#FirstUpper((#StopArriveAction ({ } #Azimuth) ({ บน } NAME) ))"},{"id":"mobCrossingBorderTurnActionMakeSharpLeft","rule":"{เลี้ยวซ้ายทันที}"},{"id":"mobManeuverArrive","rule":"{ถึง} ({ ที่ } #StopName) ({, ทางด้าน} #StopSide)"},{"id":"mobAzimuthSW","rule":"{ตะวันตกเฉียงใต้}"},{"id":"mobManeuverUTurnViaRamp","rule":"#FirstUpper((#UTurnRampAction { กลับรถและกลับไป} ({ บน } NAME) ))"},{"id":"Names","rule":"NAME ({ (} ALT_NAME {)})"},{"id":"ManeuverFerry","rule":"{ใช้} ({ } @@Names) { ferry}"},{"id":"mobSkipHighwayRampActionBearLeft","rule":"{ชิดซ้ายเพื่อเข้าทางลาด}"},{"id":"mobManeuverAnyRoad","rule":"#FirstUpper(({ไป} ({ } #Azimuth) ({ บน } NAME) ({ toward } #CrossNames) ))"},{"id":"mobManeuverCrossingBorderFerry","rule":"#FirstUpper(( ({กำลังเข้า } CROSSADMINBORDER {. }) #FirstUpper(@mobAtExit #CrossingBorderFerryAction ({ บน} ({ } NAME ({ (} ALT_NAME {)})) { เรือ}) )))"},{"id":"mobManeuverFerryBypass","rule":"{อยู่บนเรือเป็นระยะเวลา} ({ } #ItemTime) ({ ~ } #ItemLength)"},{"id":"mobEndOfFerryActionGo","rule":"{ไป}"},{"id":"mobManeuverOntoHighway","rule":"#FirstUpper(( @mobAtExit #HighwayAction #Select(({ บน } #Branch), ({ บน } NAME)) ))"},{"id":"mobHighwayChanges","rule":"#FirstUpper(( @mobAtExit {road changes} #Select(({ ไปยัง } #Branch), ({ ไปยัง } NAME)) ))"},{"id":"mobStopArriveActionBack","rule":"{กลับไป}"},{"id":"mobSkipHighwayRampActionMakeSharpLeft","rule":"{เลี้ยวซ้ายทันทีเพื่อเข้าทางลาด}"},{"id":"mobCrossingBorderFerryActionBearRight","rule":"{ชิดขวา}"},{"id":"mobPathCurveActionBearLeft","rule":"{ชิดซ้าย}"},{"id":"mobLocalRoadActionMakeSharpRight","rule":"{เลี้ยวขวาทันที}"},{"id":"mobManeuverPathCurves","rule":"#FirstUpper(( @mobAtExit #PathCurveAction @mobAtIntersectionOrCrossNames ({ คงเส้นทาง } NAME) ))"},{"id":"mobLocalRoadActionTurnRight","rule":"{เลี้ยวขวา}"},{"id":"mobAzimuthS","rule":"{ใต้}"},{"id":"mobAtIntersectionOrCrossNames","rule":"#Select(@mobAtIntersectionNames, ({ ที่ } #CrossNames))"},{"id":"mobSkipHighwayRampActionTurnRight","rule":"{เลี้ยวขวาเพื่อเข้าทางลาด}"},{"id":"mobCrossingBorderTurnActionGo","rule":"{ไป}"},{"id":"mobSkipHighwayRampActionBearRight","rule":"{ชิดขวาเพื่อเข้าทางลาด}"},{"id":"mobManeuverSkipHighwayRamps","rule":"#FirstUpper(( @mobAtExit #SkipHighwayRampAction #Select(({ และไปที่ } #Branch), ({ และไปที่ } NAME)) ))"},{"id":"mobManeuverFork","rule":"#FirstUpper((#Select(@mobAtExit, {ที่แยก }) #ForkAction ({ } #ForkSide) #Select(({ บน } #Branch), ({ บน} NAME)) ))"},{"id":"mobStopTimeShort","rule":"{< 1 นาที}"},{"id":"mobAtIntersectionNames","rule":"{ ที่ } #Intersection(NAME) ({ (} #Intersection(ALT_NAME) {)})"},{"id":"mobManeuverTurnOntoLocalRoad","rule":"#FirstUpper(( @mobAtExit #LocalRoadAction @mobAtIntersectionNames ({ บน } NAME) ))"},{"id":"mobPathCurveActionContinue","rule":"{ต่อไป}"},{"id":"mobManeuverCrossingBorderTurn","rule":"#FirstUpper(( ({กำลังเข้า } CROSSADMINBORDER {. }) #FirstUpper(@mobAtExit #CrossingBorderTurnAction ({ บน } NAME) )))"},{"id":"mobManeuverCrossingBorder","rule":"{กำลังเข้า} ({ } CROSSADMINBORDER)"},{"id":"mobPathCurveActionTurnLeft","rule":"{เลี้ยวซ้าย}"},{"id":"mobManeuverUTurnViaRoundabout","rule":"@mobRoundaboutHeaderGoBack ({ บน } NAME)"},{"id":"mobManeuverRoadSplitToProceed","rule":"#FirstUpper( (@mobAtExit #RoadSplitActionToProceed ({ } #RoadSplitSideToProceed) { ไปต่อ} #Select(({ บน } #Branch), ({ บน } NAME))) ) "},{"id":"mobRoundaboutHeaderGoBack","rule":"#Select(({ที่วงเวียน, ใช้เส้นทาง} @@ExitNumberString(#ExitNumber) { ออกเพื่อกลับไป}), {ใช้วงเวียนเพื่อกลับไป})"},{"id":"mobUnitSecondNeutral","rule":"{วินาที}"},{"id":"mobManeuverUTurn","rule":"{กลับรถ} @mobAtIntersectionNames { และกลับไป} ({ บน} NAME)"},{"id":"mobManeuverFerry","rule":"{ใช้} ({ } NAME ({ (} ALT_NAME {)})) { เรือ}"},{"id":"mobLocalRoadActionContinue","rule":"{ต่อไป}"},{"id":"mobManeuverEndOfFerry","rule":"#FirstUpper(( @mobAtExit {ลงเรือ และ } #EndOfFerryAction #Select(({ บน } #Branch), ({ บน } NAME)) ))"},{"id":"mobManeuverRoadSplitToStay","rule":"#FirstUpper( (@mobAtExit #RoadSplitActionToStay ({ } #RoadSplitSideToStay) { คงเส้นทาง} #Select(({ บน} #Branch), ({ บน} NAME))) ) "},{"id":"mobUnitNauticalPlural","rule":"{ไมล์ทะเล}"},{"id":"mobManeuverStopOnRoundabout","rule":"{ใช้วงเวียน}"},{"id":"mobManeuverSkipRoundabout","rule":"@mobRoundaboutHeader @mobToProceed"},{"id":"mobRoundaboutHeader","rule":"#Select(({ที่วงเวียน, เข้าเส้นทาง } @@ExitNumberString(#ExitNumber) { ออก}), {ใช้วงเวียน})"},{"id":"mobPathCurveActionMakeSharpLeft","rule":"{เลี้ยวซ้ายทันที}"},{"id":"mobEndOfFerryActionTurnRight","rule":"{เลี้ยวขวา}"},{"id":"mobCrossingBorderFerryActionContinue","rule":"{ต่อไป}"},{"id":"DirectionToward","rule":"#Destination"},{"id":"mobToProceed","rule":"{ ไปต่อ} #Select(({บน } #Branch), ({ บน } NAME))"},{"id":"mobSkipHighwayRampActionTurnLeft","rule":"{เลี้ยวซ้ายเพื่อเข้าทางลาด}"},{"id":"mobSkipHighwayRampActionAtFork","rule":"#Select(#SkipHighwayRampActionAtFork, {ใช้ทางลาด})"},{"id":"mobManeuverSkipRoundaboutRamp","rule":"@mobRoundaboutHeader (#Select(({ ไปยัง } #Branch), ({ ไปยัง } NAME)) )"},{"id":"mobManeuverSkipSignpostRamps","rule":"#FirstUpper(( @mobAtExit #SkipSignpostRampAction #Select(({ ถึง } #Branch), ({ ถึง } NAME)) ))"},{"id":"mobAzimuthNE","rule":"{ตะวันออกเฉียงเหนือ}"},{"id":"mobAzimuthN","rule":"{เหนือ}"},{"id":"mobUnitNauticalSingular","rule":"{ไมล์ทะเล}"},{"id":"mobPathCurveActionBearRight","rule":"{ชิดขวา}"},{"id":"mobAzimuthE","rule":"{ตะวันออก}"},{"id":"mobAzimuthSE","rule":"{ตะวันออกเฉียงใต้}"},{"id":"mobCrossingBorderTurnActionBearRight","rule":"{ชิดขวา}"},{"id":"mobAzimuthW","rule":"{ตะวันตก}"},{"id":"mobAzimuthNW","rule":"{ตะวันตกเฉียงเหนือ}"},{"id":"mobPathCurveActionTurnRight","rule":"{เลี้ยวขวา}"},{"id":"mobLocalRoadActionBearRight","rule":"{ชิดขวา}"},{"id":"mobRoadSplitActionToProceedLeft","rule":"{ชิดซ้าย}"},{"id":"mobLocalRoadActionMakeSharpLeft","rule":"{เลี้ยวซ้ายทันที}"},{"id":"mobUTurnRampActionAtForkLeft","rule":"{เข้าทางลาดทางซ้าย}"},{"id":"mobLocalRoadActionTurnLeft","rule":"{เลี้ยวซ้าย}"},{"id":"mobLocalRoadActionBearLeft","rule":"{ชิดซ้าย}"},{"id":"mobLocalRoadActionGo","rule":"{ไป}"},{"id":"mobHighwayActionBearRight","rule":"{ชิดขวา}"},{"id":"mobSkipHighwayRampActionMakeSharpRight","rule":"{เลี้ยวขวาทันทีเพื่อเข้าทางลาด}"},{"id":"mobSkipHighwayRampActionTakeRamp","rule":"{ใช้ทางลาด}"},{"id":"mobSkipHighwayRampActionAtForkLeft","rule":"{เข้าทางลาดทางซ้าย}"},{"id":"mobSkipHighwayRampActionAtForkRight","rule":"{เข้าทางลาดทางขวา}"},{"id":"mobSkipSignpostRampActionAtFork","rule":"#Select(#SkipSignpostRampActionAtFork, {ใช้ทางลาด})"},{"id":"mobSkipSignpostRampActionBearRight","rule":"{ชิดขวาเพื่อเข้าทางลาด}"},{"id":"mobForkActionLeft","rule":"{ชิดซ้าย}"},{"id":"StopTimeWindow","rule":"{หน้าต่างเวลา: } #StopTimeWindowStart { - } #StopTimeWindowEnd"},{"id":"mobSkipSignpostRampActionTurnRight","rule":"{เลี้ยวขวาเพื่อเข้าทางลาด}"},{"id":"mobSkipSignpostRampActionMakeSharpRight","rule":"{เลี้ยวขวาทันทีเพื่อเข้าทางลาด}"},{"id":"mobSkipSignpostRampActionMakeSharpLeft","rule":"{เลี้ยวซ้ายทันทีเพื่อเข้าทางลาด}"},{"id":"mobSkipSignpostRampActionTurnLeft","rule":"{เลี้ยวซ้ายเพื่อเข้าทางลาด}"},{"id":"mobSkipSignpostRampActionBearLeft","rule":"{ชิดซ้ายเพื่อเข้าทางลาด}"},{"id":"mobSkipSignpostRampActionTakeRamp","rule":"{ใช้ทางลาด}"},{"id":"mobSkipSignpostRampActionAtForkLeft","rule":"{เข้าทางลาดทางซ้าย}"},{"id":"mobSkipSignpostRampActionAtForkRight","rule":"{เข้าทางลาดทางขวา}"},{"id":"mobUTurnRampActionFork","rule":"#Select(#UTurnRampActionAtFork, {ใช้ทางลาด})"},{"id":"mobUTurnRampActionBearRight","rule":"{ชิดขวาเพื่อเข้าทางลาด}"},{"id":"mobUTurnRampActionTurnRight","rule":"{เลี้ยวขวาเพื่อเข้าทางลาด}"},{"id":"mobUTurnRampActionMakeSharpRight","rule":"{เลี้ยวขวาทันทีเพื่อเข้าทางลาด}"},{"id":"mobUTurnRampActionMakeSharpLeft","rule":"{เลี้ยวซ้ายทันทีเพื่อเข้าทางลาด}"},{"id":"mobUTurnRampActionTurnLeft","rule":"{เลี้ยวซ้ายเพื่อเข้าทางลาด}"},{"id":"mobUTurnRampActionBearLeft","rule":"{ชิดซ้ายเพื่อเข้าทางลาด}"},{"id":"mobUTurnRampActionTakeRamp","rule":"{ใช้ทางลาด}"},{"id":"mobUTurnRampActionAtForkRight","rule":"{เข้าทางลาดทางขวา}"},{"id":"mobHighwayActionGo","rule":"{ไป}"},{"id":"DirectionStreet","rule":"NAME"},{"id":"mobHighwayActionTurnRight","rule":"{เลี้ยวขวา}"},{"id":"mobEndOfFerryActionBearRight","rule":"{ชิดขวา}"},{"id":"mobHighwayActionMakeSharpRight","rule":"{เลี้ยวขวาทันที}"},{"id":"mobHighwayActionMakeSharpLeft","rule":"{เลี้ยวซ้ายทันที}"},{"id":"mobHighwayActionTurnLeft","rule":"{เลี้ยวซ้าย}"},{"id":"mobHighwayActionBearLeft","rule":"{ชิดซ้าย}"},{"id":"mobEndOfFerryActionMakeSharpRight","rule":"{เลี้ยวขวาทันที}"},{"id":"mobEndOfFerryActionMakeSharpLeft","rule":"{เลี้ยวซ้ายทันที}"},{"id":"mobEndOfFerryActionTurnLeft","rule":"{เลี้ยวซ้าย}"},{"id":"mobEndOfFerryActionBearLeft","rule":"{ชิดซ้าย}"},{"id":"mobStopArriveActionContinue","rule":"{ไปต่อ}"},{"id":"DirectionETA","rule":"#ArriveTime"},{"id":"mobStopArriveActionGo","rule":"{ไป}"},{"id":"mobForkActionRight","rule":"{ชิดขวา}"},{"id":"mobForkActionStraight","rule":"{ไป}"},{"id":"mobForkSideLeft","rule":"{ซ้าย}"},{"id":"mobForkSideRight","rule":"{ขวา}"},{"id":"mobForkSideStraight","rule":"{ตรงไป}"},{"id":"mobRoadSplitActionToProceedRight","rule":"{ชิดขวา}"},{"id":"mobRoadSplitActionToProceedStraight","rule":"{ไป}"},{"id":"mobRoadSplitSideToProceedLeft","rule":"{ซ้าย}"},{"id":"mobRoadSplitSideToProceedRight","rule":"{ขวา}"},{"id":"mobRoadSplitSideToProceedStraight","rule":"{ตรงไป}"},{"id":"mobRoadSplitActionToStayLeft","rule":"{ชิดซ้าย}"},{"id":"mobRoadSplitActionToStayRight","rule":"{ชิดขวา}"},{"id":"mobRoadSplitActionToStayStraight","rule":"{ไป}"},{"id":"mobRoadSplitSideToStayLeft","rule":"{ซ้าย}"},{"id":"mobRoadSplitSideToStayRight","rule":"{ขวา}"},{"id":"mobRoadSplitSideToStayStraight","rule":"{ตรงไป}"},{"id":"mobCrossingBorderTurnActionContinue","rule":"{ต่อไป}"},{"id":"mobCrossingBorderTurnActionTurnRight","rule":"{เลี้ยวขวา}"},{"id":"mobCrossingBorderTurnActionMakeSharpRight","rule":"{เลี้ยวขวาทันที}"},{"id":"mobCrossingBorderTurnActionTurnLeft","rule":"{เลี้ยวซ้าย}"},{"id":"mobCrossingBorderTurnActionBearLeft","rule":"{ชิดซ้าย}"},{"id":"mobCrossingBorderFerryActionTurnRight","rule":"{เลี้ยวขวา}"},{"id":"mobCrossingBorderFerryActionMakeSharpRight","rule":"{เลี้ยวขวาทันที}"},{"id":"mobCrossingBorderFerryActionMakeSharpLeft","rule":"{เลี้ยวซ้ายทันที}"},{"id":"mobCrossingBorderFerryActionTurnLeft","rule":"{เลี้ยวซ้าย}"},{"id":"mobCrossingBorderFerryActionBearLeft","rule":"{ชิดซ้าย}"},{"id":"mobCrossingBorderFerryActionGo","rule":"{ไป}"},{"id":"mobDistanceShort","rule":"{< } #MinDistance(1) ({ } #DistanceUnits)"},{"id":"mobDistanceLong","rule":"#Distance(1) ({ } #DistanceUnits)"},{"id":"mobCumulativeDistanceLong","rule":"#Select(#Distance(1), {0}) ({ } #DistanceUnits)"},{"id":"mobTimeShort","rule":"{< 1 นาที}"},{"id":"mobTimeLong","rule":"(#TotalHours(0) { ชม. }) (#RoundedMinutesOfHour(0) { นาที})"},{"id":"mobStopTimeLong","rule":"(#TotalHours(0) { ชม.}) (#RoundedMinutesOfHour(0) { นาที})"},{"id":"mobTravelTimeShort","rule":"{< 1 นาที}"},{"id":"mobTravelTimeLong","rule":"(#Days(0) { วัน }) (#HoursOfDay(0) { ชม. }) (#RoundedMinutesOfHour(0) { นาที})"},{"id":"mobSignpostDestination","rule":"#String(0) ({ / } #String(1)) ({ / } #String(2)) ({ / } #String(3)) ({ / } #String(4))"},{"id":"mobStopSideLeft","rule":"{ซ้าย}"},{"id":"mobStopSideRight","rule":"{ขวา}"},{"id":"mobCrossNames","rule":"#String(0)"},{"id":"mobLandmarkOnTheLeft","rule":"{ซ้าย}"},{"id":"mobLandmarkOnTheRight","rule":"{ขวา}"},{"id":"mobLandmarkOnTheFarLeft","rule":"{ซ้ายสุด}"},{"id":"mobLandmarkOnTheFarRight","rule":"{ขวาสุด}"},{"id":"mobLandmarkOnTheNearLeft","rule":"{ซ้ายแรกที่จะถึง}"},{"id":"mobUnitMileSingular","rule":"{ไมล์}"},{"id":"mobUnitMilePlural","rule":"{ไมล์}"},{"id":"mobUnitMileNeutral","rule":"{ไมล์}"},{"id":"mobUnitKilometerSingular","rule":"{กิโลเมตร}"},{"id":"mobUnitKilometerPlural","rule":"{กิโลเมตร}"},{"id":"mobUnitKilometerNeutral","rule":"{กิโลเมตร}"},{"id":"mobUnitMeterSingular","rule":"{เมตร}"},{"id":"mobUnitMeterPlural","rule":"{เมตร}"},{"id":"mobUnitMeterNeutral","rule":"{เมตร}"},{"id":"mobUnitFootSingular","rule":"{ฟุต}"},{"id":"mobUnitFootPlural","rule":"{ฟุต}"},{"id":"mobUnitFootNeutral","rule":"{ฟุต}"},{"id":"mobUnitYardSingular","rule":"{ยาร์ด}"},{"id":"mobUnitYardPlural","rule":"{ยาร์ด}"},{"id":"mobUnitYardNeutral","rule":"{ยาร์ด}"},{"id":"mobUnitNauticalNeutral","rule":"{ไมล์ทะเล}"},{"id":"mobUnitSecondSingular","rule":"{วินาที}"},{"id":"mobUnitSecondPlural","rule":"{วินาที}"},{"id":"StopSummary","rule":"{ระยะทาง: } #StopLength"},{"id":"StopStayTime","rule":"{เวลาให้บริการ: } #StopStayTime"},{"id":"StopFullTime","rule":"#StopFullTime"},{"id":"StopWaitTime","rule":"{เวลารอ: } #StopWaitTime"},{"id":"StopViolationTime","rule":"{เวลาที่อยู่นอกเส้นทาง: } #StopViolationTime"},{"id":"StopLength","rule":"#StopLength"},{"id":"mobDirectionDrive","rule":"{ขับ} ({ } #ItemLength)"},{"id":"DirectionLength","rule":"#ItemLength"},{"id":"DirectionTime","rule":"#ItemTime"},{"id":"DirectionCumulativeLength","rule":"#CumulativeDistance"},{"id":"DirectionBranch","rule":"#Branch"},{"id":"DirectionCrossStreet","rule":"#CrossNames"},{"id":"DirectionExitName","rule":"#SignpostExit"},{"id":"mobDirectionAltNames","rule":"ALT_NAME"},{"id":"mobDirectionDayEnd","rule":"{หมดวัน}"},{"id":"mobDirectionRestBreak","rule":"{พัก}"},{"id":"mobDirectionAfterBreak","rule":"{อยู่} ({ บน } NAME)"},{"id":"mobEventLandmarkManeuverGuidance","rule":"{Make the maneuver } @@LandmarkPrepositionString(#LandmarkPreposition) { } #FirstUpper(#LandmarkName)"},{"id":"mobEventLandmarkPassageVerification","rule":"{ผ่าน } @@LandmarkPrepositionString(#LandmarkPreposition) { } #LandmarkName ({. จะอยู่ทาง } #LandmarkPosition)"}],"lookupMapping":[{"id":"ExitNumberString","value":[{"key":"1","value":"{1st}"},{"key":"2","value":"{2nd}"},{"key":"3","value":"{3rd}"},{"key":"4","value":"{4th}"},{"key":"5","value":"{5th}"},{"key":"6","value":"{6th}"},{"key":"7","value":"{7th}"},{"key":"8","value":"{8th}"},{"key":"9","value":"{9th}"},{"key":"10","value":"{10th}"}]},{"id":"LandmarkPrepositionString","value":[{"key":"AFTER","value":"{ข้างหลัง}"},{"key":"AT","value":"{ที่}"},{"key":"BEFORE","value":"{ก่อน}"},{"key":"ONTO","value":"{บน}"},{"key":"OVER","value":"{เหนือ}"},{"key":"PAST","value":"{past}"},{"key":"THROUGH","value":"{ผ่าน}"},{"key":"UNDER","value":"{ใต้}"},{"key":"BY","value":"{ด้วย}"},{"key":"NEAR","value":"{ใกล้}"}]}]}}}]}}