<?xml version="1.0" encoding="utf-8"?>
<merger version="3"><dataSet config="output$Generated" generated="true"><source path="/Users/14leec1/.android/build-cache/57def334159d96562289b7eda62f43c3e3b29859/output/res"/></dataSet><dataSet config="output$Generated" generated="true"><source path="/Users/14leec1/.android/build-cache/4b5eddb2641149791b29661ac50dd3641e198de9/output/res"/></dataSet><dataSet config="output$Generated" generated="true"><source path="/Users/14leec1/.android/build-cache/14005873a0c26112ef134c6d661fd00740cea857/output/res"/></dataSet><dataSet config="output$Generated" generated="true"><source path="/Users/14leec1/.android/build-cache/34517f75b1e94941ec68e91f021f550ff2de6c32/output/res"/></dataSet><dataSet config="output$Generated" generated="true"><source path="/Users/14leec1/.android/build-cache/aaceae30ad6b23535fc8600606194faaf5837fae/output/res"/></dataSet><dataSet config="output$Generated" generated="true"><source path="/Users/14leec1/.android/build-cache/afe360bf9f728d3566e533cd38a6a5a228163633/output/res"/></dataSet><dataSet config="main$Generated" generated="true"><source path="/Users/14leec1/AndroidStudioProjects/Civic-app-master/Sus/app/src/androidTest/res"/><source path="/Users/14leec1/AndroidStudioProjects/Civic-app-master/Sus/app/build/generated/res/rs/androidTest/debug"/><source path="/Users/14leec1/AndroidStudioProjects/Civic-app-master/Sus/app/build/generated/res/resValues/androidTest/debug"/></dataSet><dataSet config="output" from-dependency="true" generated-set="output$Generated"><source path="/Users/14leec1/.android/build-cache/57def334159d96562289b7eda62f43c3e3b29859/output/res"/></dataSet><dataSet config="output" from-dependency="true" generated-set="output$Generated"><source path="/Users/14leec1/.android/build-cache/4b5eddb2641149791b29661ac50dd3641e198de9/output/res"/></dataSet><dataSet config="output" from-dependency="true" generated-set="output$Generated"><source path="/Users/14leec1/.android/build-cache/14005873a0c26112ef134c6d661fd00740cea857/output/res"/></dataSet><dataSet config="output" from-dependency="true" generated-set="output$Generated"><source path="/Users/14leec1/.android/build-cache/34517f75b1e94941ec68e91f021f550ff2de6c32/output/res"><file path="/Users/14leec1/.android/build-cache/34517f75b1e94941ec68e91f021f550ff2de6c32/output/res/values/values.xml" qualifiers=""><string name="app_name">Test-api</string></file></source></dataSet><dataSet config="output" from-dependency="true" generated-set="output$Generated"><source path="/Users/14leec1/.android/build-cache/aaceae30ad6b23535fc8600606194faaf5837fae/output/res"/></dataSet><dataSet config="output" from-dependency="true" generated-set="output$Generated"><source path="/Users/14leec1/.android/build-cache/afe360bf9f728d3566e533cd38a6a5a228163633/output/res"/></dataSet><dataSet config="main" generated-set="main$Generated"><source path="/Users/14leec1/AndroidStudioProjects/Civic-app-master/Sus/app/src/androidTest/res"/><source path="/Users/14leec1/AndroidStudioProjects/Civic-app-master/Sus/app/build/generated/res/rs/androidTest/debug"/><source path="/Users/14leec1/AndroidStudioProjects/Civic-app-master/Sus/app/build/generated/res/resValues/androidTest/debug"/></dataSet><mergedItems/></merger>