[
    {
        "merged": "/Users/14leec1/AndroidStudioProjects/Civic-app-master/Sus/app/build/intermediates/res/merged/release/anim/abc_fade_in.xml",
        "source": "/Users/14leec1/.android/build-cache/afbe29f57f18bdcb21348ed524eb6be0cd8d61ae/output/res/anim/abc_fade_in.xml"
    },
    {
        "merged": "/Users/14leec1/AndroidStudioProjects/Civic-app-master/Sus/app/build/intermediates/res/merged/release/anim/abc_shrink_fade_out_from_bottom.xml",
        "source": "/Users/14leec1/.android/build-cache/afbe29f57f18bdcb21348ed524eb6be0cd8d61ae/output/res/anim/abc_shrink_fade_out_from_bottom.xml"
    },
    {
        "merged": "/Users/14leec1/AndroidStudioProjects/Civic-app-master/Sus/app/build/intermediates/res/merged/release/anim/abc_slide_out_bottom.xml",
        "source": "/Users/14leec1/.android/build-cache/afbe29f57f18bdcb21348ed524eb6be0cd8d61ae/output/res/anim/abc_slide_out_bottom.xml"
    },
    {
        "merged": "/Users/14leec1/AndroidStudioProjects/Civic-app-master/Sus/app/build/intermediates/res/merged/release/anim/design_fab_out.xml",
        "source": "/Users/14leec1/.android/build-cache/bfa06dfd7875fd24563ce0e815efe52af2e97d4d/output/res/anim/design_fab_out.xml"
    },
    {
        "merged": "/Users/14leec1/AndroidStudioProjects/Civic-app-master/Sus/app/build/intermediates/res/merged/release/anim/abc_slide_in_bottom.xml",
        "source": "/Users/14leec1/.android/build-cache/afbe29f57f18bdcb21348ed524eb6be0cd8d61ae/output/res/anim/abc_slide_in_bottom.xml"
    },
    {
        "merged": "/Users/14leec1/AndroidStudioProjects/Civic-app-master/Sus/app/build/intermediates/res/merged/release/anim/abc_grow_fade_in_from_bottom.xml",
        "source": "/Users/14leec1/.android/build-cache/afbe29f57f18bdcb21348ed524eb6be0cd8d61ae/output/res/anim/abc_grow_fade_in_from_bottom.xml"
    },
    {
        "merged": "/Users/14leec1/AndroidStudioProjects/Civic-app-master/Sus/app/build/intermediates/res/merged/release/anim/abc_popup_enter.xml",
        "source": "/Users/14leec1/.android/build-cache/afbe29f57f18bdcb21348ed524eb6be0cd8d61ae/output/res/anim/abc_popup_enter.xml"
    },
    {
        "merged": "/Users/14leec1/AndroidStudioProjects/Civic-app-master/Sus/app/build/intermediates/res/merged/release/anim/abc_slide_in_top.xml",
        "source": "/Users/14leec1/.android/build-cache/afbe29f57f18bdcb21348ed524eb6be0cd8d61ae/output/res/anim/abc_slide_in_top.xml"
    },
    {
        "merged": "/Users/14leec1/AndroidStudioProjects/Civic-app-master/Sus/app/build/intermediates/res/merged/release/anim/abc_popup_exit.xml",
        "source": "/Users/14leec1/.android/build-cache/afbe29f57f18bdcb21348ed524eb6be0cd8d61ae/output/res/anim/abc_popup_exit.xml"
    },
    {
        "merged": "/Users/14leec1/AndroidStudioProjects/Civic-app-master/Sus/app/build/intermediates/res/merged/release/anim/design_bottom_sheet_slide_in.xml",
        "source": "/Users/14leec1/.android/build-cache/bfa06dfd7875fd24563ce0e815efe52af2e97d4d/output/res/anim/design_bottom_sheet_slide_in.xml"
    },
    {
        "merged": "/Users/14leec1/AndroidStudioProjects/Civic-app-master/Sus/app/build/intermediates/res/merged/release/anim/abc_fade_out.xml",
        "source": "/Users/14leec1/.android/build-cache/afbe29f57f18bdcb21348ed524eb6be0cd8d61ae/output/res/anim/abc_fade_out.xml"
    },
    {
        "merged": "/Users/14leec1/AndroidStudioProjects/Civic-app-master/Sus/app/build/intermediates/res/merged/release/anim/abc_slide_out_top.xml",
        "source": "/Users/14leec1/.android/build-cache/afbe29f57f18bdcb21348ed524eb6be0cd8d61ae/output/res/anim/abc_slide_out_top.xml"
    },
    {
        "merged": "/Users/14leec1/AndroidStudioProjects/Civic-app-master/Sus/app/build/intermediates/res/merged/release/anim/design_snackbar_out.xml",
        "source": "/Users/14leec1/.android/build-cache/bfa06dfd7875fd24563ce0e815efe52af2e97d4d/output/res/anim/design_snackbar_out.xml"
    },
    {
        "merged": "/Users/14leec1/AndroidStudioProjects/Civic-app-master/Sus/app/build/intermediates/res/merged/release/anim/design_fab_in.xml",
        "source": "/Users/14leec1/.android/build-cache/bfa06dfd7875fd24563ce0e815efe52af2e97d4d/output/res/anim/design_fab_in.xml"
    },
    {
        "merged": "/Users/14leec1/AndroidStudioProjects/Civic-app-master/Sus/app/build/intermediates/res/merged/release/anim/design_snackbar_in.xml",
        "source": "/Users/14leec1/.android/build-cache/bfa06dfd7875fd24563ce0e815efe52af2e97d4d/output/res/anim/design_snackbar_in.xml"
    },
    {
        "merged": "/Users/14leec1/AndroidStudioProjects/Civic-app-master/Sus/app/build/intermediates/res/merged/release/anim/design_bottom_sheet_slide_out.xml",
        "source": "/Users/14leec1/.android/build-cache/bfa06dfd7875fd24563ce0e815efe52af2e97d4d/output/res/anim/design_bottom_sheet_slide_out.xml"
    }
]