[
    {
        "merged": "/Users/14leec1/AndroidStudioProjects/Civic-app-master/Sus/app/build/intermediates/res/merged/release/drawable/common_google_signin_btn_icon_dark.xml",
        "source": "/Users/14leec1/.android/build-cache/0ad8bc32b47bd9b6a107e4fb2661747d1c54541f/output/res/drawable/common_google_signin_btn_icon_dark.xml"
    },
    {
        "merged": "/Users/14leec1/AndroidStudioProjects/Civic-app-master/Sus/app/build/intermediates/res/merged/release/drawable/cast_ic_mini_controller_play.xml",
        "source": "/Users/14leec1/.android/build-cache/2b062dea4163f5d3e442202215294cce30d220df/output/res/drawable/cast_ic_mini_controller_play.xml"
    },
    {
        "merged": "/Users/14leec1/AndroidStudioProjects/Civic-app-master/Sus/app/build/intermediates/res/merged/release/drawable/abc_btn_check_material.xml",
        "source": "/Users/14leec1/.android/build-cache/afbe29f57f18bdcb21348ed524eb6be0cd8d61ae/output/res/drawable/abc_btn_check_material.xml"
    },
    {
        "merged": "/Users/14leec1/AndroidStudioProjects/Civic-app-master/Sus/app/build/intermediates/res/merged/release/drawable/cast_ic_mini_controller_skip_next.xml",
        "source": "/Users/14leec1/.android/build-cache/2b062dea4163f5d3e442202215294cce30d220df/output/res/drawable/cast_ic_mini_controller_skip_next.xml"
    },
    {
        "merged": "/Users/14leec1/AndroidStudioProjects/Civic-app-master/Sus/app/build/intermediates/res/merged/release/drawable/mr_ic_cast_dark.xml",
        "source": "/Users/14leec1/.android/build-cache/6303f2447d0b215c6c4fc6a0803a9d4ab2d6ea3c/output/res/drawable/mr_ic_cast_dark.xml"
    },
    {
        "merged": "/Users/14leec1/AndroidStudioProjects/Civic-app-master/Sus/app/build/intermediates/res/merged/release/drawable/cast_ic_expanded_controller_skip_previous.xml",
        "source": "/Users/14leec1/.android/build-cache/2b062dea4163f5d3e442202215294cce30d220df/output/res/drawable/cast_ic_expanded_controller_skip_previous.xml"
    },
    {
        "merged": "/Users/14leec1/AndroidStudioProjects/Civic-app-master/Sus/app/build/intermediates/res/merged/release/drawable/abc_item_background_holo_dark.xml",
        "source": "/Users/14leec1/.android/build-cache/afbe29f57f18bdcb21348ed524eb6be0cd8d61ae/output/res/drawable/abc_item_background_holo_dark.xml"
    },
    {
        "merged": "/Users/14leec1/AndroidStudioProjects/Civic-app-master/Sus/app/build/intermediates/res/merged/release/drawable/com_facebook_send_button_icon.xml",
        "source": "/Users/14leec1/.android/build-cache/e7c3fb2fae2087caad0ff0f902c7d6c404f266fd/output/res/drawable/com_facebook_send_button_icon.xml"
    },
    {
        "merged": "/Users/14leec1/AndroidStudioProjects/Civic-app-master/Sus/app/build/intermediates/res/merged/release/drawable/locationdisplaynavigation.9.png",
        "source": "/Users/14leec1/AndroidStudioProjects/Civic-app-master/Sus/app/src/main/res/drawable/locationdisplaynavigation.9.png"
    },
    {
        "merged": "/Users/14leec1/AndroidStudioProjects/Civic-app-master/Sus/app/build/intermediates/res/merged/release/drawable/abc_cab_background_internal_bg.xml",
        "source": "/Users/14leec1/.android/build-cache/afbe29f57f18bdcb21348ed524eb6be0cd8d61ae/output/res/drawable/abc_cab_background_internal_bg.xml"
    },
    {
        "merged": "/Users/14leec1/AndroidStudioProjects/Civic-app-master/Sus/app/build/intermediates/res/merged/release/drawable/cast_ic_mini_controller_play_large.xml",
        "source": "/Users/14leec1/.android/build-cache/2b062dea4163f5d3e442202215294cce30d220df/output/res/drawable/cast_ic_mini_controller_play_large.xml"
    },
    {
        "merged": "/Users/14leec1/AndroidStudioProjects/Civic-app-master/Sus/app/build/intermediates/res/merged/release/drawable/common_google_signin_btn_icon_dark_focused.xml",
        "source": "/Users/14leec1/.android/build-cache/0ad8bc32b47bd9b6a107e4fb2661747d1c54541f/output/res/drawable/common_google_signin_btn_icon_dark_focused.xml"
    },
    {
        "merged": "/Users/14leec1/AndroidStudioProjects/Civic-app-master/Sus/app/build/intermediates/res/merged/release/drawable/cast_ic_notification_pause.xml",
        "source": "/Users/14leec1/.android/build-cache/2b062dea4163f5d3e442202215294cce30d220df/output/res/drawable/cast_ic_notification_pause.xml"
    },
    {
        "merged": "/Users/14leec1/AndroidStudioProjects/Civic-app-master/Sus/app/build/intermediates/res/merged/release/drawable/mr_ic_media_route_connecting_dark.xml",
        "source": "/Users/14leec1/.android/build-cache/6303f2447d0b215c6c4fc6a0803a9d4ab2d6ea3c/output/res/drawable/mr_ic_media_route_connecting_dark.xml"
    },
    {
        "merged": "/Users/14leec1/AndroidStudioProjects/Civic-app-master/Sus/app/build/intermediates/res/merged/release/drawable/abc_item_background_holo_light.xml",
        "source": "/Users/14leec1/.android/build-cache/afbe29f57f18bdcb21348ed524eb6be0cd8d61ae/output/res/drawable/abc_item_background_holo_light.xml"
    },
    {
        "merged": "/Users/14leec1/AndroidStudioProjects/Civic-app-master/Sus/app/build/intermediates/res/merged/release/drawable/abc_switch_thumb_material.xml",
        "source": "/Users/14leec1/.android/build-cache/afbe29f57f18bdcb21348ed524eb6be0cd8d61ae/output/res/drawable/abc_switch_thumb_material.xml"
    },
    {
        "merged": "/Users/14leec1/AndroidStudioProjects/Civic-app-master/Sus/app/build/intermediates/res/merged/release/drawable/mr_ic_pause_light.xml",
        "source": "/Users/14leec1/.android/build-cache/6303f2447d0b215c6c4fc6a0803a9d4ab2d6ea3c/output/res/drawable/mr_ic_pause_light.xml"
    },
    {
        "merged": "/Users/14leec1/AndroidStudioProjects/Civic-app-master/Sus/app/build/intermediates/res/merged/release/drawable/messenger_button_blue_bg_round.xml",
        "source": "/Users/14leec1/.android/build-cache/e7c3fb2fae2087caad0ff0f902c7d6c404f266fd/output/res/drawable/messenger_button_blue_bg_round.xml"
    },
    {
        "merged": "/Users/14leec1/AndroidStudioProjects/Civic-app-master/Sus/app/build/intermediates/res/merged/release/drawable/ic_fab_add.png",
        "source": "/Users/14leec1/AndroidStudioProjects/Civic-app-master/Sus/app/src/main/res/drawable/ic_fab_add.png"
    },
    {
        "merged": "/Users/14leec1/AndroidStudioProjects/Civic-app-master/Sus/app/build/intermediates/res/merged/release/drawable/common_google_signin_btn_text_dark_focused.xml",
        "source": "/Users/14leec1/.android/build-cache/0ad8bc32b47bd9b6a107e4fb2661747d1c54541f/output/res/drawable/common_google_signin_btn_text_dark_focused.xml"
    },
    {
        "merged": "/Users/14leec1/AndroidStudioProjects/Civic-app-master/Sus/app/build/intermediates/res/merged/release/drawable/ic_destination.png",
        "source": "/Users/14leec1/AndroidStudioProjects/Civic-app-master/Sus/app/src/main/res/drawable/ic_destination.png"
    },
    {
        "merged": "/Users/14leec1/AndroidStudioProjects/Civic-app-master/Sus/app/build/intermediates/res/merged/release/drawable/locationdisplayon.9.png",
        "source": "/Users/14leec1/AndroidStudioProjects/Civic-app-master/Sus/app/src/main/res/drawable/locationdisplayon.9.png"
    },
    {
        "merged": "/Users/14leec1/AndroidStudioProjects/Civic-app-master/Sus/app/build/intermediates/res/merged/release/drawable/cast_mini_controller_progress_drawable.xml",
        "source": "/Users/14leec1/.android/build-cache/2b062dea4163f5d3e442202215294cce30d220df/output/res/drawable/cast_mini_controller_progress_drawable.xml"
    },
    {
        "merged": "/Users/14leec1/AndroidStudioProjects/Civic-app-master/Sus/app/build/intermediates/res/merged/release/drawable/mr_ic_close_light.xml",
        "source": "/Users/14leec1/.android/build-cache/6303f2447d0b215c6c4fc6a0803a9d4ab2d6ea3c/output/res/drawable/mr_ic_close_light.xml"
    },
    {
        "merged": "/Users/14leec1/AndroidStudioProjects/Civic-app-master/Sus/app/build/intermediates/res/merged/release/drawable/messenger_button_blue_bg_selector.xml",
        "source": "/Users/14leec1/.android/build-cache/e7c3fb2fae2087caad0ff0f902c7d6c404f266fd/output/res/drawable/messenger_button_blue_bg_selector.xml"
    },
    {
        "merged": "/Users/14leec1/AndroidStudioProjects/Civic-app-master/Sus/app/build/intermediates/res/merged/release/drawable/cast_ic_expanded_controller_forward30.xml",
        "source": "/Users/14leec1/.android/build-cache/2b062dea4163f5d3e442202215294cce30d220df/output/res/drawable/cast_ic_expanded_controller_forward30.xml"
    },
    {
        "merged": "/Users/14leec1/AndroidStudioProjects/Civic-app-master/Sus/app/build/intermediates/res/merged/release/drawable/com_facebook_button_icon.xml",
        "source": "/Users/14leec1/.android/build-cache/e7c3fb2fae2087caad0ff0f902c7d6c404f266fd/output/res/drawable/com_facebook_button_icon.xml"
    },
    {
        "merged": "/Users/14leec1/AndroidStudioProjects/Civic-app-master/Sus/app/build/intermediates/res/merged/release/drawable/design_fab_background.xml",
        "source": "/Users/14leec1/.android/build-cache/bfa06dfd7875fd24563ce0e815efe52af2e97d4d/output/res/drawable/design_fab_background.xml"
    },
    {
        "merged": "/Users/14leec1/AndroidStudioProjects/Civic-app-master/Sus/app/build/intermediates/res/merged/release/drawable/mr_dialog_material_background_light.xml",
        "source": "/Users/14leec1/.android/build-cache/6303f2447d0b215c6c4fc6a0803a9d4ab2d6ea3c/output/res/drawable/mr_dialog_material_background_light.xml"
    },
    {
        "merged": "/Users/14leec1/AndroidStudioProjects/Civic-app-master/Sus/app/build/intermediates/res/merged/release/drawable/abc_btn_default_mtrl_shape.xml",
        "source": "/Users/14leec1/.android/build-cache/afbe29f57f18bdcb21348ed524eb6be0cd8d61ae/output/res/drawable/abc_btn_default_mtrl_shape.xml"
    },
    {
        "merged": "/Users/14leec1/AndroidStudioProjects/Civic-app-master/Sus/app/build/intermediates/res/merged/release/drawable/com_facebook_button_background.xml",
        "source": "/Users/14leec1/.android/build-cache/e7c3fb2fae2087caad0ff0f902c7d6c404f266fd/output/res/drawable/com_facebook_button_background.xml"
    },
    {
        "merged": "/Users/14leec1/AndroidStudioProjects/Civic-app-master/Sus/app/build/intermediates/res/merged/release/drawable/abc_btn_borderless_material.xml",
        "source": "/Users/14leec1/.android/build-cache/afbe29f57f18bdcb21348ed524eb6be0cd8d61ae/output/res/drawable/abc_btn_borderless_material.xml"
    },
    {
        "merged": "/Users/14leec1/AndroidStudioProjects/Civic-app-master/Sus/app/build/intermediates/res/merged/release/drawable/abc_edit_text_material.xml",
        "source": "/Users/14leec1/.android/build-cache/afbe29f57f18bdcb21348ed524eb6be0cd8d61ae/output/res/drawable/abc_edit_text_material.xml"
    },
    {
        "merged": "/Users/14leec1/AndroidStudioProjects/Civic-app-master/Sus/app/build/intermediates/res/merged/release/drawable/human.png",
        "source": "/Users/14leec1/AndroidStudioProjects/Civic-app-master/Sus/app/src/main/res/drawable/human.png"
    },
    {
        "merged": "/Users/14leec1/AndroidStudioProjects/Civic-app-master/Sus/app/build/intermediates/res/merged/release/drawable/cast_skip_ad_label_border.xml",
        "source": "/Users/14leec1/.android/build-cache/2b062dea4163f5d3e442202215294cce30d220df/output/res/drawable/cast_skip_ad_label_border.xml"
    },
    {
        "merged": "/Users/14leec1/AndroidStudioProjects/Civic-app-master/Sus/app/build/intermediates/res/merged/release/drawable/cast_expanded_controller_bg_gradient_light.xml",
        "source": "/Users/14leec1/.android/build-cache/2b062dea4163f5d3e442202215294cce30d220df/output/res/drawable/cast_expanded_controller_bg_gradient_light.xml"
    },
    {
        "merged": "/Users/14leec1/AndroidStudioProjects/Civic-app-master/Sus/app/build/intermediates/res/merged/release/drawable/notification_icon_background.xml",
        "source": "/Users/14leec1/.android/build-cache/afbe29f57f18bdcb21348ed524eb6be0cd8d61ae/output/res/drawable/notification_icon_background.xml"
    },
    {
        "merged": "/Users/14leec1/AndroidStudioProjects/Civic-app-master/Sus/app/build/intermediates/res/merged/release/drawable/cast_ic_expanded_controller_mute.xml",
        "source": "/Users/14leec1/.android/build-cache/2b062dea4163f5d3e442202215294cce30d220df/output/res/drawable/cast_ic_expanded_controller_mute.xml"
    },
    {
        "merged": "/Users/14leec1/AndroidStudioProjects/Civic-app-master/Sus/app/build/intermediates/res/merged/release/drawable/mr_ic_media_route_connecting_light.xml",
        "source": "/Users/14leec1/.android/build-cache/6303f2447d0b215c6c4fc6a0803a9d4ab2d6ea3c/output/res/drawable/mr_ic_media_route_connecting_light.xml"
    },
    {
        "merged": "/Users/14leec1/AndroidStudioProjects/Civic-app-master/Sus/app/build/intermediates/res/merged/release/drawable/bg2.jpg",
        "source": "/Users/14leec1/AndroidStudioProjects/Civic-app-master/Sus/app/src/main/res/drawable/bg2.jpg"
    },
    {
        "merged": "/Users/14leec1/AndroidStudioProjects/Civic-app-master/Sus/app/build/intermediates/res/merged/release/drawable/abc_seekbar_track_material.xml",
        "source": "/Users/14leec1/.android/build-cache/afbe29f57f18bdcb21348ed524eb6be0cd8d61ae/output/res/drawable/abc_seekbar_track_material.xml"
    },
    {
        "merged": "/Users/14leec1/AndroidStudioProjects/Civic-app-master/Sus/app/build/intermediates/res/merged/release/drawable/cast_ic_mini_controller_mute.xml",
        "source": "/Users/14leec1/.android/build-cache/2b062dea4163f5d3e442202215294cce30d220df/output/res/drawable/cast_ic_mini_controller_mute.xml"
    },
    {
        "merged": "/Users/14leec1/AndroidStudioProjects/Civic-app-master/Sus/app/build/intermediates/res/merged/release/drawable/arcgisruntime_mapview_esribanner_bgcolor.xml",
        "source": "/Users/14leec1/.android/build-cache/777b6db744ffb190fed99248bbdee40a97ea2e56/output/res/drawable/arcgisruntime_mapview_esribanner_bgcolor.xml"
    },
    {
        "merged": "/Users/14leec1/AndroidStudioProjects/Civic-app-master/Sus/app/build/intermediates/res/merged/release/drawable/com_facebook_auth_dialog_cancel_background.xml",
        "source": "/Users/14leec1/.android/build-cache/e7c3fb2fae2087caad0ff0f902c7d6c404f266fd/output/res/drawable/com_facebook_auth_dialog_cancel_background.xml"
    },
    {
        "merged": "/Users/14leec1/AndroidStudioProjects/Civic-app-master/Sus/app/build/intermediates/res/merged/release/drawable/mr_ic_cast_light.xml",
        "source": "/Users/14leec1/.android/build-cache/6303f2447d0b215c6c4fc6a0803a9d4ab2d6ea3c/output/res/drawable/mr_ic_cast_light.xml"
    },
    {
        "merged": "/Users/14leec1/AndroidStudioProjects/Civic-app-master/Sus/app/build/intermediates/res/merged/release/drawable/mr_ic_media_route_on_dark.xml",
        "source": "/Users/14leec1/.android/build-cache/6303f2447d0b215c6c4fc6a0803a9d4ab2d6ea3c/output/res/drawable/mr_ic_media_route_on_dark.xml"
    },
    {
        "merged": "/Users/14leec1/AndroidStudioProjects/Civic-app-master/Sus/app/build/intermediates/res/merged/release/drawable/mr_dialog_material_background_dark.xml",
        "source": "/Users/14leec1/.android/build-cache/6303f2447d0b215c6c4fc6a0803a9d4ab2d6ea3c/output/res/drawable/mr_dialog_material_background_dark.xml"
    },
    {
        "merged": "/Users/14leec1/AndroidStudioProjects/Civic-app-master/Sus/app/build/intermediates/res/merged/release/drawable/cast_expanded_controller_seekbar_thumb.xml",
        "source": "/Users/14leec1/.android/build-cache/2b062dea4163f5d3e442202215294cce30d220df/output/res/drawable/cast_expanded_controller_seekbar_thumb.xml"
    },
    {
        "merged": "/Users/14leec1/AndroidStudioProjects/Civic-app-master/Sus/app/build/intermediates/res/merged/release/drawable/cast_ic_expanded_controller_closed_caption.xml",
        "source": "/Users/14leec1/.android/build-cache/2b062dea4163f5d3e442202215294cce30d220df/output/res/drawable/cast_ic_expanded_controller_closed_caption.xml"
    },
    {
        "merged": "/Users/14leec1/AndroidStudioProjects/Civic-app-master/Sus/app/build/intermediates/res/merged/release/drawable/ic_expand.xml",
        "source": "/Users/14leec1/.android/build-cache/6303f2447d0b215c6c4fc6a0803a9d4ab2d6ea3c/output/res/drawable/ic_expand.xml"
    },
    {
        "merged": "/Users/14leec1/AndroidStudioProjects/Civic-app-master/Sus/app/build/intermediates/res/merged/release/drawable/abc_cab_background_top_material.xml",
        "source": "/Users/14leec1/.android/build-cache/afbe29f57f18bdcb21348ed524eb6be0cd8d61ae/output/res/drawable/abc_cab_background_top_material.xml"
    },
    {
        "merged": "/Users/14leec1/AndroidStudioProjects/Civic-app-master/Sus/app/build/intermediates/res/merged/release/drawable/cast_ic_notification_rewind10.xml",
        "source": "/Users/14leec1/.android/build-cache/2b062dea4163f5d3e442202215294cce30d220df/output/res/drawable/cast_ic_notification_rewind10.xml"
    },
    {
        "merged": "/Users/14leec1/AndroidStudioProjects/Civic-app-master/Sus/app/build/intermediates/res/merged/release/drawable/cast_ic_expanded_controller_pause.xml",
        "source": "/Users/14leec1/.android/build-cache/2b062dea4163f5d3e442202215294cce30d220df/output/res/drawable/cast_ic_expanded_controller_pause.xml"
    },
    {
        "merged": "/Users/14leec1/AndroidStudioProjects/Civic-app-master/Sus/app/build/intermediates/res/merged/release/drawable/abc_ic_go_search_api_material.xml",
        "source": "/Users/14leec1/.android/build-cache/afbe29f57f18bdcb21348ed524eb6be0cd8d61ae/output/res/drawable/abc_ic_go_search_api_material.xml"
    },
    {
        "merged": "/Users/14leec1/AndroidStudioProjects/Civic-app-master/Sus/app/build/intermediates/res/merged/release/drawable/abc_ic_search_api_material.xml",
        "source": "/Users/14leec1/.android/build-cache/afbe29f57f18bdcb21348ed524eb6be0cd8d61ae/output/res/drawable/abc_ic_search_api_material.xml"
    },
    {
        "merged": "/Users/14leec1/AndroidStudioProjects/Civic-app-master/Sus/app/build/intermediates/res/merged/release/drawable/com_facebook_favicon_blue.xml",
        "source": "/Users/14leec1/.android/build-cache/e7c3fb2fae2087caad0ff0f902c7d6c404f266fd/output/res/drawable/com_facebook_favicon_blue.xml"
    },
    {
        "merged": "/Users/14leec1/AndroidStudioProjects/Civic-app-master/Sus/app/build/intermediates/res/merged/release/drawable/cast_ic_notification_connecting.xml",
        "source": "/Users/14leec1/.android/build-cache/6fddc1117dca319301a0674abde2855c6ffec5b8/output/res/drawable/cast_ic_notification_connecting.xml"
    },
    {
        "merged": "/Users/14leec1/AndroidStudioProjects/Civic-app-master/Sus/app/build/intermediates/res/merged/release/drawable/notification_bg_low.xml",
        "source": "/Users/14leec1/.android/build-cache/afbe29f57f18bdcb21348ed524eb6be0cd8d61ae/output/res/drawable/notification_bg_low.xml"
    },
    {
        "merged": "/Users/14leec1/AndroidStudioProjects/Civic-app-master/Sus/app/build/intermediates/res/merged/release/drawable/abc_spinner_textfield_background_material.xml",
        "source": "/Users/14leec1/.android/build-cache/afbe29f57f18bdcb21348ed524eb6be0cd8d61ae/output/res/drawable/abc_spinner_textfield_background_material.xml"
    },
    {
        "merged": "/Users/14leec1/AndroidStudioProjects/Civic-app-master/Sus/app/build/intermediates/res/merged/release/drawable/notification_bg.xml",
        "source": "/Users/14leec1/.android/build-cache/afbe29f57f18bdcb21348ed524eb6be0cd8d61ae/output/res/drawable/notification_bg.xml"
    },
    {
        "merged": "/Users/14leec1/AndroidStudioProjects/Civic-app-master/Sus/app/build/intermediates/res/merged/release/drawable/abc_dialog_material_background.xml",
        "source": "/Users/14leec1/.android/build-cache/afbe29f57f18bdcb21348ed524eb6be0cd8d61ae/output/res/drawable/abc_dialog_material_background.xml"
    },
    {
        "merged": "/Users/14leec1/AndroidStudioProjects/Civic-app-master/Sus/app/build/intermediates/res/merged/release/drawable/messenger_button_white_bg_round.xml",
        "source": "/Users/14leec1/.android/build-cache/e7c3fb2fae2087caad0ff0f902c7d6c404f266fd/output/res/drawable/messenger_button_white_bg_round.xml"
    },
    {
        "merged": "/Users/14leec1/AndroidStudioProjects/Civic-app-master/Sus/app/build/intermediates/res/merged/release/drawable/com_facebook_button_login_logo.xml",
        "source": "/Users/14leec1/.android/build-cache/e7c3fb2fae2087caad0ff0f902c7d6c404f266fd/output/res/drawable/com_facebook_button_login_logo.xml"
    },
    {
        "merged": "/Users/14leec1/AndroidStudioProjects/Civic-app-master/Sus/app/build/intermediates/res/merged/release/drawable/cast_mini_controller_gradient_light.xml",
        "source": "/Users/14leec1/.android/build-cache/2b062dea4163f5d3e442202215294cce30d220df/output/res/drawable/cast_mini_controller_gradient_light.xml"
    },
    {
        "merged": "/Users/14leec1/AndroidStudioProjects/Civic-app-master/Sus/app/build/intermediates/res/merged/release/drawable/cast_ic_notification_rewind.xml",
        "source": "/Users/14leec1/.android/build-cache/2b062dea4163f5d3e442202215294cce30d220df/output/res/drawable/cast_ic_notification_rewind.xml"
    },
    {
        "merged": "/Users/14leec1/AndroidStudioProjects/Civic-app-master/Sus/app/build/intermediates/res/merged/release/drawable/design_snackbar_background.xml",
        "source": "/Users/14leec1/.android/build-cache/bfa06dfd7875fd24563ce0e815efe52af2e97d4d/output/res/drawable/design_snackbar_background.xml"
    },
    {
        "merged": "/Users/14leec1/AndroidStudioProjects/Civic-app-master/Sus/app/build/intermediates/res/merged/release/drawable/abc_btn_radio_material.xml",
        "source": "/Users/14leec1/.android/build-cache/afbe29f57f18bdcb21348ed524eb6be0cd8d61ae/output/res/drawable/abc_btn_radio_material.xml"
    },
    {
        "merged": "/Users/14leec1/AndroidStudioProjects/Civic-app-master/Sus/app/build/intermediates/res/merged/release/drawable/common_google_signin_btn_text_light.xml",
        "source": "/Users/14leec1/.android/build-cache/0ad8bc32b47bd9b6a107e4fb2661747d1c54541f/output/res/drawable/common_google_signin_btn_text_light.xml"
    },
    {
        "merged": "/Users/14leec1/AndroidStudioProjects/Civic-app-master/Sus/app/build/intermediates/res/merged/release/drawable/abc_seekbar_thumb_material.xml",
        "source": "/Users/14leec1/.android/build-cache/afbe29f57f18bdcb21348ed524eb6be0cd8d61ae/output/res/drawable/abc_seekbar_thumb_material.xml"
    },
    {
        "merged": "/Users/14leec1/AndroidStudioProjects/Civic-app-master/Sus/app/build/intermediates/res/merged/release/drawable/cast_ic_notification_forward30.xml",
        "source": "/Users/14leec1/.android/build-cache/2b062dea4163f5d3e442202215294cce30d220df/output/res/drawable/cast_ic_notification_forward30.xml"
    },
    {
        "merged": "/Users/14leec1/AndroidStudioProjects/Civic-app-master/Sus/app/build/intermediates/res/merged/release/drawable/abc_textfield_search_material.xml",
        "source": "/Users/14leec1/.android/build-cache/afbe29f57f18bdcb21348ed524eb6be0cd8d61ae/output/res/drawable/abc_textfield_search_material.xml"
    },
    {
        "merged": "/Users/14leec1/AndroidStudioProjects/Civic-app-master/Sus/app/build/intermediates/res/merged/release/drawable/cast_ic_notification_play.xml",
        "source": "/Users/14leec1/.android/build-cache/2b062dea4163f5d3e442202215294cce30d220df/output/res/drawable/cast_ic_notification_play.xml"
    },
    {
        "merged": "/Users/14leec1/AndroidStudioProjects/Civic-app-master/Sus/app/build/intermediates/res/merged/release/drawable/ic_collapse.xml",
        "source": "/Users/14leec1/.android/build-cache/6303f2447d0b215c6c4fc6a0803a9d4ab2d6ea3c/output/res/drawable/ic_collapse.xml"
    },
    {
        "merged": "/Users/14leec1/AndroidStudioProjects/Civic-app-master/Sus/app/build/intermediates/res/merged/release/drawable/abc_ratingbar_material.xml",
        "source": "/Users/14leec1/.android/build-cache/afbe29f57f18bdcb21348ed524eb6be0cd8d61ae/output/res/drawable/abc_ratingbar_material.xml"
    },
    {
        "merged": "/Users/14leec1/AndroidStudioProjects/Civic-app-master/Sus/app/build/intermediates/res/merged/release/drawable/abc_seekbar_tick_mark_material.xml",
        "source": "/Users/14leec1/.android/build-cache/afbe29f57f18bdcb21348ed524eb6be0cd8d61ae/output/res/drawable/abc_seekbar_tick_mark_material.xml"
    },
    {
        "merged": "/Users/14leec1/AndroidStudioProjects/Civic-app-master/Sus/app/build/intermediates/res/merged/release/drawable/com_facebook_button_send_background.xml",
        "source": "/Users/14leec1/.android/build-cache/e7c3fb2fae2087caad0ff0f902c7d6c404f266fd/output/res/drawable/com_facebook_button_send_background.xml"
    },
    {
        "merged": "/Users/14leec1/AndroidStudioProjects/Civic-app-master/Sus/app/build/intermediates/res/merged/release/drawable/cast_ic_mini_controller_pause.xml",
        "source": "/Users/14leec1/.android/build-cache/2b062dea4163f5d3e442202215294cce30d220df/output/res/drawable/cast_ic_mini_controller_pause.xml"
    },
    {
        "merged": "/Users/14leec1/AndroidStudioProjects/Civic-app-master/Sus/app/build/intermediates/res/merged/release/drawable/mr_ic_media_route_on_light.xml",
        "source": "/Users/14leec1/.android/build-cache/6303f2447d0b215c6c4fc6a0803a9d4ab2d6ea3c/output/res/drawable/mr_ic_media_route_on_light.xml"
    },
    {
        "merged": "/Users/14leec1/AndroidStudioProjects/Civic-app-master/Sus/app/build/intermediates/res/merged/release/drawable/cast_ic_expanded_controller_skip_next.xml",
        "source": "/Users/14leec1/.android/build-cache/2b062dea4163f5d3e442202215294cce30d220df/output/res/drawable/cast_ic_expanded_controller_skip_next.xml"
    },
    {
        "merged": "/Users/14leec1/AndroidStudioProjects/Civic-app-master/Sus/app/build/intermediates/res/merged/release/drawable/abc_list_selector_background_transition_holo_dark.xml",
        "source": "/Users/14leec1/.android/build-cache/afbe29f57f18bdcb21348ed524eb6be0cd8d61ae/output/res/drawable/abc_list_selector_background_transition_holo_dark.xml"
    },
    {
        "merged": "/Users/14leec1/AndroidStudioProjects/Civic-app-master/Sus/app/build/intermediates/res/merged/release/drawable/cast_ic_mini_controller_rewind30.xml",
        "source": "/Users/14leec1/.android/build-cache/2b062dea4163f5d3e442202215294cce30d220df/output/res/drawable/cast_ic_mini_controller_rewind30.xml"
    },
    {
        "merged": "/Users/14leec1/AndroidStudioProjects/Civic-app-master/Sus/app/build/intermediates/res/merged/release/drawable/abc_text_cursor_material.xml",
        "source": "/Users/14leec1/.android/build-cache/afbe29f57f18bdcb21348ed524eb6be0cd8d61ae/output/res/drawable/abc_text_cursor_material.xml"
    },
    {
        "merged": "/Users/14leec1/AndroidStudioProjects/Civic-app-master/Sus/app/build/intermediates/res/merged/release/drawable/com_facebook_auth_dialog_header_background.xml",
        "source": "/Users/14leec1/.android/build-cache/e7c3fb2fae2087caad0ff0f902c7d6c404f266fd/output/res/drawable/com_facebook_auth_dialog_header_background.xml"
    },
    {
        "merged": "/Users/14leec1/AndroidStudioProjects/Civic-app-master/Sus/app/build/intermediates/res/merged/release/drawable/cast_ic_mini_controller_pause_large.xml",
        "source": "/Users/14leec1/.android/build-cache/2b062dea4163f5d3e442202215294cce30d220df/output/res/drawable/cast_ic_mini_controller_pause_large.xml"
    },
    {
        "merged": "/Users/14leec1/AndroidStudioProjects/Civic-app-master/Sus/app/build/intermediates/res/merged/release/drawable/mr_ic_play_light.xml",
        "source": "/Users/14leec1/.android/build-cache/6303f2447d0b215c6c4fc6a0803a9d4ab2d6ea3c/output/res/drawable/mr_ic_play_light.xml"
    },
    {
        "merged": "/Users/14leec1/AndroidStudioProjects/Civic-app-master/Sus/app/build/intermediates/res/merged/release/drawable/abc_ic_menu_overflow_material.xml",
        "source": "/Users/14leec1/.android/build-cache/afbe29f57f18bdcb21348ed524eb6be0cd8d61ae/output/res/drawable/abc_ic_menu_overflow_material.xml"
    },
    {
        "merged": "/Users/14leec1/AndroidStudioProjects/Civic-app-master/Sus/app/build/intermediates/res/merged/release/drawable/ic_info.png",
        "source": "/Users/14leec1/AndroidStudioProjects/Civic-app-master/Sus/app/src/main/res/drawable/ic_info.png"
    },
    {
        "merged": "/Users/14leec1/AndroidStudioProjects/Civic-app-master/Sus/app/build/intermediates/res/merged/release/drawable/cast_ic_notification_rewind30.xml",
        "source": "/Users/14leec1/.android/build-cache/2b062dea4163f5d3e442202215294cce30d220df/output/res/drawable/cast_ic_notification_rewind30.xml"
    },
    {
        "merged": "/Users/14leec1/AndroidStudioProjects/Civic-app-master/Sus/app/build/intermediates/res/merged/release/drawable/abc_ratingbar_indicator_material.xml",
        "source": "/Users/14leec1/.android/build-cache/afbe29f57f18bdcb21348ed524eb6be0cd8d61ae/output/res/drawable/abc_ratingbar_indicator_material.xml"
    },
    {
        "merged": "/Users/14leec1/AndroidStudioProjects/Civic-app-master/Sus/app/build/intermediates/res/merged/release/drawable/ic_info_outline_black_18dp.png",
        "source": "/Users/14leec1/AndroidStudioProjects/Civic-app-master/Sus/app/src/main/res/drawable/ic_info_outline_black_18dp.png"
    },
    {
        "merged": "/Users/14leec1/AndroidStudioProjects/Civic-app-master/Sus/app/build/intermediates/res/merged/release/drawable/abc_btn_colored_material.xml",
        "source": "/Users/14leec1/.android/build-cache/afbe29f57f18bdcb21348ed524eb6be0cd8d61ae/output/res/drawable/abc_btn_colored_material.xml"
    },
    {
        "merged": "/Users/14leec1/AndroidStudioProjects/Civic-app-master/Sus/app/build/intermediates/res/merged/release/drawable/ic_source.png",
        "source": "/Users/14leec1/AndroidStudioProjects/Civic-app-master/Sus/app/src/main/res/drawable/ic_source.png"
    },
    {
        "merged": "/Users/14leec1/AndroidStudioProjects/Civic-app-master/Sus/app/build/intermediates/res/merged/release/drawable/abc_ic_voice_search_api_material.xml",
        "source": "/Users/14leec1/.android/build-cache/afbe29f57f18bdcb21348ed524eb6be0cd8d61ae/output/res/drawable/abc_ic_voice_search_api_material.xml"
    },
    {
        "merged": "/Users/14leec1/AndroidStudioProjects/Civic-app-master/Sus/app/build/intermediates/res/merged/release/drawable/com_facebook_button_like_background.xml",
        "source": "/Users/14leec1/.android/build-cache/e7c3fb2fae2087caad0ff0f902c7d6c404f266fd/output/res/drawable/com_facebook_button_like_background.xml"
    },
    {
        "merged": "/Users/14leec1/AndroidStudioProjects/Civic-app-master/Sus/app/build/intermediates/res/merged/release/drawable/bg.jpg",
        "source": "/Users/14leec1/AndroidStudioProjects/Civic-app-master/Sus/app/src/main/res/drawable/bg.jpg"
    },
    {
        "merged": "/Users/14leec1/AndroidStudioProjects/Civic-app-master/Sus/app/build/intermediates/res/merged/release/drawable/cast_ic_expanded_controller_stop.xml",
        "source": "/Users/14leec1/.android/build-cache/2b062dea4163f5d3e442202215294cce30d220df/output/res/drawable/cast_ic_expanded_controller_stop.xml"
    },
    {
        "merged": "/Users/14leec1/AndroidStudioProjects/Civic-app-master/Sus/app/build/intermediates/res/merged/release/drawable/cast_ic_expanded_controller_play.xml",
        "source": "/Users/14leec1/.android/build-cache/2b062dea4163f5d3e442202215294cce30d220df/output/res/drawable/cast_ic_expanded_controller_play.xml"
    },
    {
        "merged": "/Users/14leec1/AndroidStudioProjects/Civic-app-master/Sus/app/build/intermediates/res/merged/release/drawable/abc_list_selector_background_transition_holo_light.xml",
        "source": "/Users/14leec1/.android/build-cache/afbe29f57f18bdcb21348ed524eb6be0cd8d61ae/output/res/drawable/abc_list_selector_background_transition_holo_light.xml"
    },
    {
        "merged": "/Users/14leec1/AndroidStudioProjects/Civic-app-master/Sus/app/build/intermediates/res/merged/release/drawable/cast_expanded_controller_seekbar_track.xml",
        "source": "/Users/14leec1/.android/build-cache/2b062dea4163f5d3e442202215294cce30d220df/output/res/drawable/cast_expanded_controller_seekbar_track.xml"
    },
    {
        "merged": "/Users/14leec1/AndroidStudioProjects/Civic-app-master/Sus/app/build/intermediates/res/merged/release/drawable/locationdisplaydisabled.9.png",
        "source": "/Users/14leec1/AndroidStudioProjects/Civic-app-master/Sus/app/src/main/res/drawable/locationdisplaydisabled.9.png"
    },
    {
        "merged": "/Users/14leec1/AndroidStudioProjects/Civic-app-master/Sus/app/build/intermediates/res/merged/release/drawable/common_google_signin_btn_text_dark.xml",
        "source": "/Users/14leec1/.android/build-cache/0ad8bc32b47bd9b6a107e4fb2661747d1c54541f/output/res/drawable/common_google_signin_btn_text_dark.xml"
    },
    {
        "merged": "/Users/14leec1/AndroidStudioProjects/Civic-app-master/Sus/app/build/intermediates/res/merged/release/drawable/com_facebook_button_login_silver_background.xml",
        "source": "/Users/14leec1/.android/build-cache/e7c3fb2fae2087caad0ff0f902c7d6c404f266fd/output/res/drawable/com_facebook_button_login_silver_background.xml"
    },
    {
        "merged": "/Users/14leec1/AndroidStudioProjects/Civic-app-master/Sus/app/build/intermediates/res/merged/release/drawable/cast_ic_mini_controller_forward30.xml",
        "source": "/Users/14leec1/.android/build-cache/2b062dea4163f5d3e442202215294cce30d220df/output/res/drawable/cast_ic_mini_controller_forward30.xml"
    },
    {
        "merged": "/Users/14leec1/AndroidStudioProjects/Civic-app-master/Sus/app/build/intermediates/res/merged/release/drawable/cast_ic_mini_controller_closed_caption.xml",
        "source": "/Users/14leec1/.android/build-cache/2b062dea4163f5d3e442202215294cce30d220df/output/res/drawable/cast_ic_mini_controller_closed_caption.xml"
    },
    {
        "merged": "/Users/14leec1/AndroidStudioProjects/Civic-app-master/Sus/app/build/intermediates/res/merged/release/drawable/design_bottom_navigation_item_background.xml",
        "source": "/Users/14leec1/.android/build-cache/bfa06dfd7875fd24563ce0e815efe52af2e97d4d/output/res/drawable/design_bottom_navigation_item_background.xml"
    },
    {
        "merged": "/Users/14leec1/AndroidStudioProjects/Civic-app-master/Sus/app/build/intermediates/res/merged/release/drawable/cast_ic_notification_skip_prev.xml",
        "source": "/Users/14leec1/.android/build-cache/2b062dea4163f5d3e442202215294cce30d220df/output/res/drawable/cast_ic_notification_skip_prev.xml"
    },
    {
        "merged": "/Users/14leec1/AndroidStudioProjects/Civic-app-master/Sus/app/build/intermediates/res/merged/release/drawable/abc_list_selector_holo_light.xml",
        "source": "/Users/14leec1/.android/build-cache/afbe29f57f18bdcb21348ed524eb6be0cd8d61ae/output/res/drawable/abc_list_selector_holo_light.xml"
    },
    {
        "merged": "/Users/14leec1/AndroidStudioProjects/Civic-app-master/Sus/app/build/intermediates/res/merged/release/drawable/cast_ic_notification_small_icon.xml",
        "source": "/Users/14leec1/.android/build-cache/2b062dea4163f5d3e442202215294cce30d220df/output/res/drawable/cast_ic_notification_small_icon.xml"
    },
    {
        "merged": "/Users/14leec1/AndroidStudioProjects/Civic-app-master/Sus/app/build/intermediates/res/merged/release/drawable/cast_ic_notification_skip_next.xml",
        "source": "/Users/14leec1/.android/build-cache/2b062dea4163f5d3e442202215294cce30d220df/output/res/drawable/cast_ic_notification_skip_next.xml"
    },
    {
        "merged": "/Users/14leec1/AndroidStudioProjects/Civic-app-master/Sus/app/build/intermediates/res/merged/release/drawable/com_facebook_auth_dialog_background.xml",
        "source": "/Users/14leec1/.android/build-cache/e7c3fb2fae2087caad0ff0f902c7d6c404f266fd/output/res/drawable/com_facebook_auth_dialog_background.xml"
    },
    {
        "merged": "/Users/14leec1/AndroidStudioProjects/Civic-app-master/Sus/app/build/intermediates/res/merged/release/drawable/design_password_eye.xml",
        "source": "/Users/14leec1/.android/build-cache/bfa06dfd7875fd24563ce0e815efe52af2e97d4d/output/res/drawable/design_password_eye.xml"
    },
    {
        "merged": "/Users/14leec1/AndroidStudioProjects/Civic-app-master/Sus/app/build/intermediates/res/merged/release/drawable/navigation_empty_icon.xml",
        "source": "/Users/14leec1/.android/build-cache/bfa06dfd7875fd24563ce0e815efe52af2e97d4d/output/res/drawable/navigation_empty_icon.xml"
    },
    {
        "merged": "/Users/14leec1/AndroidStudioProjects/Civic-app-master/Sus/app/build/intermediates/res/merged/release/drawable/mr_ic_close_dark.xml",
        "source": "/Users/14leec1/.android/build-cache/6303f2447d0b215c6c4fc6a0803a9d4ab2d6ea3c/output/res/drawable/mr_ic_close_dark.xml"
    },
    {
        "merged": "/Users/14leec1/AndroidStudioProjects/Civic-app-master/Sus/app/build/intermediates/res/merged/release/drawable/mr_ic_play_dark.xml",
        "source": "/Users/14leec1/.android/build-cache/6303f2447d0b215c6c4fc6a0803a9d4ab2d6ea3c/output/res/drawable/mr_ic_play_dark.xml"
    },
    {
        "merged": "/Users/14leec1/AndroidStudioProjects/Civic-app-master/Sus/app/build/intermediates/res/merged/release/drawable/common_google_signin_btn_icon_light_focused.xml",
        "source": "/Users/14leec1/.android/build-cache/0ad8bc32b47bd9b6a107e4fb2661747d1c54541f/output/res/drawable/common_google_signin_btn_icon_light_focused.xml"
    },
    {
        "merged": "/Users/14leec1/AndroidStudioProjects/Civic-app-master/Sus/app/build/intermediates/res/merged/release/drawable/locationdisplayrecenter.9.png",
        "source": "/Users/14leec1/AndroidStudioProjects/Civic-app-master/Sus/app/src/main/res/drawable/locationdisplayrecenter.9.png"
    },
    {
        "merged": "/Users/14leec1/AndroidStudioProjects/Civic-app-master/Sus/app/build/intermediates/res/merged/release/drawable/ic_navigate.png",
        "source": "/Users/14leec1/AndroidStudioProjects/Civic-app-master/Sus/app/src/main/res/drawable/ic_navigate.png"
    },
    {
        "merged": "/Users/14leec1/AndroidStudioProjects/Civic-app-master/Sus/app/build/intermediates/res/merged/release/drawable/abc_vector_test.xml",
        "source": "/Users/14leec1/.android/build-cache/afbe29f57f18bdcb21348ed524eb6be0cd8d61ae/output/res/drawable/abc_vector_test.xml"
    },
    {
        "merged": "/Users/14leec1/AndroidStudioProjects/Civic-app-master/Sus/app/build/intermediates/res/merged/release/drawable/abc_ratingbar_small_material.xml",
        "source": "/Users/14leec1/.android/build-cache/afbe29f57f18bdcb21348ed524eb6be0cd8d61ae/output/res/drawable/abc_ratingbar_small_material.xml"
    },
    {
        "merged": "/Users/14leec1/AndroidStudioProjects/Civic-app-master/Sus/app/build/intermediates/res/merged/release/drawable/abc_tab_indicator_material.xml",
        "source": "/Users/14leec1/.android/build-cache/afbe29f57f18bdcb21348ed524eb6be0cd8d61ae/output/res/drawable/abc_tab_indicator_material.xml"
    },
    {
        "merged": "/Users/14leec1/AndroidStudioProjects/Civic-app-master/Sus/app/build/intermediates/res/merged/release/drawable/mr_ic_audiotrack_light.xml",
        "source": "/Users/14leec1/.android/build-cache/6303f2447d0b215c6c4fc6a0803a9d4ab2d6ea3c/output/res/drawable/mr_ic_audiotrack_light.xml"
    },
    {
        "merged": "/Users/14leec1/AndroidStudioProjects/Civic-app-master/Sus/app/build/intermediates/res/merged/release/drawable/abc_list_selector_holo_dark.xml",
        "source": "/Users/14leec1/.android/build-cache/afbe29f57f18bdcb21348ed524eb6be0cd8d61ae/output/res/drawable/abc_list_selector_holo_dark.xml"
    },
    {
        "merged": "/Users/14leec1/AndroidStudioProjects/Civic-app-master/Sus/app/build/intermediates/res/merged/release/drawable/locationdisplayheading.9.png",
        "source": "/Users/14leec1/AndroidStudioProjects/Civic-app-master/Sus/app/src/main/res/drawable/locationdisplayheading.9.png"
    },
    {
        "merged": "/Users/14leec1/AndroidStudioProjects/Civic-app-master/Sus/app/build/intermediates/res/merged/release/drawable/cast_ic_mini_controller_stop.xml",
        "source": "/Users/14leec1/.android/build-cache/2b062dea4163f5d3e442202215294cce30d220df/output/res/drawable/cast_ic_mini_controller_stop.xml"
    },
    {
        "merged": "/Users/14leec1/AndroidStudioProjects/Civic-app-master/Sus/app/build/intermediates/res/merged/release/drawable/abc_ic_ab_back_material.xml",
        "source": "/Users/14leec1/.android/build-cache/afbe29f57f18bdcb21348ed524eb6be0cd8d61ae/output/res/drawable/abc_ic_ab_back_material.xml"
    },
    {
        "merged": "/Users/14leec1/AndroidStudioProjects/Civic-app-master/Sus/app/build/intermediates/res/merged/release/drawable/mr_ic_media_route_mono_dark.xml",
        "source": "/Users/14leec1/.android/build-cache/6303f2447d0b215c6c4fc6a0803a9d4ab2d6ea3c/output/res/drawable/mr_ic_media_route_mono_dark.xml"
    },
    {
        "merged": "/Users/14leec1/AndroidStudioProjects/Civic-app-master/Sus/app/build/intermediates/res/merged/release/drawable/cast_ic_expanded_controller_rewind30.xml",
        "source": "/Users/14leec1/.android/build-cache/2b062dea4163f5d3e442202215294cce30d220df/output/res/drawable/cast_ic_expanded_controller_rewind30.xml"
    },
    {
        "merged": "/Users/14leec1/AndroidStudioProjects/Civic-app-master/Sus/app/build/intermediates/res/merged/release/drawable/mr_ic_media_route_mono_light.xml",
        "source": "/Users/14leec1/.android/build-cache/6303f2447d0b215c6c4fc6a0803a9d4ab2d6ea3c/output/res/drawable/mr_ic_media_route_mono_light.xml"
    },
    {
        "merged": "/Users/14leec1/AndroidStudioProjects/Civic-app-master/Sus/app/build/intermediates/res/merged/release/drawable/mr_ic_pause_dark.xml",
        "source": "/Users/14leec1/.android/build-cache/6303f2447d0b215c6c4fc6a0803a9d4ab2d6ea3c/output/res/drawable/mr_ic_pause_dark.xml"
    },
    {
        "merged": "/Users/14leec1/AndroidStudioProjects/Civic-app-master/Sus/app/build/intermediates/res/merged/release/drawable/cast_expanded_controller_actionbar_bg_gradient_light.xml",
        "source": "/Users/14leec1/.android/build-cache/2b062dea4163f5d3e442202215294cce30d220df/output/res/drawable/cast_expanded_controller_actionbar_bg_gradient_light.xml"
    },
    {
        "merged": "/Users/14leec1/AndroidStudioProjects/Civic-app-master/Sus/app/build/intermediates/res/merged/release/drawable/cast_ic_notification_stop_live_stream.xml",
        "source": "/Users/14leec1/.android/build-cache/2b062dea4163f5d3e442202215294cce30d220df/output/res/drawable/cast_ic_notification_stop_live_stream.xml"
    },
    {
        "merged": "/Users/14leec1/AndroidStudioProjects/Civic-app-master/Sus/app/build/intermediates/res/merged/release/drawable/cast_ic_notification_forward10.xml",
        "source": "/Users/14leec1/.android/build-cache/2b062dea4163f5d3e442202215294cce30d220df/output/res/drawable/cast_ic_notification_forward10.xml"
    },
    {
        "merged": "/Users/14leec1/AndroidStudioProjects/Civic-app-master/Sus/app/build/intermediates/res/merged/release/drawable/cast_ic_notification_disconnect.xml",
        "source": "/Users/14leec1/.android/build-cache/2b062dea4163f5d3e442202215294cce30d220df/output/res/drawable/cast_ic_notification_disconnect.xml"
    },
    {
        "merged": "/Users/14leec1/AndroidStudioProjects/Civic-app-master/Sus/app/build/intermediates/res/merged/release/drawable/abc_ic_arrow_drop_right_black_24dp.xml",
        "source": "/Users/14leec1/.android/build-cache/afbe29f57f18bdcb21348ed524eb6be0cd8d61ae/output/res/drawable/abc_ic_arrow_drop_right_black_24dp.xml"
    },
    {
        "merged": "/Users/14leec1/AndroidStudioProjects/Civic-app-master/Sus/app/build/intermediates/res/merged/release/drawable/common_google_signin_btn_icon_light.xml",
        "source": "/Users/14leec1/.android/build-cache/0ad8bc32b47bd9b6a107e4fb2661747d1c54541f/output/res/drawable/common_google_signin_btn_icon_light.xml"
    },
    {
        "merged": "/Users/14leec1/AndroidStudioProjects/Civic-app-master/Sus/app/build/intermediates/res/merged/release/drawable/cast_ic_mini_controller_stop_large.xml",
        "source": "/Users/14leec1/.android/build-cache/2b062dea4163f5d3e442202215294cce30d220df/output/res/drawable/cast_ic_mini_controller_stop_large.xml"
    },
    {
        "merged": "/Users/14leec1/AndroidStudioProjects/Civic-app-master/Sus/app/build/intermediates/res/merged/release/drawable/messenger_button_white_bg_selector.xml",
        "source": "/Users/14leec1/.android/build-cache/e7c3fb2fae2087caad0ff0f902c7d6c404f266fd/output/res/drawable/messenger_button_white_bg_selector.xml"
    },
    {
        "merged": "/Users/14leec1/AndroidStudioProjects/Civic-app-master/Sus/app/build/intermediates/res/merged/release/drawable/abc_ic_clear_material.xml",
        "source": "/Users/14leec1/.android/build-cache/afbe29f57f18bdcb21348ed524eb6be0cd8d61ae/output/res/drawable/abc_ic_clear_material.xml"
    },
    {
        "merged": "/Users/14leec1/AndroidStudioProjects/Civic-app-master/Sus/app/build/intermediates/res/merged/release/drawable/cast_ic_mini_controller_skip_prev.xml",
        "source": "/Users/14leec1/.android/build-cache/2b062dea4163f5d3e442202215294cce30d220df/output/res/drawable/cast_ic_mini_controller_skip_prev.xml"
    },
    {
        "merged": "/Users/14leec1/AndroidStudioProjects/Civic-app-master/Sus/app/build/intermediates/res/merged/release/drawable/notification_tile_bg.xml",
        "source": "/Users/14leec1/.android/build-cache/afbe29f57f18bdcb21348ed524eb6be0cd8d61ae/output/res/drawable/notification_tile_bg.xml"
    },
    {
        "merged": "/Users/14leec1/AndroidStudioProjects/Civic-app-master/Sus/app/build/intermediates/res/merged/release/drawable/cast_ic_notification_forward.xml",
        "source": "/Users/14leec1/.android/build-cache/2b062dea4163f5d3e442202215294cce30d220df/output/res/drawable/cast_ic_notification_forward.xml"
    },
    {
        "merged": "/Users/14leec1/AndroidStudioProjects/Civic-app-master/Sus/app/build/intermediates/res/merged/release/drawable/com_facebook_button_login_background.xml",
        "source": "/Users/14leec1/.android/build-cache/e7c3fb2fae2087caad0ff0f902c7d6c404f266fd/output/res/drawable/com_facebook_button_login_background.xml"
    },
    {
        "merged": "/Users/14leec1/AndroidStudioProjects/Civic-app-master/Sus/app/build/intermediates/res/merged/release/drawable/plus.png",
        "source": "/Users/14leec1/AndroidStudioProjects/Civic-app-master/Sus/app/src/main/res/drawable/plus.png"
    },
    {
        "merged": "/Users/14leec1/AndroidStudioProjects/Civic-app-master/Sus/app/build/intermediates/res/merged/release/drawable/common_google_signin_btn_text_light_focused.xml",
        "source": "/Users/14leec1/.android/build-cache/0ad8bc32b47bd9b6a107e4fb2661747d1c54541f/output/res/drawable/common_google_signin_btn_text_light_focused.xml"
    }
]