[
    {
        "merged": "/Users/14leec1/AndroidStudioProjects/Civic-app-master/Sus/app/build/intermediates/res/merged/release/drawable-nodpi-v4/cast_album_art_placeholder_large.png",
        "source": "/Users/14leec1/.android/build-cache/2b062dea4163f5d3e442202215294cce30d220df/output/res/drawable-nodpi-v4/cast_album_art_placeholder_large.png"
    },
    {
        "merged": "/Users/14leec1/AndroidStudioProjects/Civic-app-master/Sus/app/build/intermediates/res/merged/release/drawable-nodpi-v4/cast_mini_controller_img_placeholder.png",
        "source": "/Users/14leec1/.android/build-cache/2b062dea4163f5d3e442202215294cce30d220df/output/res/drawable-nodpi-v4/cast_mini_controller_img_placeholder.png"
    },
    {
        "merged": "/Users/14leec1/AndroidStudioProjects/Civic-app-master/Sus/app/build/intermediates/res/merged/release/drawable-nodpi-v4/cast_album_art_placeholder.png",
        "source": "/Users/14leec1/.android/build-cache/2b062dea4163f5d3e442202215294cce30d220df/output/res/drawable-nodpi-v4/cast_album_art_placeholder.png"
    }
]