[
    {
        "merged": "/Users/14leec1/AndroidStudioProjects/Civic-app-master/Sus/app/build/intermediates/res/merged/release/drawable-ldrtl-hdpi-v17/abc_spinner_mtrl_am_alpha.9.png",
        "source": "/Users/14leec1/.android/build-cache/afbe29f57f18bdcb21348ed524eb6be0cd8d61ae/output/res/drawable-ldrtl-hdpi-v17/abc_spinner_mtrl_am_alpha.9.png"
    },
    {
        "merged": "/Users/14leec1/AndroidStudioProjects/Civic-app-master/Sus/app/build/intermediates/res/merged/release/drawable-ldrtl-hdpi-v17/abc_ic_menu_cut_mtrl_alpha.png",
        "source": "/Users/14leec1/.android/build-cache/afbe29f57f18bdcb21348ed524eb6be0cd8d61ae/output/res/drawable-ldrtl-hdpi-v17/abc_ic_menu_cut_mtrl_alpha.png"
    },
    {
        "merged": "/Users/14leec1/AndroidStudioProjects/Civic-app-master/Sus/app/build/intermediates/res/merged/release/drawable-ldrtl-hdpi-v17/abc_ic_menu_copy_mtrl_am_alpha.png",
        "source": "/Users/14leec1/.android/build-cache/afbe29f57f18bdcb21348ed524eb6be0cd8d61ae/output/res/drawable-ldrtl-hdpi-v17/abc_ic_menu_copy_mtrl_am_alpha.png"
    }
]