[
    {
        "merged": "/Users/14leec1/AndroidStudioProjects/Civic-app-master/Sus/app/build/intermediates/res/merged/release/drawable-hdpi-v4/quantum_ic_pause_grey600_48.png",
        "source": "/Users/14leec1/.android/build-cache/2b062dea4163f5d3e442202215294cce30d220df/output/res/drawable-hdpi-v4/quantum_ic_pause_grey600_48.png"
    },
    {
        "merged": "/Users/14leec1/AndroidStudioProjects/Civic-app-master/Sus/app/build/intermediates/res/merged/release/drawable-hdpi-v4/quantum_ic_stop_grey600_36.png",
        "source": "/Users/14leec1/.android/build-cache/2b062dea4163f5d3e442202215294cce30d220df/output/res/drawable-hdpi-v4/quantum_ic_stop_grey600_36.png"
    },
    {
        "merged": "/Users/14leec1/AndroidStudioProjects/Civic-app-master/Sus/app/build/intermediates/res/merged/release/drawable-hdpi-v4/ic_cast_dark.png",
        "source": "/Users/14leec1/.android/build-cache/6303f2447d0b215c6c4fc6a0803a9d4ab2d6ea3c/output/res/drawable-hdpi-v4/ic_cast_dark.png"
    },
    {
        "merged": "/Users/14leec1/AndroidStudioProjects/Civic-app-master/Sus/app/build/intermediates/res/merged/release/drawable-hdpi-v4/com_facebook_tooltip_black_background.9.png",
        "source": "/Users/14leec1/.android/build-cache/e7c3fb2fae2087caad0ff0f902c7d6c404f266fd/output/res/drawable-hdpi-v4/com_facebook_tooltip_black_background.9.png"
    },
    {
        "merged": "/Users/14leec1/AndroidStudioProjects/Civic-app-master/Sus/app/build/intermediates/res/merged/release/drawable-hdpi-v4/quantum_ic_replay_30_white_24.png",
        "source": "/Users/14leec1/.android/build-cache/2b062dea4163f5d3e442202215294cce30d220df/output/res/drawable-hdpi-v4/quantum_ic_replay_30_white_24.png"
    },
    {
        "merged": "/Users/14leec1/AndroidStudioProjects/Civic-app-master/Sus/app/build/intermediates/res/merged/release/drawable-hdpi-v4/abc_spinner_mtrl_am_alpha.9.png",
        "source": "/Users/14leec1/.android/build-cache/afbe29f57f18bdcb21348ed524eb6be0cd8d61ae/output/res/drawable-hdpi-v4/abc_spinner_mtrl_am_alpha.9.png"
    },
    {
        "merged": "/Users/14leec1/AndroidStudioProjects/Civic-app-master/Sus/app/build/intermediates/res/merged/release/drawable-hdpi-v4/powered_by_google_light.png",
        "source": "/Users/14leec1/.android/build-cache/eceeeb909d8e1eef6feb4c4e84c99257903967d3/output/res/drawable-hdpi-v4/powered_by_google_light.png"
    },
    {
        "merged": "/Users/14leec1/AndroidStudioProjects/Civic-app-master/Sus/app/build/intermediates/res/merged/release/drawable-hdpi-v4/quantum_ic_skip_next_white_36.png",
        "source": "/Users/14leec1/.android/build-cache/2b062dea4163f5d3e442202215294cce30d220df/output/res/drawable-hdpi-v4/quantum_ic_skip_next_white_36.png"
    },
    {
        "merged": "/Users/14leec1/AndroidStudioProjects/Civic-app-master/Sus/app/build/intermediates/res/merged/release/drawable-hdpi-v4/quantum_ic_forward_30_grey600_36.png",
        "source": "/Users/14leec1/.android/build-cache/2b062dea4163f5d3e442202215294cce30d220df/output/res/drawable-hdpi-v4/quantum_ic_forward_30_grey600_36.png"
    },
    {
        "merged": "/Users/14leec1/AndroidStudioProjects/Civic-app-master/Sus/app/build/intermediates/res/merged/release/drawable-hdpi-v4/ic_tv_light.png",
        "source": "/Users/14leec1/.android/build-cache/6303f2447d0b215c6c4fc6a0803a9d4ab2d6ea3c/output/res/drawable-hdpi-v4/ic_tv_light.png"
    },
    {
        "merged": "/Users/14leec1/AndroidStudioProjects/Civic-app-master/Sus/app/build/intermediates/res/merged/release/drawable-hdpi-v4/ic_plusone_standard_off_client.png",
        "source": "/Users/14leec1/.android/build-cache/2cace3e22dd474153440b41bd84b2454809851e1/output/res/drawable-hdpi-v4/ic_plusone_standard_off_client.png"
    },
    {
        "merged": "/Users/14leec1/AndroidStudioProjects/Civic-app-master/Sus/app/build/intermediates/res/merged/release/drawable-hdpi-v4/common_google_signin_btn_icon_dark_normal.9.png",
        "source": "/Users/14leec1/.android/build-cache/0ad8bc32b47bd9b6a107e4fb2661747d1c54541f/output/res/drawable-hdpi-v4/common_google_signin_btn_icon_dark_normal.9.png"
    },
    {
        "merged": "/Users/14leec1/AndroidStudioProjects/Civic-app-master/Sus/app/build/intermediates/res/merged/release/drawable-hdpi-v4/quantum_ic_forward_30_white_36.png",
        "source": "/Users/14leec1/.android/build-cache/2b062dea4163f5d3e442202215294cce30d220df/output/res/drawable-hdpi-v4/quantum_ic_forward_30_white_36.png"
    },
    {
        "merged": "/Users/14leec1/AndroidStudioProjects/Civic-app-master/Sus/app/build/intermediates/res/merged/release/drawable-hdpi-v4/messenger_bubble_small_blue.png",
        "source": "/Users/14leec1/.android/build-cache/e7c3fb2fae2087caad0ff0f902c7d6c404f266fd/output/res/drawable-hdpi-v4/messenger_bubble_small_blue.png"
    },
    {
        "merged": "/Users/14leec1/AndroidStudioProjects/Civic-app-master/Sus/app/build/intermediates/res/merged/release/drawable-hdpi-v4/abc_ic_star_half_black_36dp.png",
        "source": "/Users/14leec1/.android/build-cache/afbe29f57f18bdcb21348ed524eb6be0cd8d61ae/output/res/drawable-hdpi-v4/abc_ic_star_half_black_36dp.png"
    },
    {
        "merged": "/Users/14leec1/AndroidStudioProjects/Civic-app-master/Sus/app/build/intermediates/res/merged/release/drawable-hdpi-v4/abc_scrubber_control_to_pressed_mtrl_005.png",
        "source": "/Users/14leec1/.android/build-cache/afbe29f57f18bdcb21348ed524eb6be0cd8d61ae/output/res/drawable-hdpi-v4/abc_scrubber_control_to_pressed_mtrl_005.png"
    },
    {
        "merged": "/Users/14leec1/AndroidStudioProjects/Civic-app-master/Sus/app/build/intermediates/res/merged/release/drawable-hdpi-v4/quantum_ic_bigtop_updates_white_24.png",
        "source": "/Users/14leec1/.android/build-cache/2b062dea4163f5d3e442202215294cce30d220df/output/res/drawable-hdpi-v4/quantum_ic_bigtop_updates_white_24.png"
    },
    {
        "merged": "/Users/14leec1/AndroidStudioProjects/Civic-app-master/Sus/app/build/intermediates/res/merged/release/drawable-hdpi-v4/arcgisruntime_mapview_magnifier.png",
        "source": "/Users/14leec1/.android/build-cache/777b6db744ffb190fed99248bbdee40a97ea2e56/output/res/drawable-hdpi-v4/arcgisruntime_mapview_magnifier.png"
    },
    {
        "merged": "/Users/14leec1/AndroidStudioProjects/Civic-app-master/Sus/app/build/intermediates/res/merged/release/drawable-hdpi-v4/abc_text_select_handle_middle_mtrl_dark.png",
        "source": "/Users/14leec1/.android/build-cache/afbe29f57f18bdcb21348ed524eb6be0cd8d61ae/output/res/drawable-hdpi-v4/abc_text_select_handle_middle_mtrl_dark.png"
    },
    {
        "merged": "/Users/14leec1/AndroidStudioProjects/Civic-app-master/Sus/app/build/intermediates/res/merged/release/drawable-hdpi-v4/quantum_ic_play_arrow_white_24.png",
        "source": "/Users/14leec1/.android/build-cache/2b062dea4163f5d3e442202215294cce30d220df/output/res/drawable-hdpi-v4/quantum_ic_play_arrow_white_24.png"
    },
    {
        "merged": "/Users/14leec1/AndroidStudioProjects/Civic-app-master/Sus/app/build/intermediates/res/merged/release/drawable-hdpi-v4/com_facebook_button_send_icon_blue.png",
        "source": "/Users/14leec1/.android/build-cache/e7c3fb2fae2087caad0ff0f902c7d6c404f266fd/output/res/drawable-hdpi-v4/com_facebook_button_send_icon_blue.png"
    },
    {
        "merged": "/Users/14leec1/AndroidStudioProjects/Civic-app-master/Sus/app/build/intermediates/res/merged/release/drawable-hdpi-v4/abc_btn_radio_to_on_mtrl_000.png",
        "source": "/Users/14leec1/.android/build-cache/afbe29f57f18bdcb21348ed524eb6be0cd8d61ae/output/res/drawable-hdpi-v4/abc_btn_radio_to_on_mtrl_000.png"
    },
    {
        "merged": "/Users/14leec1/AndroidStudioProjects/Civic-app-master/Sus/app/build/intermediates/res/merged/release/drawable-hdpi-v4/com_facebook_tooltip_blue_topnub.png",
        "source": "/Users/14leec1/.android/build-cache/e7c3fb2fae2087caad0ff0f902c7d6c404f266fd/output/res/drawable-hdpi-v4/com_facebook_tooltip_blue_topnub.png"
    },
    {
        "merged": "/Users/14leec1/AndroidStudioProjects/Civic-app-master/Sus/app/build/intermediates/res/merged/release/drawable-hdpi-v4/ic_cast_light.png",
        "source": "/Users/14leec1/.android/build-cache/6303f2447d0b215c6c4fc6a0803a9d4ab2d6ea3c/output/res/drawable-hdpi-v4/ic_cast_light.png"
    },
    {
        "merged": "/Users/14leec1/AndroidStudioProjects/Civic-app-master/Sus/app/build/intermediates/res/merged/release/drawable-hdpi-v4/ic_media_play.png",
        "source": "/Users/14leec1/.android/build-cache/6303f2447d0b215c6c4fc6a0803a9d4ab2d6ea3c/output/res/drawable-hdpi-v4/ic_media_play.png"
    },
    {
        "merged": "/Users/14leec1/AndroidStudioProjects/Civic-app-master/Sus/app/build/intermediates/res/merged/release/drawable-hdpi-v4/abc_text_select_handle_left_mtrl_light.png",
        "source": "/Users/14leec1/.android/build-cache/afbe29f57f18bdcb21348ed524eb6be0cd8d61ae/output/res/drawable-hdpi-v4/abc_text_select_handle_left_mtrl_light.png"
    },
    {
        "merged": "/Users/14leec1/AndroidStudioProjects/Civic-app-master/Sus/app/build/intermediates/res/merged/release/drawable-hdpi-v4/common_google_signin_btn_icon_light_normal.9.png",
        "source": "/Users/14leec1/.android/build-cache/0ad8bc32b47bd9b6a107e4fb2661747d1c54541f/output/res/drawable-hdpi-v4/common_google_signin_btn_icon_light_normal.9.png"
    },
    {
        "merged": "/Users/14leec1/AndroidStudioProjects/Civic-app-master/Sus/app/build/intermediates/res/merged/release/drawable-hdpi-v4/ic_play_light.png",
        "source": "/Users/14leec1/.android/build-cache/6303f2447d0b215c6c4fc6a0803a9d4ab2d6ea3c/output/res/drawable-hdpi-v4/ic_play_light.png"
    },
    {
        "merged": "/Users/14leec1/AndroidStudioProjects/Civic-app-master/Sus/app/build/intermediates/res/merged/release/drawable-hdpi-v4/quantum_ic_skip_previous_white_24.png",
        "source": "/Users/14leec1/.android/build-cache/2b062dea4163f5d3e442202215294cce30d220df/output/res/drawable-hdpi-v4/quantum_ic_skip_previous_white_24.png"
    },
    {
        "merged": "/Users/14leec1/AndroidStudioProjects/Civic-app-master/Sus/app/build/intermediates/res/merged/release/drawable-hdpi-v4/abc_list_selector_disabled_holo_dark.9.png",
        "source": "/Users/14leec1/.android/build-cache/afbe29f57f18bdcb21348ed524eb6be0cd8d61ae/output/res/drawable-hdpi-v4/abc_list_selector_disabled_holo_dark.9.png"
    },
    {
        "merged": "/Users/14leec1/AndroidStudioProjects/Civic-app-master/Sus/app/build/intermediates/res/merged/release/drawable-hdpi-v4/common_google_signin_btn_icon_light_disabled.9.png",
        "source": "/Users/14leec1/.android/build-cache/0ad8bc32b47bd9b6a107e4fb2661747d1c54541f/output/res/drawable-hdpi-v4/common_google_signin_btn_icon_light_disabled.9.png"
    },
    {
        "merged": "/Users/14leec1/AndroidStudioProjects/Civic-app-master/Sus/app/build/intermediates/res/merged/release/drawable-hdpi-v4/arcgisruntime_location_display_course_symbol.png",
        "source": "/Users/14leec1/.android/build-cache/777b6db744ffb190fed99248bbdee40a97ea2e56/output/res/drawable-hdpi-v4/arcgisruntime_location_display_course_symbol.png"
    },
    {
        "merged": "/Users/14leec1/AndroidStudioProjects/Civic-app-master/Sus/app/build/intermediates/res/merged/release/drawable-hdpi-v4/abc_ic_menu_cut_mtrl_alpha.png",
        "source": "/Users/14leec1/.android/build-cache/afbe29f57f18bdcb21348ed524eb6be0cd8d61ae/output/res/drawable-hdpi-v4/abc_ic_menu_cut_mtrl_alpha.png"
    },
    {
        "merged": "/Users/14leec1/AndroidStudioProjects/Civic-app-master/Sus/app/build/intermediates/res/merged/release/drawable-hdpi-v4/quantum_ic_skip_next_white_24.png",
        "source": "/Users/14leec1/.android/build-cache/2b062dea4163f5d3e442202215294cce30d220df/output/res/drawable-hdpi-v4/quantum_ic_skip_next_white_24.png"
    },
    {
        "merged": "/Users/14leec1/AndroidStudioProjects/Civic-app-master/Sus/app/build/intermediates/res/merged/release/drawable-hdpi-v4/arcgisruntime_location_display_compass_symbol.png",
        "source": "/Users/14leec1/.android/build-cache/777b6db744ffb190fed99248bbdee40a97ea2e56/output/res/drawable-hdpi-v4/arcgisruntime_location_display_compass_symbol.png"
    },
    {
        "merged": "/Users/14leec1/AndroidStudioProjects/Civic-app-master/Sus/app/build/intermediates/res/merged/release/drawable-hdpi-v4/quantum_ic_forward_10_white_24.png",
        "source": "/Users/14leec1/.android/build-cache/2b062dea4163f5d3e442202215294cce30d220df/output/res/drawable-hdpi-v4/quantum_ic_forward_10_white_24.png"
    },
    {
        "merged": "/Users/14leec1/AndroidStudioProjects/Civic-app-master/Sus/app/build/intermediates/res/merged/release/drawable-hdpi-v4/ic_audiotrack.png",
        "source": "/Users/14leec1/.android/build-cache/6303f2447d0b215c6c4fc6a0803a9d4ab2d6ea3c/output/res/drawable-hdpi-v4/ic_audiotrack.png"
    },
    {
        "merged": "/Users/14leec1/AndroidStudioProjects/Civic-app-master/Sus/app/build/intermediates/res/merged/release/drawable-hdpi-v4/quantum_ic_play_circle_filled_white_36.png",
        "source": "/Users/14leec1/.android/build-cache/2b062dea4163f5d3e442202215294cce30d220df/output/res/drawable-hdpi-v4/quantum_ic_play_circle_filled_white_36.png"
    },
    {
        "merged": "/Users/14leec1/AndroidStudioProjects/Civic-app-master/Sus/app/build/intermediates/res/merged/release/drawable-hdpi-v4/quantum_ic_volume_up_white_36.png",
        "source": "/Users/14leec1/.android/build-cache/2b062dea4163f5d3e442202215294cce30d220df/output/res/drawable-hdpi-v4/quantum_ic_volume_up_white_36.png"
    },
    {
        "merged": "/Users/14leec1/AndroidStudioProjects/Civic-app-master/Sus/app/build/intermediates/res/merged/release/drawable-hdpi-v4/cast_abc_scrubber_primary_mtrl_alpha.9.png",
        "source": "/Users/14leec1/.android/build-cache/2b062dea4163f5d3e442202215294cce30d220df/output/res/drawable-hdpi-v4/cast_abc_scrubber_primary_mtrl_alpha.9.png"
    },
    {
        "merged": "/Users/14leec1/AndroidStudioProjects/Civic-app-master/Sus/app/build/intermediates/res/merged/release/drawable-hdpi-v4/cast_ic_notification_on.png",
        "source": "/Users/14leec1/.android/build-cache/6fddc1117dca319301a0674abde2855c6ffec5b8/output/res/drawable-hdpi-v4/cast_ic_notification_on.png"
    },
    {
        "merged": "/Users/14leec1/AndroidStudioProjects/Civic-app-master/Sus/app/build/intermediates/res/merged/release/drawable-hdpi-v4/abc_popup_background_mtrl_mult.9.png",
        "source": "/Users/14leec1/.android/build-cache/afbe29f57f18bdcb21348ed524eb6be0cd8d61ae/output/res/drawable-hdpi-v4/abc_popup_background_mtrl_mult.9.png"
    },
    {
        "merged": "/Users/14leec1/AndroidStudioProjects/Civic-app-master/Sus/app/build/intermediates/res/merged/release/drawable-hdpi-v4/notification_bg_normal_pressed.9.png",
        "source": "/Users/14leec1/.android/build-cache/afbe29f57f18bdcb21348ed524eb6be0cd8d61ae/output/res/drawable-hdpi-v4/notification_bg_normal_pressed.9.png"
    },
    {
        "merged": "/Users/14leec1/AndroidStudioProjects/Civic-app-master/Sus/app/build/intermediates/res/merged/release/drawable-hdpi-v4/ic_cast_grey.png",
        "source": "/Users/14leec1/.android/build-cache/6303f2447d0b215c6c4fc6a0803a9d4ab2d6ea3c/output/res/drawable-hdpi-v4/ic_cast_grey.png"
    },
    {
        "merged": "/Users/14leec1/AndroidStudioProjects/Civic-app-master/Sus/app/build/intermediates/res/merged/release/drawable-hdpi-v4/abc_ic_star_half_black_48dp.png",
        "source": "/Users/14leec1/.android/build-cache/afbe29f57f18bdcb21348ed524eb6be0cd8d61ae/output/res/drawable-hdpi-v4/abc_ic_star_half_black_48dp.png"
    },
    {
        "merged": "/Users/14leec1/AndroidStudioProjects/Civic-app-master/Sus/app/build/intermediates/res/merged/release/drawable-hdpi-v4/common_google_signin_btn_text_light_pressed.9.png",
        "source": "/Users/14leec1/.android/build-cache/0ad8bc32b47bd9b6a107e4fb2661747d1c54541f/output/res/drawable-hdpi-v4/common_google_signin_btn_text_light_pressed.9.png"
    },
    {
        "merged": "/Users/14leec1/AndroidStudioProjects/Civic-app-master/Sus/app/build/intermediates/res/merged/release/drawable-hdpi-v4/quantum_ic_stop_grey600_48.png",
        "source": "/Users/14leec1/.android/build-cache/2b062dea4163f5d3e442202215294cce30d220df/output/res/drawable-hdpi-v4/quantum_ic_stop_grey600_48.png"
    },
    {
        "merged": "/Users/14leec1/AndroidStudioProjects/Civic-app-master/Sus/app/build/intermediates/res/merged/release/drawable-hdpi-v4/ic_speaker_group_light.png",
        "source": "/Users/14leec1/.android/build-cache/6303f2447d0b215c6c4fc6a0803a9d4ab2d6ea3c/output/res/drawable-hdpi-v4/ic_speaker_group_light.png"
    },
    {
        "merged": "/Users/14leec1/AndroidStudioProjects/Civic-app-master/Sus/app/build/intermediates/res/merged/release/drawable-hdpi-v4/abc_textfield_search_default_mtrl_alpha.9.png",
        "source": "/Users/14leec1/.android/build-cache/afbe29f57f18bdcb21348ed524eb6be0cd8d61ae/output/res/drawable-hdpi-v4/abc_textfield_search_default_mtrl_alpha.9.png"
    },
    {
        "merged": "/Users/14leec1/AndroidStudioProjects/Civic-app-master/Sus/app/build/intermediates/res/merged/release/drawable-hdpi-v4/common_google_signin_btn_text_light_normal.9.png",
        "source": "/Users/14leec1/.android/build-cache/0ad8bc32b47bd9b6a107e4fb2661747d1c54541f/output/res/drawable-hdpi-v4/common_google_signin_btn_text_light_normal.9.png"
    },
    {
        "merged": "/Users/14leec1/AndroidStudioProjects/Civic-app-master/Sus/app/build/intermediates/res/merged/release/drawable-hdpi-v4/abc_ic_star_black_16dp.png",
        "source": "/Users/14leec1/.android/build-cache/afbe29f57f18bdcb21348ed524eb6be0cd8d61ae/output/res/drawable-hdpi-v4/abc_ic_star_black_16dp.png"
    },
    {
        "merged": "/Users/14leec1/AndroidStudioProjects/Civic-app-master/Sus/app/build/intermediates/res/merged/release/drawable-hdpi-v4/quantum_ic_pause_grey600_36.png",
        "source": "/Users/14leec1/.android/build-cache/2b062dea4163f5d3e442202215294cce30d220df/output/res/drawable-hdpi-v4/quantum_ic_pause_grey600_36.png"
    },
    {
        "merged": "/Users/14leec1/AndroidStudioProjects/Civic-app-master/Sus/app/build/intermediates/res/merged/release/drawable-hdpi-v4/quantum_ic_volume_up_grey600_36.png",
        "source": "/Users/14leec1/.android/build-cache/2b062dea4163f5d3e442202215294cce30d220df/output/res/drawable-hdpi-v4/quantum_ic_volume_up_grey600_36.png"
    },
    {
        "merged": "/Users/14leec1/AndroidStudioProjects/Civic-app-master/Sus/app/build/intermediates/res/merged/release/drawable-hdpi-v4/ic_pause_light.png",
        "source": "/Users/14leec1/.android/build-cache/6303f2447d0b215c6c4fc6a0803a9d4ab2d6ea3c/output/res/drawable-hdpi-v4/ic_pause_light.png"
    },
    {
        "merged": "/Users/14leec1/AndroidStudioProjects/Civic-app-master/Sus/app/build/intermediates/res/merged/release/drawable-hdpi-v4/abc_btn_check_to_on_mtrl_015.png",
        "source": "/Users/14leec1/.android/build-cache/afbe29f57f18bdcb21348ed524eb6be0cd8d61ae/output/res/drawable-hdpi-v4/abc_btn_check_to_on_mtrl_015.png"
    },
    {
        "merged": "/Users/14leec1/AndroidStudioProjects/Civic-app-master/Sus/app/build/intermediates/res/merged/release/drawable-hdpi-v4/abc_btn_check_to_on_mtrl_000.png",
        "source": "/Users/14leec1/.android/build-cache/afbe29f57f18bdcb21348ed524eb6be0cd8d61ae/output/res/drawable-hdpi-v4/abc_btn_check_to_on_mtrl_000.png"
    },
    {
        "merged": "/Users/14leec1/AndroidStudioProjects/Civic-app-master/Sus/app/build/intermediates/res/merged/release/drawable-hdpi-v4/ic_speaker_light.png",
        "source": "/Users/14leec1/.android/build-cache/6303f2447d0b215c6c4fc6a0803a9d4ab2d6ea3c/output/res/drawable-hdpi-v4/ic_speaker_light.png"
    },
    {
        "merged": "/Users/14leec1/AndroidStudioProjects/Civic-app-master/Sus/app/build/intermediates/res/merged/release/drawable-hdpi-v4/quantum_ic_forward_30_white_24.png",
        "source": "/Users/14leec1/.android/build-cache/2b062dea4163f5d3e442202215294cce30d220df/output/res/drawable-hdpi-v4/quantum_ic_forward_30_white_24.png"
    },
    {
        "merged": "/Users/14leec1/AndroidStudioProjects/Civic-app-master/Sus/app/build/intermediates/res/merged/release/drawable-hdpi-v4/ic_close_dark.png",
        "source": "/Users/14leec1/.android/build-cache/6303f2447d0b215c6c4fc6a0803a9d4ab2d6ea3c/output/res/drawable-hdpi-v4/ic_close_dark.png"
    },
    {
        "merged": "/Users/14leec1/AndroidStudioProjects/Civic-app-master/Sus/app/build/intermediates/res/merged/release/drawable-hdpi-v4/abc_ic_commit_search_api_mtrl_alpha.png",
        "source": "/Users/14leec1/.android/build-cache/afbe29f57f18bdcb21348ed524eb6be0cd8d61ae/output/res/drawable-hdpi-v4/abc_ic_commit_search_api_mtrl_alpha.png"
    },
    {
        "merged": "/Users/14leec1/AndroidStudioProjects/Civic-app-master/Sus/app/build/intermediates/res/merged/release/drawable-hdpi-v4/quantum_ic_skip_previous_white_36.png",
        "source": "/Users/14leec1/.android/build-cache/2b062dea4163f5d3e442202215294cce30d220df/output/res/drawable-hdpi-v4/quantum_ic_skip_previous_white_36.png"
    },
    {
        "merged": "/Users/14leec1/AndroidStudioProjects/Civic-app-master/Sus/app/build/intermediates/res/merged/release/drawable-hdpi-v4/abc_switch_track_mtrl_alpha.9.png",
        "source": "/Users/14leec1/.android/build-cache/afbe29f57f18bdcb21348ed524eb6be0cd8d61ae/output/res/drawable-hdpi-v4/abc_switch_track_mtrl_alpha.9.png"
    },
    {
        "merged": "/Users/14leec1/AndroidStudioProjects/Civic-app-master/Sus/app/build/intermediates/res/merged/release/drawable-hdpi-v4/abc_ic_menu_selectall_mtrl_alpha.png",
        "source": "/Users/14leec1/.android/build-cache/afbe29f57f18bdcb21348ed524eb6be0cd8d61ae/output/res/drawable-hdpi-v4/abc_ic_menu_selectall_mtrl_alpha.png"
    },
    {
        "merged": "/Users/14leec1/AndroidStudioProjects/Civic-app-master/Sus/app/build/intermediates/res/merged/release/drawable-hdpi-v4/abc_textfield_search_activated_mtrl_alpha.9.png",
        "source": "/Users/14leec1/.android/build-cache/afbe29f57f18bdcb21348ed524eb6be0cd8d61ae/output/res/drawable-hdpi-v4/abc_textfield_search_activated_mtrl_alpha.9.png"
    },
    {
        "merged": "/Users/14leec1/AndroidStudioProjects/Civic-app-master/Sus/app/build/intermediates/res/merged/release/drawable-hdpi-v4/cast_ic_notification_0.png",
        "source": "/Users/14leec1/.android/build-cache/6fddc1117dca319301a0674abde2855c6ffec5b8/output/res/drawable-hdpi-v4/cast_ic_notification_0.png"
    },
    {
        "merged": "/Users/14leec1/AndroidStudioProjects/Civic-app-master/Sus/app/build/intermediates/res/merged/release/drawable-hdpi-v4/messenger_bubble_small_white.png",
        "source": "/Users/14leec1/.android/build-cache/e7c3fb2fae2087caad0ff0f902c7d6c404f266fd/output/res/drawable-hdpi-v4/messenger_bubble_small_white.png"
    },
    {
        "merged": "/Users/14leec1/AndroidStudioProjects/Civic-app-master/Sus/app/build/intermediates/res/merged/release/drawable-hdpi-v4/abc_textfield_default_mtrl_alpha.9.png",
        "source": "/Users/14leec1/.android/build-cache/afbe29f57f18bdcb21348ed524eb6be0cd8d61ae/output/res/drawable-hdpi-v4/abc_textfield_default_mtrl_alpha.9.png"
    },
    {
        "merged": "/Users/14leec1/AndroidStudioProjects/Civic-app-master/Sus/app/build/intermediates/res/merged/release/drawable-hdpi-v4/abc_ic_menu_copy_mtrl_am_alpha.png",
        "source": "/Users/14leec1/.android/build-cache/afbe29f57f18bdcb21348ed524eb6be0cd8d61ae/output/res/drawable-hdpi-v4/abc_ic_menu_copy_mtrl_am_alpha.png"
    },
    {
        "merged": "/Users/14leec1/AndroidStudioProjects/Civic-app-master/Sus/app/build/intermediates/res/merged/release/drawable-hdpi-v4/common_google_signin_btn_text_dark_normal.9.png",
        "source": "/Users/14leec1/.android/build-cache/0ad8bc32b47bd9b6a107e4fb2661747d1c54541f/output/res/drawable-hdpi-v4/common_google_signin_btn_text_dark_normal.9.png"
    },
    {
        "merged": "/Users/14leec1/AndroidStudioProjects/Civic-app-master/Sus/app/build/intermediates/res/merged/release/drawable-hdpi-v4/com_facebook_button_icon_white.png",
        "source": "/Users/14leec1/.android/build-cache/e7c3fb2fae2087caad0ff0f902c7d6c404f266fd/output/res/drawable-hdpi-v4/com_facebook_button_icon_white.png"
    },
    {
        "merged": "/Users/14leec1/AndroidStudioProjects/Civic-app-master/Sus/app/build/intermediates/res/merged/release/drawable-hdpi-v4/ic_pause_dark.png",
        "source": "/Users/14leec1/.android/build-cache/6303f2447d0b215c6c4fc6a0803a9d4ab2d6ea3c/output/res/drawable-hdpi-v4/ic_pause_dark.png"
    },
    {
        "merged": "/Users/14leec1/AndroidStudioProjects/Civic-app-master/Sus/app/build/intermediates/res/merged/release/drawable-hdpi-v4/com_facebook_tooltip_black_bottomnub.png",
        "source": "/Users/14leec1/.android/build-cache/e7c3fb2fae2087caad0ff0f902c7d6c404f266fd/output/res/drawable-hdpi-v4/com_facebook_tooltip_black_bottomnub.png"
    },
    {
        "merged": "/Users/14leec1/AndroidStudioProjects/Civic-app-master/Sus/app/build/intermediates/res/merged/release/drawable-hdpi-v4/abc_scrubber_track_mtrl_alpha.9.png",
        "source": "/Users/14leec1/.android/build-cache/afbe29f57f18bdcb21348ed524eb6be0cd8d61ae/output/res/drawable-hdpi-v4/abc_scrubber_track_mtrl_alpha.9.png"
    },
    {
        "merged": "/Users/14leec1/AndroidStudioProjects/Civic-app-master/Sus/app/build/intermediates/res/merged/release/drawable-hdpi-v4/abc_text_select_handle_right_mtrl_light.png",
        "source": "/Users/14leec1/.android/build-cache/afbe29f57f18bdcb21348ed524eb6be0cd8d61ae/output/res/drawable-hdpi-v4/abc_text_select_handle_right_mtrl_light.png"
    },
    {
        "merged": "/Users/14leec1/AndroidStudioProjects/Civic-app-master/Sus/app/build/intermediates/res/merged/release/drawable-hdpi-v4/abc_tab_indicator_mtrl_alpha.9.png",
        "source": "/Users/14leec1/.android/build-cache/afbe29f57f18bdcb21348ed524eb6be0cd8d61ae/output/res/drawable-hdpi-v4/abc_tab_indicator_mtrl_alpha.9.png"
    },
    {
        "merged": "/Users/14leec1/AndroidStudioProjects/Civic-app-master/Sus/app/build/intermediates/res/merged/release/drawable-hdpi-v4/ic_cast_white.png",
        "source": "/Users/14leec1/.android/build-cache/6303f2447d0b215c6c4fc6a0803a9d4ab2d6ea3c/output/res/drawable-hdpi-v4/ic_cast_white.png"
    },
    {
        "merged": "/Users/14leec1/AndroidStudioProjects/Civic-app-master/Sus/app/build/intermediates/res/merged/release/drawable-hdpi-v4/quantum_ic_replay_30_white_36.png",
        "source": "/Users/14leec1/.android/build-cache/2b062dea4163f5d3e442202215294cce30d220df/output/res/drawable-hdpi-v4/quantum_ic_replay_30_white_36.png"
    },
    {
        "merged": "/Users/14leec1/AndroidStudioProjects/Civic-app-master/Sus/app/build/intermediates/res/merged/release/drawable-hdpi-v4/common_google_signin_btn_icon_dark_pressed.9.png",
        "source": "/Users/14leec1/.android/build-cache/0ad8bc32b47bd9b6a107e4fb2661747d1c54541f/output/res/drawable-hdpi-v4/common_google_signin_btn_icon_dark_pressed.9.png"
    },
    {
        "merged": "/Users/14leec1/AndroidStudioProjects/Civic-app-master/Sus/app/build/intermediates/res/merged/release/drawable-hdpi-v4/quantum_ic_play_arrow_grey600_36.png",
        "source": "/Users/14leec1/.android/build-cache/2b062dea4163f5d3e442202215294cce30d220df/output/res/drawable-hdpi-v4/quantum_ic_play_arrow_grey600_36.png"
    },
    {
        "merged": "/Users/14leec1/AndroidStudioProjects/Civic-app-master/Sus/app/build/intermediates/res/merged/release/drawable-hdpi-v4/abc_text_select_handle_left_mtrl_dark.png",
        "source": "/Users/14leec1/.android/build-cache/afbe29f57f18bdcb21348ed524eb6be0cd8d61ae/output/res/drawable-hdpi-v4/abc_text_select_handle_left_mtrl_dark.png"
    },
    {
        "merged": "/Users/14leec1/AndroidStudioProjects/Civic-app-master/Sus/app/build/intermediates/res/merged/release/drawable-hdpi-v4/abc_list_longpressed_holo.9.png",
        "source": "/Users/14leec1/.android/build-cache/afbe29f57f18bdcb21348ed524eb6be0cd8d61ae/output/res/drawable-hdpi-v4/abc_list_longpressed_holo.9.png"
    },
    {
        "merged": "/Users/14leec1/AndroidStudioProjects/Civic-app-master/Sus/app/build/intermediates/res/merged/release/drawable-hdpi-v4/quantum_ic_play_circle_filled_grey600_36.png",
        "source": "/Users/14leec1/.android/build-cache/2b062dea4163f5d3e442202215294cce30d220df/output/res/drawable-hdpi-v4/quantum_ic_play_circle_filled_grey600_36.png"
    },
    {
        "merged": "/Users/14leec1/AndroidStudioProjects/Civic-app-master/Sus/app/build/intermediates/res/merged/release/drawable-hdpi-v4/ic_speaker_dark.png",
        "source": "/Users/14leec1/.android/build-cache/6303f2447d0b215c6c4fc6a0803a9d4ab2d6ea3c/output/res/drawable-hdpi-v4/ic_speaker_dark.png"
    },
    {
        "merged": "/Users/14leec1/AndroidStudioProjects/Civic-app-master/Sus/app/build/intermediates/res/merged/release/drawable-hdpi-v4/quantum_ic_stop_white_24.png",
        "source": "/Users/14leec1/.android/build-cache/2b062dea4163f5d3e442202215294cce30d220df/output/res/drawable-hdpi-v4/quantum_ic_stop_white_24.png"
    },
    {
        "merged": "/Users/14leec1/AndroidStudioProjects/Civic-app-master/Sus/app/build/intermediates/res/merged/release/drawable-hdpi-v4/quantum_ic_play_arrow_grey600_48.png",
        "source": "/Users/14leec1/.android/build-cache/2b062dea4163f5d3e442202215294cce30d220df/output/res/drawable-hdpi-v4/quantum_ic_play_arrow_grey600_48.png"
    },
    {
        "merged": "/Users/14leec1/AndroidStudioProjects/Civic-app-master/Sus/app/build/intermediates/res/merged/release/drawable-hdpi-v4/notification_bg_low_pressed.9.png",
        "source": "/Users/14leec1/.android/build-cache/afbe29f57f18bdcb21348ed524eb6be0cd8d61ae/output/res/drawable-hdpi-v4/notification_bg_low_pressed.9.png"
    },
    {
        "merged": "/Users/14leec1/AndroidStudioProjects/Civic-app-master/Sus/app/build/intermediates/res/merged/release/drawable-hdpi-v4/abc_list_pressed_holo_light.9.png",
        "source": "/Users/14leec1/.android/build-cache/afbe29f57f18bdcb21348ed524eb6be0cd8d61ae/output/res/drawable-hdpi-v4/abc_list_pressed_holo_light.9.png"
    },
    {
        "merged": "/Users/14leec1/AndroidStudioProjects/Civic-app-master/Sus/app/build/intermediates/res/merged/release/drawable-hdpi-v4/com_facebook_tooltip_blue_xout.png",
        "source": "/Users/14leec1/.android/build-cache/e7c3fb2fae2087caad0ff0f902c7d6c404f266fd/output/res/drawable-hdpi-v4/com_facebook_tooltip_blue_xout.png"
    },
    {
        "merged": "/Users/14leec1/AndroidStudioProjects/Civic-app-master/Sus/app/build/intermediates/res/merged/release/drawable-hdpi-v4/ic_speaker_group_dark.png",
        "source": "/Users/14leec1/.android/build-cache/6303f2447d0b215c6c4fc6a0803a9d4ab2d6ea3c/output/res/drawable-hdpi-v4/ic_speaker_group_dark.png"
    },
    {
        "merged": "/Users/14leec1/AndroidStudioProjects/Civic-app-master/Sus/app/build/intermediates/res/merged/release/drawable-hdpi-v4/cast_ic_notification_2.png",
        "source": "/Users/14leec1/.android/build-cache/6fddc1117dca319301a0674abde2855c6ffec5b8/output/res/drawable-hdpi-v4/cast_ic_notification_2.png"
    },
    {
        "merged": "/Users/14leec1/AndroidStudioProjects/Civic-app-master/Sus/app/build/intermediates/res/merged/release/drawable-hdpi-v4/ic_plusone_small_off_client.png",
        "source": "/Users/14leec1/.android/build-cache/2cace3e22dd474153440b41bd84b2454809851e1/output/res/drawable-hdpi-v4/ic_plusone_small_off_client.png"
    },
    {
        "merged": "/Users/14leec1/AndroidStudioProjects/Civic-app-master/Sus/app/build/intermediates/res/merged/release/drawable-hdpi-v4/cast_ic_stop_circle_filled_grey600.png",
        "source": "/Users/14leec1/.android/build-cache/2b062dea4163f5d3e442202215294cce30d220df/output/res/drawable-hdpi-v4/cast_ic_stop_circle_filled_grey600.png"
    },
    {
        "merged": "/Users/14leec1/AndroidStudioProjects/Civic-app-master/Sus/app/build/intermediates/res/merged/release/drawable-hdpi-v4/ic_cast_disabled_light.png",
        "source": "/Users/14leec1/.android/build-cache/6303f2447d0b215c6c4fc6a0803a9d4ab2d6ea3c/output/res/drawable-hdpi-v4/ic_cast_disabled_light.png"
    },
    {
        "merged": "/Users/14leec1/AndroidStudioProjects/Civic-app-master/Sus/app/build/intermediates/res/merged/release/drawable-hdpi-v4/com_facebook_tooltip_blue_bottomnub.png",
        "source": "/Users/14leec1/.android/build-cache/e7c3fb2fae2087caad0ff0f902c7d6c404f266fd/output/res/drawable-hdpi-v4/com_facebook_tooltip_blue_bottomnub.png"
    },
    {
        "merged": "/Users/14leec1/AndroidStudioProjects/Civic-app-master/Sus/app/build/intermediates/res/merged/release/drawable-hdpi-v4/common_google_signin_btn_icon_dark_disabled.9.png",
        "source": "/Users/14leec1/.android/build-cache/0ad8bc32b47bd9b6a107e4fb2661747d1c54541f/output/res/drawable-hdpi-v4/common_google_signin_btn_icon_dark_disabled.9.png"
    },
    {
        "merged": "/Users/14leec1/AndroidStudioProjects/Civic-app-master/Sus/app/build/intermediates/res/merged/release/drawable-hdpi-v4/abc_list_pressed_holo_dark.9.png",
        "source": "/Users/14leec1/.android/build-cache/afbe29f57f18bdcb21348ed524eb6be0cd8d61ae/output/res/drawable-hdpi-v4/abc_list_pressed_holo_dark.9.png"
    },
    {
        "merged": "/Users/14leec1/AndroidStudioProjects/Civic-app-master/Sus/app/build/intermediates/res/merged/release/drawable-hdpi-v4/abc_text_select_handle_middle_mtrl_light.png",
        "source": "/Users/14leec1/.android/build-cache/afbe29f57f18bdcb21348ed524eb6be0cd8d61ae/output/res/drawable-hdpi-v4/abc_text_select_handle_middle_mtrl_light.png"
    },
    {
        "merged": "/Users/14leec1/AndroidStudioProjects/Civic-app-master/Sus/app/build/intermediates/res/merged/release/drawable-hdpi-v4/abc_list_focused_holo.9.png",
        "source": "/Users/14leec1/.android/build-cache/afbe29f57f18bdcb21348ed524eb6be0cd8d61ae/output/res/drawable-hdpi-v4/abc_list_focused_holo.9.png"
    },
    {
        "merged": "/Users/14leec1/AndroidStudioProjects/Civic-app-master/Sus/app/build/intermediates/res/merged/release/drawable-hdpi-v4/abc_list_selector_disabled_holo_light.9.png",
        "source": "/Users/14leec1/.android/build-cache/afbe29f57f18bdcb21348ed524eb6be0cd8d61ae/output/res/drawable-hdpi-v4/abc_list_selector_disabled_holo_light.9.png"
    },
    {
        "merged": "/Users/14leec1/AndroidStudioProjects/Civic-app-master/Sus/app/build/intermediates/res/merged/release/drawable-hdpi-v4/quantum_ic_skip_previous_grey600_36.png",
        "source": "/Users/14leec1/.android/build-cache/2b062dea4163f5d3e442202215294cce30d220df/output/res/drawable-hdpi-v4/quantum_ic_skip_previous_grey600_36.png"
    },
    {
        "merged": "/Users/14leec1/AndroidStudioProjects/Civic-app-master/Sus/app/build/intermediates/res/merged/release/drawable-hdpi-v4/abc_ic_star_half_black_16dp.png",
        "source": "/Users/14leec1/.android/build-cache/afbe29f57f18bdcb21348ed524eb6be0cd8d61ae/output/res/drawable-hdpi-v4/abc_ic_star_half_black_16dp.png"
    },
    {
        "merged": "/Users/14leec1/AndroidStudioProjects/Civic-app-master/Sus/app/build/intermediates/res/merged/release/drawable-hdpi-v4/abc_menu_hardkey_panel_mtrl_mult.9.png",
        "source": "/Users/14leec1/.android/build-cache/afbe29f57f18bdcb21348ed524eb6be0cd8d61ae/output/res/drawable-hdpi-v4/abc_menu_hardkey_panel_mtrl_mult.9.png"
    },
    {
        "merged": "/Users/14leec1/AndroidStudioProjects/Civic-app-master/Sus/app/build/intermediates/res/merged/release/drawable-hdpi-v4/design_ic_visibility.png",
        "source": "/Users/14leec1/.android/build-cache/bfa06dfd7875fd24563ce0e815efe52af2e97d4d/output/res/drawable-hdpi-v4/design_ic_visibility.png"
    },
    {
        "merged": "/Users/14leec1/AndroidStudioProjects/Civic-app-master/Sus/app/build/intermediates/res/merged/release/drawable-hdpi-v4/quantum_ic_skip_next_grey600_36.png",
        "source": "/Users/14leec1/.android/build-cache/2b062dea4163f5d3e442202215294cce30d220df/output/res/drawable-hdpi-v4/quantum_ic_skip_next_grey600_36.png"
    },
    {
        "merged": "/Users/14leec1/AndroidStudioProjects/Civic-app-master/Sus/app/build/intermediates/res/merged/release/drawable-hdpi-v4/abc_ic_menu_paste_mtrl_am_alpha.png",
        "source": "/Users/14leec1/.android/build-cache/afbe29f57f18bdcb21348ed524eb6be0cd8d61ae/output/res/drawable-hdpi-v4/abc_ic_menu_paste_mtrl_am_alpha.png"
    },
    {
        "merged": "/Users/14leec1/AndroidStudioProjects/Civic-app-master/Sus/app/build/intermediates/res/merged/release/drawable-hdpi-v4/cast_ic_notification_1.png",
        "source": "/Users/14leec1/.android/build-cache/6fddc1117dca319301a0674abde2855c6ffec5b8/output/res/drawable-hdpi-v4/cast_ic_notification_1.png"
    },
    {
        "merged": "/Users/14leec1/AndroidStudioProjects/Civic-app-master/Sus/app/build/intermediates/res/merged/release/drawable-hdpi-v4/abc_ic_star_black_48dp.png",
        "source": "/Users/14leec1/.android/build-cache/afbe29f57f18bdcb21348ed524eb6be0cd8d61ae/output/res/drawable-hdpi-v4/abc_ic_star_black_48dp.png"
    },
    {
        "merged": "/Users/14leec1/AndroidStudioProjects/Civic-app-master/Sus/app/build/intermediates/res/merged/release/drawable-hdpi-v4/quantum_ic_pause_circle_filled_grey600_36.png",
        "source": "/Users/14leec1/.android/build-cache/2b062dea4163f5d3e442202215294cce30d220df/output/res/drawable-hdpi-v4/quantum_ic_pause_circle_filled_grey600_36.png"
    },
    {
        "merged": "/Users/14leec1/AndroidStudioProjects/Civic-app-master/Sus/app/build/intermediates/res/merged/release/drawable-hdpi-v4/quantum_ic_volume_off_grey600_36.png",
        "source": "/Users/14leec1/.android/build-cache/2b062dea4163f5d3e442202215294cce30d220df/output/res/drawable-hdpi-v4/quantum_ic_volume_off_grey600_36.png"
    },
    {
        "merged": "/Users/14leec1/AndroidStudioProjects/Civic-app-master/Sus/app/build/intermediates/res/merged/release/drawable-hdpi-v4/quantum_ic_closed_caption_grey600_36.png",
        "source": "/Users/14leec1/.android/build-cache/2b062dea4163f5d3e442202215294cce30d220df/output/res/drawable-hdpi-v4/quantum_ic_closed_caption_grey600_36.png"
    },
    {
        "merged": "/Users/14leec1/AndroidStudioProjects/Civic-app-master/Sus/app/build/intermediates/res/merged/release/drawable-hdpi-v4/cast_abc_scrubber_control_to_pressed_mtrl_000.png",
        "source": "/Users/14leec1/.android/build-cache/2b062dea4163f5d3e442202215294cce30d220df/output/res/drawable-hdpi-v4/cast_abc_scrubber_control_to_pressed_mtrl_000.png"
    },
    {
        "merged": "/Users/14leec1/AndroidStudioProjects/Civic-app-master/Sus/app/build/intermediates/res/merged/release/drawable-hdpi-v4/com_facebook_tooltip_black_topnub.png",
        "source": "/Users/14leec1/.android/build-cache/e7c3fb2fae2087caad0ff0f902c7d6c404f266fd/output/res/drawable-hdpi-v4/com_facebook_tooltip_black_topnub.png"
    },
    {
        "merged": "/Users/14leec1/AndroidStudioProjects/Civic-app-master/Sus/app/build/intermediates/res/merged/release/drawable-hdpi-v4/quantum_ic_cast_connected_white_24.png",
        "source": "/Users/14leec1/.android/build-cache/2b062dea4163f5d3e442202215294cce30d220df/output/res/drawable-hdpi-v4/quantum_ic_cast_connected_white_24.png"
    },
    {
        "merged": "/Users/14leec1/AndroidStudioProjects/Civic-app-master/Sus/app/build/intermediates/res/merged/release/drawable-hdpi-v4/cast_abc_scrubber_control_off_mtrl_alpha.png",
        "source": "/Users/14leec1/.android/build-cache/2b062dea4163f5d3e442202215294cce30d220df/output/res/drawable-hdpi-v4/cast_abc_scrubber_control_off_mtrl_alpha.png"
    },
    {
        "merged": "/Users/14leec1/AndroidStudioProjects/Civic-app-master/Sus/app/build/intermediates/res/merged/release/drawable-hdpi-v4/quantum_ic_replay_white_24.png",
        "source": "/Users/14leec1/.android/build-cache/2b062dea4163f5d3e442202215294cce30d220df/output/res/drawable-hdpi-v4/quantum_ic_replay_white_24.png"
    },
    {
        "merged": "/Users/14leec1/AndroidStudioProjects/Civic-app-master/Sus/app/build/intermediates/res/merged/release/drawable-hdpi-v4/abc_scrubber_control_to_pressed_mtrl_000.png",
        "source": "/Users/14leec1/.android/build-cache/afbe29f57f18bdcb21348ed524eb6be0cd8d61ae/output/res/drawable-hdpi-v4/abc_scrubber_control_to_pressed_mtrl_000.png"
    },
    {
        "merged": "/Users/14leec1/AndroidStudioProjects/Civic-app-master/Sus/app/build/intermediates/res/merged/release/drawable-hdpi-v4/quantum_ic_keyboard_arrow_down_white_36.png",
        "source": "/Users/14leec1/.android/build-cache/2b062dea4163f5d3e442202215294cce30d220df/output/res/drawable-hdpi-v4/quantum_ic_keyboard_arrow_down_white_36.png"
    },
    {
        "merged": "/Users/14leec1/AndroidStudioProjects/Civic-app-master/Sus/app/build/intermediates/res/merged/release/drawable-hdpi-v4/ic_tv_dark.png",
        "source": "/Users/14leec1/.android/build-cache/6303f2447d0b215c6c4fc6a0803a9d4ab2d6ea3c/output/res/drawable-hdpi-v4/ic_tv_dark.png"
    },
    {
        "merged": "/Users/14leec1/AndroidStudioProjects/Civic-app-master/Sus/app/build/intermediates/res/merged/release/drawable-hdpi-v4/arcgisruntime_location_display_default_symbol.png",
        "source": "/Users/14leec1/.android/build-cache/777b6db744ffb190fed99248bbdee40a97ea2e56/output/res/drawable-hdpi-v4/arcgisruntime_location_display_default_symbol.png"
    },
    {
        "merged": "/Users/14leec1/AndroidStudioProjects/Civic-app-master/Sus/app/build/intermediates/res/merged/release/drawable-hdpi-v4/quantum_ic_refresh_white_24.png",
        "source": "/Users/14leec1/.android/build-cache/2b062dea4163f5d3e442202215294cce30d220df/output/res/drawable-hdpi-v4/quantum_ic_refresh_white_24.png"
    },
    {
        "merged": "/Users/14leec1/AndroidStudioProjects/Civic-app-master/Sus/app/build/intermediates/res/merged/release/drawable-hdpi-v4/quantum_ic_volume_off_white_36.png",
        "source": "/Users/14leec1/.android/build-cache/2b062dea4163f5d3e442202215294cce30d220df/output/res/drawable-hdpi-v4/quantum_ic_volume_off_white_36.png"
    },
    {
        "merged": "/Users/14leec1/AndroidStudioProjects/Civic-app-master/Sus/app/build/intermediates/res/merged/release/drawable-hdpi-v4/common_google_signin_btn_text_dark_disabled.9.png",
        "source": "/Users/14leec1/.android/build-cache/0ad8bc32b47bd9b6a107e4fb2661747d1c54541f/output/res/drawable-hdpi-v4/common_google_signin_btn_text_dark_disabled.9.png"
    },
    {
        "merged": "/Users/14leec1/AndroidStudioProjects/Civic-app-master/Sus/app/build/intermediates/res/merged/release/drawable-hdpi-v4/messenger_bubble_large_white.png",
        "source": "/Users/14leec1/.android/build-cache/e7c3fb2fae2087caad0ff0f902c7d6c404f266fd/output/res/drawable-hdpi-v4/messenger_bubble_large_white.png"
    },
    {
        "merged": "/Users/14leec1/AndroidStudioProjects/Civic-app-master/Sus/app/build/intermediates/res/merged/release/drawable-hdpi-v4/quantum_ic_clear_white_24.png",
        "source": "/Users/14leec1/.android/build-cache/2b062dea4163f5d3e442202215294cce30d220df/output/res/drawable-hdpi-v4/quantum_ic_clear_white_24.png"
    },
    {
        "merged": "/Users/14leec1/AndroidStudioProjects/Civic-app-master/Sus/app/build/intermediates/res/merged/release/drawable-hdpi-v4/messenger_button_send_round_shadow.png",
        "source": "/Users/14leec1/.android/build-cache/e7c3fb2fae2087caad0ff0f902c7d6c404f266fd/output/res/drawable-hdpi-v4/messenger_button_send_round_shadow.png"
    },
    {
        "merged": "/Users/14leec1/AndroidStudioProjects/Civic-app-master/Sus/app/build/intermediates/res/merged/release/drawable-hdpi-v4/com_facebook_button_send_icon_white.png",
        "source": "/Users/14leec1/.android/build-cache/e7c3fb2fae2087caad0ff0f902c7d6c404f266fd/output/res/drawable-hdpi-v4/com_facebook_button_send_icon_white.png"
    },
    {
        "merged": "/Users/14leec1/AndroidStudioProjects/Civic-app-master/Sus/app/build/intermediates/res/merged/release/drawable-hdpi-v4/com_facebook_close.png",
        "source": "/Users/14leec1/.android/build-cache/e7c3fb2fae2087caad0ff0f902c7d6c404f266fd/output/res/drawable-hdpi-v4/com_facebook_close.png"
    },
    {
        "merged": "/Users/14leec1/AndroidStudioProjects/Civic-app-master/Sus/app/build/intermediates/res/merged/release/drawable-hdpi-v4/quantum_ic_pause_white_24.png",
        "source": "/Users/14leec1/.android/build-cache/2b062dea4163f5d3e442202215294cce30d220df/output/res/drawable-hdpi-v4/quantum_ic_pause_white_24.png"
    },
    {
        "merged": "/Users/14leec1/AndroidStudioProjects/Civic-app-master/Sus/app/build/intermediates/res/merged/release/drawable-hdpi-v4/quantum_ic_pause_circle_filled_white_36.png",
        "source": "/Users/14leec1/.android/build-cache/2b062dea4163f5d3e442202215294cce30d220df/output/res/drawable-hdpi-v4/quantum_ic_pause_circle_filled_white_36.png"
    },
    {
        "merged": "/Users/14leec1/AndroidStudioProjects/Civic-app-master/Sus/app/build/intermediates/res/merged/release/drawable-hdpi-v4/abc_text_select_handle_right_mtrl_dark.png",
        "source": "/Users/14leec1/.android/build-cache/afbe29f57f18bdcb21348ed524eb6be0cd8d61ae/output/res/drawable-hdpi-v4/abc_text_select_handle_right_mtrl_dark.png"
    },
    {
        "merged": "/Users/14leec1/AndroidStudioProjects/Civic-app-master/Sus/app/build/intermediates/res/merged/release/drawable-hdpi-v4/abc_list_divider_mtrl_alpha.9.png",
        "source": "/Users/14leec1/.android/build-cache/afbe29f57f18bdcb21348ed524eb6be0cd8d61ae/output/res/drawable-hdpi-v4/abc_list_divider_mtrl_alpha.9.png"
    },
    {
        "merged": "/Users/14leec1/AndroidStudioProjects/Civic-app-master/Sus/app/build/intermediates/res/merged/release/drawable-hdpi-v4/ic_plusone_tall_off_client.png",
        "source": "/Users/14leec1/.android/build-cache/2cace3e22dd474153440b41bd84b2454809851e1/output/res/drawable-hdpi-v4/ic_plusone_tall_off_client.png"
    },
    {
        "merged": "/Users/14leec1/AndroidStudioProjects/Civic-app-master/Sus/app/build/intermediates/res/merged/release/drawable-hdpi-v4/ic_media_pause.png",
        "source": "/Users/14leec1/.android/build-cache/6303f2447d0b215c6c4fc6a0803a9d4ab2d6ea3c/output/res/drawable-hdpi-v4/ic_media_pause.png"
    },
    {
        "merged": "/Users/14leec1/AndroidStudioProjects/Civic-app-master/Sus/app/build/intermediates/res/merged/release/drawable-hdpi-v4/quantum_ic_replay_10_white_24.png",
        "source": "/Users/14leec1/.android/build-cache/2b062dea4163f5d3e442202215294cce30d220df/output/res/drawable-hdpi-v4/quantum_ic_replay_10_white_24.png"
    },
    {
        "merged": "/Users/14leec1/AndroidStudioProjects/Civic-app-master/Sus/app/build/intermediates/res/merged/release/drawable-hdpi-v4/places_ic_search.png",
        "source": "/Users/14leec1/.android/build-cache/eceeeb909d8e1eef6feb4c4e84c99257903967d3/output/res/drawable-hdpi-v4/places_ic_search.png"
    },
    {
        "merged": "/Users/14leec1/AndroidStudioProjects/Civic-app-master/Sus/app/build/intermediates/res/merged/release/drawable-hdpi-v4/powered_by_google_dark.png",
        "source": "/Users/14leec1/.android/build-cache/eceeeb909d8e1eef6feb4c4e84c99257903967d3/output/res/drawable-hdpi-v4/powered_by_google_dark.png"
    },
    {
        "merged": "/Users/14leec1/AndroidStudioProjects/Civic-app-master/Sus/app/build/intermediates/res/merged/release/drawable-hdpi-v4/ic_cast_off_light.png",
        "source": "/Users/14leec1/.android/build-cache/6303f2447d0b215c6c4fc6a0803a9d4ab2d6ea3c/output/res/drawable-hdpi-v4/ic_cast_off_light.png"
    },
    {
        "merged": "/Users/14leec1/AndroidStudioProjects/Civic-app-master/Sus/app/build/intermediates/res/merged/release/drawable-hdpi-v4/com_facebook_tooltip_black_xout.png",
        "source": "/Users/14leec1/.android/build-cache/e7c3fb2fae2087caad0ff0f902c7d6c404f266fd/output/res/drawable-hdpi-v4/com_facebook_tooltip_black_xout.png"
    },
    {
        "merged": "/Users/14leec1/AndroidStudioProjects/Civic-app-master/Sus/app/build/intermediates/res/merged/release/drawable-hdpi-v4/abc_scrubber_primary_mtrl_alpha.9.png",
        "source": "/Users/14leec1/.android/build-cache/afbe29f57f18bdcb21348ed524eb6be0cd8d61ae/output/res/drawable-hdpi-v4/abc_scrubber_primary_mtrl_alpha.9.png"
    },
    {
        "merged": "/Users/14leec1/AndroidStudioProjects/Civic-app-master/Sus/app/build/intermediates/res/merged/release/drawable-hdpi-v4/places_ic_clear.png",
        "source": "/Users/14leec1/.android/build-cache/eceeeb909d8e1eef6feb4c4e84c99257903967d3/output/res/drawable-hdpi-v4/places_ic_clear.png"
    },
    {
        "merged": "/Users/14leec1/AndroidStudioProjects/Civic-app-master/Sus/app/build/intermediates/res/merged/release/drawable-hdpi-v4/cast_ic_stop_circle_filled_white.png",
        "source": "/Users/14leec1/.android/build-cache/2b062dea4163f5d3e442202215294cce30d220df/output/res/drawable-hdpi-v4/cast_ic_stop_circle_filled_white.png"
    },
    {
        "merged": "/Users/14leec1/AndroidStudioProjects/Civic-app-master/Sus/app/build/intermediates/res/merged/release/drawable-hdpi-v4/quantum_ic_cast_white_36.png",
        "source": "/Users/14leec1/.android/build-cache/2b062dea4163f5d3e442202215294cce30d220df/output/res/drawable-hdpi-v4/quantum_ic_cast_white_36.png"
    },
    {
        "merged": "/Users/14leec1/AndroidStudioProjects/Civic-app-master/Sus/app/build/intermediates/res/merged/release/drawable-hdpi-v4/abc_scrubber_control_off_mtrl_alpha.png",
        "source": "/Users/14leec1/.android/build-cache/afbe29f57f18bdcb21348ed524eb6be0cd8d61ae/output/res/drawable-hdpi-v4/abc_scrubber_control_off_mtrl_alpha.png"
    },
    {
        "merged": "/Users/14leec1/AndroidStudioProjects/Civic-app-master/Sus/app/build/intermediates/res/merged/release/drawable-hdpi-v4/cast_abc_scrubber_control_to_pressed_mtrl_005.png",
        "source": "/Users/14leec1/.android/build-cache/2b062dea4163f5d3e442202215294cce30d220df/output/res/drawable-hdpi-v4/cast_abc_scrubber_control_to_pressed_mtrl_005.png"
    },
    {
        "merged": "/Users/14leec1/AndroidStudioProjects/Civic-app-master/Sus/app/build/intermediates/res/merged/release/drawable-hdpi-v4/ic_audiotrack_light.png",
        "source": "/Users/14leec1/.android/build-cache/6303f2447d0b215c6c4fc6a0803a9d4ab2d6ea3c/output/res/drawable-hdpi-v4/ic_audiotrack_light.png"
    },
    {
        "merged": "/Users/14leec1/AndroidStudioProjects/Civic-app-master/Sus/app/build/intermediates/res/merged/release/drawable-hdpi-v4/common_google_signin_btn_text_light_disabled.9.png",
        "source": "/Users/14leec1/.android/build-cache/0ad8bc32b47bd9b6a107e4fb2661747d1c54541f/output/res/drawable-hdpi-v4/common_google_signin_btn_text_light_disabled.9.png"
    },
    {
        "merged": "/Users/14leec1/AndroidStudioProjects/Civic-app-master/Sus/app/build/intermediates/res/merged/release/drawable-hdpi-v4/abc_ic_star_black_36dp.png",
        "source": "/Users/14leec1/.android/build-cache/afbe29f57f18bdcb21348ed524eb6be0cd8d61ae/output/res/drawable-hdpi-v4/abc_ic_star_black_36dp.png"
    },
    {
        "merged": "/Users/14leec1/AndroidStudioProjects/Civic-app-master/Sus/app/build/intermediates/res/merged/release/drawable-hdpi-v4/ic_plusone_medium_off_client.png",
        "source": "/Users/14leec1/.android/build-cache/2cace3e22dd474153440b41bd84b2454809851e1/output/res/drawable-hdpi-v4/ic_plusone_medium_off_client.png"
    },
    {
        "merged": "/Users/14leec1/AndroidStudioProjects/Civic-app-master/Sus/app/build/intermediates/res/merged/release/drawable-hdpi-v4/ic_close_light.png",
        "source": "/Users/14leec1/.android/build-cache/6303f2447d0b215c6c4fc6a0803a9d4ab2d6ea3c/output/res/drawable-hdpi-v4/ic_close_light.png"
    },
    {
        "merged": "/Users/14leec1/AndroidStudioProjects/Civic-app-master/Sus/app/build/intermediates/res/merged/release/drawable-hdpi-v4/quantum_ic_replay_30_grey600_36.png",
        "source": "/Users/14leec1/.android/build-cache/2b062dea4163f5d3e442202215294cce30d220df/output/res/drawable-hdpi-v4/quantum_ic_replay_30_grey600_36.png"
    },
    {
        "merged": "/Users/14leec1/AndroidStudioProjects/Civic-app-master/Sus/app/build/intermediates/res/merged/release/drawable-hdpi-v4/notify_panel_notification_icon_bg.png",
        "source": "/Users/14leec1/.android/build-cache/afbe29f57f18bdcb21348ed524eb6be0cd8d61ae/output/res/drawable-hdpi-v4/notify_panel_notification_icon_bg.png"
    },
    {
        "merged": "/Users/14leec1/AndroidStudioProjects/Civic-app-master/Sus/app/build/intermediates/res/merged/release/drawable-hdpi-v4/ic_play_dark.png",
        "source": "/Users/14leec1/.android/build-cache/6303f2447d0b215c6c4fc6a0803a9d4ab2d6ea3c/output/res/drawable-hdpi-v4/ic_play_dark.png"
    },
    {
        "merged": "/Users/14leec1/AndroidStudioProjects/Civic-app-master/Sus/app/build/intermediates/res/merged/release/drawable-hdpi-v4/design_ic_visibility_off.png",
        "source": "/Users/14leec1/.android/build-cache/bfa06dfd7875fd24563ce0e815efe52af2e97d4d/output/res/drawable-hdpi-v4/design_ic_visibility_off.png"
    },
    {
        "merged": "/Users/14leec1/AndroidStudioProjects/Civic-app-master/Sus/app/build/intermediates/res/merged/release/drawable-hdpi-v4/abc_ic_menu_share_mtrl_alpha.png",
        "source": "/Users/14leec1/.android/build-cache/afbe29f57f18bdcb21348ed524eb6be0cd8d61ae/output/res/drawable-hdpi-v4/abc_ic_menu_share_mtrl_alpha.png"
    },
    {
        "merged": "/Users/14leec1/AndroidStudioProjects/Civic-app-master/Sus/app/build/intermediates/res/merged/release/drawable-hdpi-v4/ic_media_route_off_mono_dark.png",
        "source": "/Users/14leec1/.android/build-cache/6303f2447d0b215c6c4fc6a0803a9d4ab2d6ea3c/output/res/drawable-hdpi-v4/ic_media_route_off_mono_dark.png"
    },
    {
        "merged": "/Users/14leec1/AndroidStudioProjects/Civic-app-master/Sus/app/build/intermediates/res/merged/release/drawable-hdpi-v4/arcgisruntime_mapview_magnifier_mask.png",
        "source": "/Users/14leec1/.android/build-cache/777b6db744ffb190fed99248bbdee40a97ea2e56/output/res/drawable-hdpi-v4/arcgisruntime_mapview_magnifier_mask.png"
    },
    {
        "merged": "/Users/14leec1/AndroidStudioProjects/Civic-app-master/Sus/app/build/intermediates/res/merged/release/drawable-hdpi-v4/abc_ab_share_pack_mtrl_alpha.9.png",
        "source": "/Users/14leec1/.android/build-cache/afbe29f57f18bdcb21348ed524eb6be0cd8d61ae/output/res/drawable-hdpi-v4/abc_ab_share_pack_mtrl_alpha.9.png"
    },
    {
        "merged": "/Users/14leec1/AndroidStudioProjects/Civic-app-master/Sus/app/build/intermediates/res/merged/release/drawable-hdpi-v4/abc_btn_switch_to_on_mtrl_00001.9.png",
        "source": "/Users/14leec1/.android/build-cache/afbe29f57f18bdcb21348ed524eb6be0cd8d61ae/output/res/drawable-hdpi-v4/abc_btn_switch_to_on_mtrl_00001.9.png"
    },
    {
        "merged": "/Users/14leec1/AndroidStudioProjects/Civic-app-master/Sus/app/build/intermediates/res/merged/release/drawable-hdpi-v4/messenger_bubble_large_blue.png",
        "source": "/Users/14leec1/.android/build-cache/e7c3fb2fae2087caad0ff0f902c7d6c404f266fd/output/res/drawable-hdpi-v4/messenger_bubble_large_blue.png"
    },
    {
        "merged": "/Users/14leec1/AndroidStudioProjects/Civic-app-master/Sus/app/build/intermediates/res/merged/release/drawable-hdpi-v4/quantum_ic_art_track_grey600_48.png",
        "source": "/Users/14leec1/.android/build-cache/2b062dea4163f5d3e442202215294cce30d220df/output/res/drawable-hdpi-v4/quantum_ic_art_track_grey600_48.png"
    },
    {
        "merged": "/Users/14leec1/AndroidStudioProjects/Civic-app-master/Sus/app/build/intermediates/res/merged/release/drawable-hdpi-v4/notification_bg_normal.9.png",
        "source": "/Users/14leec1/.android/build-cache/afbe29f57f18bdcb21348ed524eb6be0cd8d61ae/output/res/drawable-hdpi-v4/notification_bg_normal.9.png"
    },
    {
        "merged": "/Users/14leec1/AndroidStudioProjects/Civic-app-master/Sus/app/build/intermediates/res/merged/release/drawable-hdpi-v4/common_full_open_on_phone.png",
        "source": "/Users/14leec1/.android/build-cache/0ad8bc32b47bd9b6a107e4fb2661747d1c54541f/output/res/drawable-hdpi-v4/common_full_open_on_phone.png"
    },
    {
        "merged": "/Users/14leec1/AndroidStudioProjects/Civic-app-master/Sus/app/build/intermediates/res/merged/release/drawable-hdpi-v4/common_google_signin_btn_icon_light_pressed.9.png",
        "source": "/Users/14leec1/.android/build-cache/0ad8bc32b47bd9b6a107e4fb2661747d1c54541f/output/res/drawable-hdpi-v4/common_google_signin_btn_icon_light_pressed.9.png"
    },
    {
        "merged": "/Users/14leec1/AndroidStudioProjects/Civic-app-master/Sus/app/build/intermediates/res/merged/release/drawable-hdpi-v4/arcgisruntime_location_display_acquiring_symbol.png",
        "source": "/Users/14leec1/.android/build-cache/777b6db744ffb190fed99248bbdee40a97ea2e56/output/res/drawable-hdpi-v4/arcgisruntime_location_display_acquiring_symbol.png"
    },
    {
        "merged": "/Users/14leec1/AndroidStudioProjects/Civic-app-master/Sus/app/build/intermediates/res/merged/release/drawable-hdpi-v4/com_facebook_tooltip_blue_background.9.png",
        "source": "/Users/14leec1/.android/build-cache/e7c3fb2fae2087caad0ff0f902c7d6c404f266fd/output/res/drawable-hdpi-v4/com_facebook_tooltip_blue_background.9.png"
    },
    {
        "merged": "/Users/14leec1/AndroidStudioProjects/Civic-app-master/Sus/app/build/intermediates/res/merged/release/drawable-hdpi-v4/notification_bg_low_normal.9.png",
        "source": "/Users/14leec1/.android/build-cache/afbe29f57f18bdcb21348ed524eb6be0cd8d61ae/output/res/drawable-hdpi-v4/notification_bg_low_normal.9.png"
    },
    {
        "merged": "/Users/14leec1/AndroidStudioProjects/Civic-app-master/Sus/app/build/intermediates/res/merged/release/drawable-hdpi-v4/common_google_signin_btn_text_dark_pressed.9.png",
        "source": "/Users/14leec1/.android/build-cache/0ad8bc32b47bd9b6a107e4fb2661747d1c54541f/output/res/drawable-hdpi-v4/common_google_signin_btn_text_dark_pressed.9.png"
    },
    {
        "merged": "/Users/14leec1/AndroidStudioProjects/Civic-app-master/Sus/app/build/intermediates/res/merged/release/drawable-hdpi-v4/abc_btn_radio_to_on_mtrl_015.png",
        "source": "/Users/14leec1/.android/build-cache/afbe29f57f18bdcb21348ed524eb6be0cd8d61ae/output/res/drawable-hdpi-v4/abc_btn_radio_to_on_mtrl_015.png"
    },
    {
        "merged": "/Users/14leec1/AndroidStudioProjects/Civic-app-master/Sus/app/build/intermediates/res/merged/release/drawable-hdpi-v4/com_facebook_button_like_icon_selected.png",
        "source": "/Users/14leec1/.android/build-cache/e7c3fb2fae2087caad0ff0f902c7d6c404f266fd/output/res/drawable-hdpi-v4/com_facebook_button_like_icon_selected.png"
    },
    {
        "merged": "/Users/14leec1/AndroidStudioProjects/Civic-app-master/Sus/app/build/intermediates/res/merged/release/drawable-hdpi-v4/com_facebook_button_icon_blue.png",
        "source": "/Users/14leec1/.android/build-cache/e7c3fb2fae2087caad0ff0f902c7d6c404f266fd/output/res/drawable-hdpi-v4/com_facebook_button_icon_blue.png"
    },
    {
        "merged": "/Users/14leec1/AndroidStudioProjects/Civic-app-master/Sus/app/build/intermediates/res/merged/release/drawable-hdpi-v4/quantum_ic_closed_caption_white_36.png",
        "source": "/Users/14leec1/.android/build-cache/2b062dea4163f5d3e442202215294cce30d220df/output/res/drawable-hdpi-v4/quantum_ic_closed_caption_white_36.png"
    },
    {
        "merged": "/Users/14leec1/AndroidStudioProjects/Civic-app-master/Sus/app/build/intermediates/res/merged/release/drawable-hdpi-v4/ic_media_route_disabled_mono_dark.png",
        "source": "/Users/14leec1/.android/build-cache/6303f2447d0b215c6c4fc6a0803a9d4ab2d6ea3c/output/res/drawable-hdpi-v4/ic_media_route_disabled_mono_dark.png"
    },
    {
        "merged": "/Users/14leec1/AndroidStudioProjects/Civic-app-master/Sus/app/build/intermediates/res/merged/release/drawable-hdpi-v4/abc_cab_background_top_mtrl_alpha.9.png",
        "source": "/Users/14leec1/.android/build-cache/afbe29f57f18bdcb21348ed524eb6be0cd8d61ae/output/res/drawable-hdpi-v4/abc_cab_background_top_mtrl_alpha.9.png"
    },
    {
        "merged": "/Users/14leec1/AndroidStudioProjects/Civic-app-master/Sus/app/build/intermediates/res/merged/release/drawable-hdpi-v4/abc_textfield_activated_mtrl_alpha.9.png",
        "source": "/Users/14leec1/.android/build-cache/afbe29f57f18bdcb21348ed524eb6be0cd8d61ae/output/res/drawable-hdpi-v4/abc_textfield_activated_mtrl_alpha.9.png"
    },
    {
        "merged": "/Users/14leec1/AndroidStudioProjects/Civic-app-master/Sus/app/build/intermediates/res/merged/release/drawable-hdpi-v4/abc_btn_switch_to_on_mtrl_00012.9.png",
        "source": "/Users/14leec1/.android/build-cache/afbe29f57f18bdcb21348ed524eb6be0cd8d61ae/output/res/drawable-hdpi-v4/abc_btn_switch_to_on_mtrl_00012.9.png"
    }
]