[
    {
        "outputFile": "/Users/14leec1/AndroidStudioProjects/Civic-app-master/Sus/app/build/intermediates/incremental/mergeReleaseResources/merged.dir/values-lt/values-lt.xml",
        "map": [
            {
                "to": {
                    "startLine": 2,
                    "startColumn": 4,
                    "startOffset": 105,
                    "endColumn": 115,
                    "endOffset": 216
                },
                "from": {
                    "file": "/Users/14leec1/.android/build-cache/afbe29f57f18bdcb21348ed524eb6be0cd8d61ae/output/res/values-lt/values-lt.xml",
                    "position": {
                        "startLine": 2,
                        "startColumn": 4,
                        "startOffset": 55,
                        "endColumn": 115,
                        "endOffset": 166
                    }
                }
            },
            {
                "to": {
                    "startLine": 3,
                    "startColumn": 4,
                    "startOffset": 221,
                    "endColumn": 107,
                    "endOffset": 324
                },
                "from": {
                    "file": "/Users/14leec1/.android/build-cache/afbe29f57f18bdcb21348ed524eb6be0cd8d61ae/output/res/values-lt/values-lt.xml",
                    "position": {
                        "startLine": 3,
                        "startColumn": 4,
                        "startOffset": 171,
                        "endColumn": 107,
                        "endOffset": 274
                    }
                }
            },
            {
                "to": {
                    "startLine": 4,
                    "startColumn": 4,
                    "startOffset": 329,
                    "endColumn": 122,
                    "endOffset": 447
                },
                "from": {
                    "file": "/Users/14leec1/.android/build-cache/afbe29f57f18bdcb21348ed524eb6be0cd8d61ae/output/res/values-lt/values-lt.xml",
                    "position": {
                        "startLine": 4,
                        "startColumn": 4,
                        "startOffset": 279,
                        "endColumn": 122,
                        "endOffset": 397
                    }
                }
            },
            {
                "to": {
                    "startLine": 5,
                    "startColumn": 4,
                    "startOffset": 452,
                    "endColumn": 100,
                    "endOffset": 548
                },
                "from": {
                    "file": "/Users/14leec1/.android/build-cache/afbe29f57f18bdcb21348ed524eb6be0cd8d61ae/output/res/values-lt/values-lt.xml",
                    "position": {
                        "startLine": 5,
                        "startColumn": 4,
                        "startOffset": 402,
                        "endColumn": 100,
                        "endOffset": 498
                    }
                }
            },
            {
                "to": {
                    "startLine": 6,
                    "startColumn": 4,
                    "startOffset": 553,
                    "endColumn": 112,
                    "endOffset": 661
                },
                "from": {
                    "file": "/Users/14leec1/.android/build-cache/afbe29f57f18bdcb21348ed524eb6be0cd8d61ae/output/res/values-lt/values-lt.xml",
                    "position": {
                        "startLine": 6,
                        "startColumn": 4,
                        "startOffset": 503,
                        "endColumn": 112,
                        "endOffset": 611
                    }
                }
            },
            {
                "to": {
                    "startLine": 7,
                    "startColumn": 4,
                    "startOffset": 666,
                    "endColumn": 86,
                    "endOffset": 748
                },
                "from": {
                    "file": "/Users/14leec1/.android/build-cache/afbe29f57f18bdcb21348ed524eb6be0cd8d61ae/output/res/values-lt/values-lt.xml",
                    "position": {
                        "startLine": 7,
                        "startColumn": 4,
                        "startOffset": 616,
                        "endColumn": 86,
                        "endOffset": 698
                    }
                }
            },
            {
                "to": {
                    "startLine": 8,
                    "startColumn": 4,
                    "startOffset": 753,
                    "endColumn": 108,
                    "endOffset": 857
                },
                "from": {
                    "file": "/Users/14leec1/.android/build-cache/afbe29f57f18bdcb21348ed524eb6be0cd8d61ae/output/res/values-lt/values-lt.xml",
                    "position": {
                        "startLine": 8,
                        "startColumn": 4,
                        "startOffset": 703,
                        "endColumn": 108,
                        "endOffset": 807
                    }
                }
            },
            {
                "to": {
                    "startLine": 9,
                    "startColumn": 4,
                    "startOffset": 862,
                    "endColumn": 120,
                    "endOffset": 978
                },
                "from": {
                    "file": "/Users/14leec1/.android/build-cache/afbe29f57f18bdcb21348ed524eb6be0cd8d61ae/output/res/values-lt/values-lt.xml",
                    "position": {
                        "startLine": 9,
                        "startColumn": 4,
                        "startOffset": 812,
                        "endColumn": 120,
                        "endOffset": 928
                    }
                }
            },
            {
                "to": {
                    "startLine": 10,
                    "startColumn": 4,
                    "startOffset": 983,
                    "endColumn": 81,
                    "endOffset": 1060
                },
                "from": {
                    "file": "/Users/14leec1/.android/build-cache/afbe29f57f18bdcb21348ed524eb6be0cd8d61ae/output/res/values-lt/values-lt.xml",
                    "position": {
                        "startLine": 10,
                        "startColumn": 4,
                        "startOffset": 933,
                        "endColumn": 81,
                        "endOffset": 1010
                    }
                }
            },
            {
                "to": {
                    "startLine": 11,
                    "startColumn": 4,
                    "startOffset": 1065,
                    "endColumn": 80,
                    "endOffset": 1141
                },
                "from": {
                    "file": "/Users/14leec1/.android/build-cache/afbe29f57f18bdcb21348ed524eb6be0cd8d61ae/output/res/values-lt/values-lt.xml",
                    "position": {
                        "startLine": 11,
                        "startColumn": 4,
                        "startOffset": 1015,
                        "endColumn": 80,
                        "endOffset": 1091
                    }
                }
            },
            {
                "to": {
                    "startLine": 12,
                    "startColumn": 4,
                    "startOffset": 1146,
                    "endColumn": 84,
                    "endOffset": 1226
                },
                "from": {
                    "file": "/Users/14leec1/.android/build-cache/afbe29f57f18bdcb21348ed524eb6be0cd8d61ae/output/res/values-lt/values-lt.xml",
                    "position": {
                        "startLine": 12,
                        "startColumn": 4,
                        "startOffset": 1096,
                        "endColumn": 84,
                        "endOffset": 1176
                    }
                }
            },
            {
                "to": {
                    "startLine": 13,
                    "startColumn": 4,
                    "startOffset": 1231,
                    "endColumn": 108,
                    "endOffset": 1335
                },
                "from": {
                    "file": "/Users/14leec1/.android/build-cache/afbe29f57f18bdcb21348ed524eb6be0cd8d61ae/output/res/values-lt/values-lt.xml",
                    "position": {
                        "startLine": 13,
                        "startColumn": 4,
                        "startOffset": 1181,
                        "endColumn": 108,
                        "endOffset": 1285
                    }
                }
            },
            {
                "to": {
                    "startLine": 14,
                    "startColumn": 4,
                    "startOffset": 1340,
                    "endColumn": 108,
                    "endOffset": 1444
                },
                "from": {
                    "file": "/Users/14leec1/.android/build-cache/afbe29f57f18bdcb21348ed524eb6be0cd8d61ae/output/res/values-lt/values-lt.xml",
                    "position": {
                        "startLine": 14,
                        "startColumn": 4,
                        "startOffset": 1290,
                        "endColumn": 108,
                        "endOffset": 1394
                    }
                }
            },
            {
                "to": {
                    "startLine": 15,
                    "startColumn": 4,
                    "startOffset": 1449,
                    "endColumn": 99,
                    "endOffset": 1544
                },
                "from": {
                    "file": "/Users/14leec1/.android/build-cache/afbe29f57f18bdcb21348ed524eb6be0cd8d61ae/output/res/values-lt/values-lt.xml",
                    "position": {
                        "startLine": 15,
                        "startColumn": 4,
                        "startOffset": 1399,
                        "endColumn": 99,
                        "endOffset": 1494
                    }
                }
            },
            {
                "to": {
                    "startLine": 16,
                    "startColumn": 4,
                    "startOffset": 1549,
                    "endColumn": 109,
                    "endOffset": 1654
                },
                "from": {
                    "file": "/Users/14leec1/.android/build-cache/afbe29f57f18bdcb21348ed524eb6be0cd8d61ae/output/res/values-lt/values-lt.xml",
                    "position": {
                        "startLine": 16,
                        "startColumn": 4,
                        "startOffset": 1499,
                        "endColumn": 109,
                        "endOffset": 1604
                    }
                }
            },
            {
                "to": {
                    "startLine": 17,
                    "startColumn": 4,
                    "startOffset": 1659,
                    "endColumn": 103,
                    "endOffset": 1758
                },
                "from": {
                    "file": "/Users/14leec1/.android/build-cache/afbe29f57f18bdcb21348ed524eb6be0cd8d61ae/output/res/values-lt/values-lt.xml",
                    "position": {
                        "startLine": 17,
                        "startColumn": 4,
                        "startOffset": 1609,
                        "endColumn": 103,
                        "endOffset": 1708
                    }
                }
            },
            {
                "to": {
                    "startLine": 18,
                    "startColumn": 4,
                    "startOffset": 1763,
                    "endColumn": 112,
                    "endOffset": 1871
                },
                "from": {
                    "file": "/Users/14leec1/.android/build-cache/afbe29f57f18bdcb21348ed524eb6be0cd8d61ae/output/res/values-lt/values-lt.xml",
                    "position": {
                        "startLine": 18,
                        "startColumn": 4,
                        "startOffset": 1713,
                        "endColumn": 112,
                        "endOffset": 1821
                    }
                }
            },
            {
                "to": {
                    "startLine": 19,
                    "startColumn": 4,
                    "startOffset": 1876,
                    "endColumn": 129,
                    "endOffset": 2001
                },
                "from": {
                    "file": "/Users/14leec1/.android/build-cache/afbe29f57f18bdcb21348ed524eb6be0cd8d61ae/output/res/values-lt/values-lt.xml",
                    "position": {
                        "startLine": 19,
                        "startColumn": 4,
                        "startOffset": 1826,
                        "endColumn": 129,
                        "endOffset": 1951
                    }
                }
            },
            {
                "to": {
                    "startLine": 20,
                    "startColumn": 4,
                    "startOffset": 2006,
                    "endColumn": 100,
                    "endOffset": 2102
                },
                "from": {
                    "file": "/Users/14leec1/.android/build-cache/afbe29f57f18bdcb21348ed524eb6be0cd8d61ae/output/res/values-lt/values-lt.xml",
                    "position": {
                        "startLine": 20,
                        "startColumn": 4,
                        "startOffset": 1956,
                        "endColumn": 100,
                        "endOffset": 2052
                    }
                }
            },
            {
                "to": {
                    "startLine": 21,
                    "startColumn": 4,
                    "startOffset": 2107,
                    "endColumn": 72,
                    "endOffset": 2175
                },
                "from": {
                    "file": "/Users/14leec1/.android/build-cache/08c7c22f53081775450e442244fadb641005e811/output/res/values-lt/values.xml",
                    "position": {
                        "startLine": 4,
                        "startColumn": 0,
                        "startOffset": 237,
                        "endColumn": 68,
                        "endOffset": 305
                    }
                }
            },
            {
                "to": {
                    "startLine": 22,
                    "startColumn": 4,
                    "startOffset": 2180,
                    "endColumn": 81,
                    "endOffset": 2257
                },
                "from": {
                    "file": "/Users/14leec1/.android/build-cache/2b062dea4163f5d3e442202215294cce30d220df/output/res/values-lt/values.xml",
                    "position": {
                        "startLine": 4,
                        "startColumn": 0,
                        "startOffset": 298,
                        "endColumn": 77,
                        "endOffset": 375
                    }
                }
            },
            {
                "to": {
                    "startLine": 23,
                    "startColumn": 4,
                    "startOffset": 2262,
                    "endColumn": 99,
                    "endOffset": 2357
                },
                "from": {
                    "file": "/Users/14leec1/.android/build-cache/2b062dea4163f5d3e442202215294cce30d220df/output/res/values-lt/values.xml",
                    "position": {
                        "startLine": 5,
                        "startColumn": 0,
                        "startOffset": 376,
                        "endColumn": 95,
                        "endOffset": 471
                    }
                }
            },
            {
                "to": {
                    "startLine": 24,
                    "startColumn": 4,
                    "startOffset": 2362,
                    "endColumn": 88,
                    "endOffset": 2446
                },
                "from": {
                    "file": "/Users/14leec1/.android/build-cache/2b062dea4163f5d3e442202215294cce30d220df/output/res/values-lt/values.xml",
                    "position": {
                        "startLine": 6,
                        "startColumn": 0,
                        "startOffset": 472,
                        "endColumn": 84,
                        "endOffset": 556
                    }
                }
            },
            {
                "to": {
                    "startLine": 25,
                    "startColumn": 4,
                    "startOffset": 2451,
                    "endColumn": 113,
                    "endOffset": 2560
                },
                "from": {
                    "file": "/Users/14leec1/.android/build-cache/2b062dea4163f5d3e442202215294cce30d220df/output/res/values-lt/values.xml",
                    "position": {
                        "startLine": 7,
                        "startColumn": 0,
                        "startOffset": 557,
                        "endColumn": 109,
                        "endOffset": 666
                    }
                }
            },
            {
                "to": {
                    "startLine": 26,
                    "startColumn": 4,
                    "startOffset": 2565,
                    "endColumn": 82,
                    "endOffset": 2643
                },
                "from": {
                    "file": "/Users/14leec1/.android/build-cache/2b062dea4163f5d3e442202215294cce30d220df/output/res/values-lt/values.xml",
                    "position": {
                        "startLine": 8,
                        "startColumn": 0,
                        "startOffset": 667,
                        "endColumn": 78,
                        "endOffset": 745
                    }
                }
            },
            {
                "to": {
                    "startLine": 27,
                    "startColumn": 4,
                    "startOffset": 2648,
                    "endColumn": 120,
                    "endOffset": 2764
                },
                "from": {
                    "file": "/Users/14leec1/.android/build-cache/2b062dea4163f5d3e442202215294cce30d220df/output/res/values-lt/values.xml",
                    "position": {
                        "startLine": 9,
                        "startColumn": 0,
                        "startOffset": 746,
                        "endColumn": 116,
                        "endOffset": 862
                    }
                }
            },
            {
                "to": {
                    "startLine": 28,
                    "startColumn": 4,
                    "startOffset": 2769,
                    "endColumn": 115,
                    "endOffset": 2880
                },
                "from": {
                    "file": "/Users/14leec1/.android/build-cache/2b062dea4163f5d3e442202215294cce30d220df/output/res/values-lt/values.xml",
                    "position": {
                        "startLine": 10,
                        "startColumn": 0,
                        "startOffset": 863,
                        "endColumn": 111,
                        "endOffset": 974
                    }
                }
            },
            {
                "to": {
                    "startLine": 29,
                    "startColumn": 4,
                    "startOffset": 2885,
                    "endColumn": 128,
                    "endOffset": 3009
                },
                "from": {
                    "file": "/Users/14leec1/.android/build-cache/2b062dea4163f5d3e442202215294cce30d220df/output/res/values-lt/values.xml",
                    "position": {
                        "startLine": 11,
                        "startColumn": 0,
                        "startOffset": 975,
                        "endColumn": 124,
                        "endOffset": 1099
                    }
                }
            },
            {
                "to": {
                    "startLine": 30,
                    "startColumn": 4,
                    "startOffset": 3014,
                    "endColumn": 100,
                    "endOffset": 3110
                },
                "from": {
                    "file": "/Users/14leec1/.android/build-cache/2b062dea4163f5d3e442202215294cce30d220df/output/res/values-lt/values.xml",
                    "position": {
                        "startLine": 12,
                        "startColumn": 0,
                        "startOffset": 1100,
                        "endColumn": 96,
                        "endOffset": 1196
                    }
                }
            },
            {
                "to": {
                    "startLine": 31,
                    "startColumn": 4,
                    "startOffset": 3115,
                    "endColumn": 106,
                    "endOffset": 3217
                },
                "from": {
                    "file": "/Users/14leec1/.android/build-cache/2b062dea4163f5d3e442202215294cce30d220df/output/res/values-lt/values.xml",
                    "position": {
                        "startLine": 13,
                        "startColumn": 0,
                        "startOffset": 1197,
                        "endColumn": 102,
                        "endOffset": 1299
                    }
                }
            },
            {
                "to": {
                    "startLine": 32,
                    "startColumn": 4,
                    "startOffset": 3222,
                    "endColumn": 77,
                    "endOffset": 3295
                },
                "from": {
                    "file": "/Users/14leec1/.android/build-cache/2b062dea4163f5d3e442202215294cce30d220df/output/res/values-lt/values.xml",
                    "position": {
                        "startLine": 14,
                        "startColumn": 0,
                        "startOffset": 1300,
                        "endColumn": 73,
                        "endOffset": 1373
                    }
                }
            },
            {
                "to": {
                    "startLine": 33,
                    "startColumn": 4,
                    "startOffset": 3300,
                    "endColumn": 97,
                    "endOffset": 3393
                },
                "from": {
                    "file": "/Users/14leec1/.android/build-cache/2b062dea4163f5d3e442202215294cce30d220df/output/res/values-lt/values.xml",
                    "position": {
                        "startLine": 15,
                        "startColumn": 0,
                        "startOffset": 1374,
                        "endColumn": 93,
                        "endOffset": 1467
                    }
                }
            },
            {
                "to": {
                    "startLine": 34,
                    "startColumn": 4,
                    "startOffset": 3398,
                    "endColumn": 101,
                    "endOffset": 3495
                },
                "from": {
                    "file": "/Users/14leec1/.android/build-cache/2b062dea4163f5d3e442202215294cce30d220df/output/res/values-lt/values.xml",
                    "position": {
                        "startLine": 16,
                        "startColumn": 0,
                        "startOffset": 1468,
                        "endColumn": 97,
                        "endOffset": 1565
                    }
                }
            },
            {
                "to": {
                    "startLine": 35,
                    "startColumn": 4,
                    "startOffset": 3500,
                    "endColumn": 107,
                    "endOffset": 3603
                },
                "from": {
                    "file": "/Users/14leec1/.android/build-cache/2b062dea4163f5d3e442202215294cce30d220df/output/res/values-lt/values.xml",
                    "position": {
                        "startLine": 17,
                        "startColumn": 0,
                        "startOffset": 1566,
                        "endColumn": 103,
                        "endOffset": 1669
                    }
                }
            },
            {
                "to": {
                    "startLine": 36,
                    "startColumn": 4,
                    "startOffset": 3608,
                    "endColumn": 77,
                    "endOffset": 3681
                },
                "from": {
                    "file": "/Users/14leec1/.android/build-cache/2b062dea4163f5d3e442202215294cce30d220df/output/res/values-lt/values.xml",
                    "position": {
                        "startLine": 18,
                        "startColumn": 0,
                        "startOffset": 1670,
                        "endColumn": 73,
                        "endOffset": 1743
                    }
                }
            },
            {
                "to": {
                    "startLine": 37,
                    "startColumn": 4,
                    "startOffset": 3686,
                    "endColumn": 142,
                    "endOffset": 3824
                },
                "from": {
                    "file": "/Users/14leec1/.android/build-cache/6fddc1117dca319301a0674abde2855c6ffec5b8/output/res/values-lt/values.xml",
                    "position": {
                        "startLine": 4,
                        "startColumn": 0,
                        "startOffset": 288,
                        "endColumn": 142,
                        "endOffset": 430
                    }
                }
            },
            {
                "to": {
                    "startLine": 38,
                    "startColumn": 4,
                    "startOffset": 3829,
                    "endColumn": 145,
                    "endOffset": 3970
                },
                "from": {
                    "file": "/Users/14leec1/.android/build-cache/6fddc1117dca319301a0674abde2855c6ffec5b8/output/res/values-lt/values.xml",
                    "position": {
                        "startLine": 5,
                        "startColumn": 0,
                        "startOffset": 431,
                        "endColumn": 145,
                        "endOffset": 576
                    }
                }
            },
            {
                "to": {
                    "startLine": 39,
                    "startColumn": 4,
                    "startOffset": 3975,
                    "endColumn": 97,
                    "endOffset": 4068
                },
                "from": {
                    "file": "/Users/14leec1/.android/build-cache/6fddc1117dca319301a0674abde2855c6ffec5b8/output/res/values-lt/values.xml",
                    "position": {
                        "startLine": 6,
                        "startColumn": 0,
                        "startOffset": 577,
                        "endColumn": 93,
                        "endOffset": 670
                    }
                }
            },
            {
                "to": {
                    "startLine": 40,
                    "startColumn": 4,
                    "startOffset": 4073,
                    "endColumn": 80,
                    "endOffset": 4149
                },
                "from": {
                    "file": "/Users/14leec1/.android/build-cache/2b062dea4163f5d3e442202215294cce30d220df/output/res/values-lt/values.xml",
                    "position": {
                        "startLine": 19,
                        "startColumn": 0,
                        "startOffset": 1744,
                        "endColumn": 76,
                        "endOffset": 1820
                    }
                }
            },
            {
                "to": {
                    "startLine": 41,
                    "startColumn": 4,
                    "startOffset": 4154,
                    "endColumn": 74,
                    "endOffset": 4224
                },
                "from": {
                    "file": "/Users/14leec1/.android/build-cache/2b062dea4163f5d3e442202215294cce30d220df/output/res/values-lt/values.xml",
                    "position": {
                        "startLine": 20,
                        "startColumn": 0,
                        "startOffset": 1821,
                        "endColumn": 70,
                        "endOffset": 1891
                    }
                }
            },
            {
                "to": {
                    "startLine": 42,
                    "startColumn": 4,
                    "startOffset": 4229,
                    "endColumn": 83,
                    "endOffset": 4308
                },
                "from": {
                    "file": "/Users/14leec1/.android/build-cache/2b062dea4163f5d3e442202215294cce30d220df/output/res/values-lt/values.xml",
                    "position": {
                        "startLine": 21,
                        "startColumn": 0,
                        "startOffset": 1892,
                        "endColumn": 79,
                        "endOffset": 1971
                    }
                }
            },
            {
                "to": {
                    "startLine": 43,
                    "startColumn": 4,
                    "startOffset": 4313,
                    "endColumn": 103,
                    "endOffset": 4412
                },
                "from": {
                    "file": "/Users/14leec1/.android/build-cache/2b062dea4163f5d3e442202215294cce30d220df/output/res/values-lt/values.xml",
                    "position": {
                        "startLine": 22,
                        "startColumn": 0,
                        "startOffset": 1972,
                        "endColumn": 99,
                        "endOffset": 2071
                    }
                }
            },
            {
                "to": {
                    "startLine": 44,
                    "startColumn": 4,
                    "startOffset": 4417,
                    "endColumn": 107,
                    "endOffset": 4520
                },
                "from": {
                    "file": "/Users/14leec1/.android/build-cache/2b062dea4163f5d3e442202215294cce30d220df/output/res/values-lt/values.xml",
                    "position": {
                        "startLine": 23,
                        "startColumn": 0,
                        "startOffset": 2072,
                        "endColumn": 103,
                        "endOffset": 2175
                    }
                }
            },
            {
                "to": {
                    "startLine": 45,
                    "startColumn": 4,
                    "startOffset": 4525,
                    "endColumn": 99,
                    "endOffset": 4620
                },
                "from": {
                    "file": "/Users/14leec1/.android/build-cache/2b062dea4163f5d3e442202215294cce30d220df/output/res/values-lt/values.xml",
                    "position": {
                        "startLine": 24,
                        "startColumn": 0,
                        "startOffset": 2176,
                        "endColumn": 95,
                        "endOffset": 2271
                    }
                }
            },
            {
                "to": {
                    "startLine": 46,
                    "startColumn": 4,
                    "startOffset": 4625,
                    "endColumn": 99,
                    "endOffset": 4720
                },
                "from": {
                    "file": "/Users/14leec1/.android/build-cache/2b062dea4163f5d3e442202215294cce30d220df/output/res/values-lt/values.xml",
                    "position": {
                        "startLine": 25,
                        "startColumn": 0,
                        "startOffset": 2272,
                        "endColumn": 95,
                        "endOffset": 2367
                    }
                }
            },
            {
                "to": {
                    "startLine": 47,
                    "startColumn": 4,
                    "startOffset": 4725,
                    "endColumn": 105,
                    "endOffset": 4826
                },
                "from": {
                    "file": "/Users/14leec1/.android/build-cache/2b062dea4163f5d3e442202215294cce30d220df/output/res/values-lt/values.xml",
                    "position": {
                        "startLine": 26,
                        "startColumn": 0,
                        "startOffset": 2368,
                        "endColumn": 101,
                        "endOffset": 2469
                    }
                }
            },
            {
                "to": {
                    "startLine": 48,
                    "startColumn": 4,
                    "startOffset": 4831,
                    "endColumn": 78,
                    "endOffset": 4905
                },
                "from": {
                    "file": "/Users/14leec1/.android/build-cache/2b062dea4163f5d3e442202215294cce30d220df/output/res/values-lt/values.xml",
                    "position": {
                        "startLine": 27,
                        "startColumn": 0,
                        "startOffset": 2470,
                        "endColumn": 74,
                        "endOffset": 2544
                    }
                }
            },
            {
                "to": {
                    "startLine": 49,
                    "startColumn": 4,
                    "startOffset": 4910,
                    "endColumn": 108,
                    "endOffset": 5014
                },
                "from": {
                    "file": "/Users/14leec1/.android/build-cache/2b062dea4163f5d3e442202215294cce30d220df/output/res/values-lt/values.xml",
                    "position": {
                        "startLine": 28,
                        "startColumn": 0,
                        "startOffset": 2545,
                        "endColumn": 104,
                        "endOffset": 2649
                    }
                }
            },
            {
                "to": {
                    "startLine": 50,
                    "startColumn": 4,
                    "startOffset": 5019,
                    "endColumn": 97,
                    "endOffset": 5112
                },
                "from": {
                    "file": "/Users/14leec1/.android/build-cache/2b062dea4163f5d3e442202215294cce30d220df/output/res/values-lt/values.xml",
                    "position": {
                        "startLine": 29,
                        "startColumn": 0,
                        "startOffset": 2650,
                        "endColumn": 93,
                        "endOffset": 2743
                    }
                }
            },
            {
                "to": {
                    "startLine": 51,
                    "startColumn": 4,
                    "startOffset": 5117,
                    "endColumn": 100,
                    "endOffset": 5213
                },
                "from": {
                    "file": "/Users/14leec1/.android/build-cache/2b062dea4163f5d3e442202215294cce30d220df/output/res/values-lt/values.xml",
                    "position": {
                        "startLine": 30,
                        "startColumn": 0,
                        "startOffset": 2744,
                        "endColumn": 96,
                        "endOffset": 2840
                    }
                }
            },
            {
                "to": {
                    "startLine": 52,
                    "startColumn": 4,
                    "startOffset": 5218,
                    "endColumn": 145,
                    "endOffset": 5359
                },
                "from": {
                    "file": "/Users/14leec1/.android/build-cache/2b062dea4163f5d3e442202215294cce30d220df/output/res/values-lt/values.xml",
                    "position": {
                        "startLine": 31,
                        "startColumn": 0,
                        "startOffset": 2841,
                        "endColumn": 145,
                        "endOffset": 2986
                    }
                }
            },
            {
                "to": {
                    "startLine": 53,
                    "startColumn": 4,
                    "startOffset": 5364,
                    "endColumn": 132,
                    "endOffset": 5492
                },
                "from": {
                    "file": "/Users/14leec1/.android/build-cache/2b062dea4163f5d3e442202215294cce30d220df/output/res/values-lt/values.xml",
                    "position": {
                        "startLine": 32,
                        "startColumn": 0,
                        "startOffset": 2987,
                        "endColumn": 128,
                        "endOffset": 3115
                    }
                }
            },
            {
                "to": {
                    "startLine": 54,
                    "startColumn": 4,
                    "startOffset": 5497,
                    "endColumn": 132,
                    "endOffset": 5625
                },
                "from": {
                    "file": "/Users/14leec1/.android/build-cache/2b062dea4163f5d3e442202215294cce30d220df/output/res/values-lt/values.xml",
                    "position": {
                        "startLine": 33,
                        "startColumn": 0,
                        "startOffset": 3116,
                        "endColumn": 128,
                        "endOffset": 3244
                    }
                }
            },
            {
                "to": {
                    "startLine": 55,
                    "startColumn": 4,
                    "startOffset": 5630,
                    "endColumn": 94,
                    "endOffset": 5720
                },
                "from": {
                    "file": "/Users/14leec1/.android/build-cache/2b062dea4163f5d3e442202215294cce30d220df/output/res/values-lt/values.xml",
                    "position": {
                        "startLine": 34,
                        "startColumn": 0,
                        "startOffset": 3245,
                        "endColumn": 90,
                        "endOffset": 3335
                    }
                }
            },
            {
                "to": {
                    "startLine": 56,
                    "startColumn": 4,
                    "startOffset": 5725,
                    "endColumn": 93,
                    "endOffset": 5814
                },
                "from": {
                    "file": "/Users/14leec1/.android/build-cache/2b062dea4163f5d3e442202215294cce30d220df/output/res/values-lt/values.xml",
                    "position": {
                        "startLine": 35,
                        "startColumn": 0,
                        "startOffset": 3336,
                        "endColumn": 89,
                        "endOffset": 3425
                    }
                }
            },
            {
                "to": {
                    "startLine": 57,
                    "startColumn": 4,
                    "startOffset": 5819,
                    "endColumn": 104,
                    "endOffset": 5919
                },
                "from": {
                    "file": "/Users/14leec1/.android/build-cache/2b062dea4163f5d3e442202215294cce30d220df/output/res/values-lt/values.xml",
                    "position": {
                        "startLine": 36,
                        "startColumn": 0,
                        "startOffset": 3426,
                        "endColumn": 100,
                        "endOffset": 3526
                    }
                }
            },
            {
                "to": {
                    "startLine": 58,
                    "startColumn": 4,
                    "startOffset": 5924,
                    "endColumn": 83,
                    "endOffset": 6003
                },
                "from": {
                    "file": "/Users/14leec1/.android/build-cache/2b062dea4163f5d3e442202215294cce30d220df/output/res/values-lt/values.xml",
                    "position": {
                        "startLine": 37,
                        "startColumn": 0,
                        "startOffset": 3527,
                        "endColumn": 79,
                        "endOffset": 3606
                    }
                }
            },
            {
                "to": {
                    "startLine": 59,
                    "startColumn": 4,
                    "startOffset": 6008,
                    "endColumn": 108,
                    "endOffset": 6112
                },
                "from": {
                    "file": "/Users/14leec1/.android/build-cache/0ad8bc32b47bd9b6a107e4fb2661747d1c54541f/output/res/values-lt/values.xml",
                    "position": {
                        "startLine": 4,
                        "startColumn": 0,
                        "startOffset": 283,
                        "endColumn": 104,
                        "endOffset": 387
                    }
                }
            },
            {
                "to": {
                    "startLine": 60,
                    "startColumn": 4,
                    "startOffset": 6117,
                    "endColumn": 183,
                    "endOffset": 6296
                },
                "from": {
                    "file": "/Users/14leec1/.android/build-cache/0ad8bc32b47bd9b6a107e4fb2661747d1c54541f/output/res/values-lt/values.xml",
                    "position": {
                        "startLine": 5,
                        "startColumn": 0,
                        "startOffset": 388,
                        "endColumn": 183,
                        "endOffset": 571
                    }
                }
            },
            {
                "to": {
                    "startLine": 61,
                    "startColumn": 4,
                    "startOffset": 6301,
                    "endColumn": 133,
                    "endOffset": 6430
                },
                "from": {
                    "file": "/Users/14leec1/.android/build-cache/0ad8bc32b47bd9b6a107e4fb2661747d1c54541f/output/res/values-lt/values.xml",
                    "position": {
                        "startLine": 6,
                        "startColumn": 0,
                        "startOffset": 572,
                        "endColumn": 129,
                        "endOffset": 701
                    }
                }
            },
            {
                "to": {
                    "startLine": 62,
                    "startColumn": 4,
                    "startOffset": 6435,
                    "endColumn": 108,
                    "endOffset": 6539
                },
                "from": {
                    "file": "/Users/14leec1/.android/build-cache/0ad8bc32b47bd9b6a107e4fb2661747d1c54541f/output/res/values-lt/values.xml",
                    "position": {
                        "startLine": 7,
                        "startColumn": 0,
                        "startOffset": 702,
                        "endColumn": 104,
                        "endOffset": 806
                    }
                }
            },
            {
                "to": {
                    "startLine": 63,
                    "startColumn": 4,
                    "startOffset": 6544,
                    "endColumn": 211,
                    "endOffset": 6751
                },
                "from": {
                    "file": "/Users/14leec1/.android/build-cache/0ad8bc32b47bd9b6a107e4fb2661747d1c54541f/output/res/values-lt/values.xml",
                    "position": {
                        "startLine": 8,
                        "startColumn": 0,
                        "startOffset": 807,
                        "endColumn": 211,
                        "endOffset": 1018
                    }
                }
            },
            {
                "to": {
                    "startLine": 64,
                    "startColumn": 4,
                    "startOffset": 6756,
                    "endColumn": 131,
                    "endOffset": 6883
                },
                "from": {
                    "file": "/Users/14leec1/.android/build-cache/0ad8bc32b47bd9b6a107e4fb2661747d1c54541f/output/res/values-lt/values.xml",
                    "position": {
                        "startLine": 9,
                        "startColumn": 0,
                        "startOffset": 1019,
                        "endColumn": 127,
                        "endOffset": 1146
                    }
                }
            },
            {
                "to": {
                    "startLine": 65,
                    "startColumn": 4,
                    "startOffset": 6888,
                    "endColumn": 134,
                    "endOffset": 7018
                },
                "from": {
                    "file": "/Users/14leec1/.android/build-cache/0ad8bc32b47bd9b6a107e4fb2661747d1c54541f/output/res/values-lt/values.xml",
                    "position": {
                        "startLine": 10,
                        "startColumn": 0,
                        "startOffset": 1147,
                        "endColumn": 130,
                        "endOffset": 1277
                    }
                }
            },
            {
                "to": {
                    "startLine": 66,
                    "startColumn": 4,
                    "startOffset": 7023,
                    "endColumn": 217,
                    "endOffset": 7236
                },
                "from": {
                    "file": "/Users/14leec1/.android/build-cache/ff4967dcef41267c999da54fcc7c7f9e60142282/output/res/values-lt/values.xml",
                    "position": {
                        "startLine": 4,
                        "startColumn": 0,
                        "startOffset": 285,
                        "endColumn": 217,
                        "endOffset": 502
                    }
                }
            },
            {
                "to": {
                    "startLine": 67,
                    "startColumn": 4,
                    "startOffset": 7241,
                    "endColumn": 224,
                    "endOffset": 7461
                },
                "from": {
                    "file": "/Users/14leec1/.android/build-cache/0ad8bc32b47bd9b6a107e4fb2661747d1c54541f/output/res/values-lt/values.xml",
                    "position": {
                        "startLine": 11,
                        "startColumn": 0,
                        "startOffset": 1278,
                        "endColumn": 224,
                        "endOffset": 1502
                    }
                }
            },
            {
                "to": {
                    "startLine": 68,
                    "startColumn": 4,
                    "startOffset": 7466,
                    "endColumn": 110,
                    "endOffset": 7572
                },
                "from": {
                    "file": "/Users/14leec1/.android/build-cache/0ad8bc32b47bd9b6a107e4fb2661747d1c54541f/output/res/values-lt/values.xml",
                    "position": {
                        "startLine": 12,
                        "startColumn": 0,
                        "startOffset": 1503,
                        "endColumn": 106,
                        "endOffset": 1609
                    }
                }
            },
            {
                "to": {
                    "startLine": 69,
                    "startColumn": 4,
                    "startOffset": 7577,
                    "endColumn": 195,
                    "endOffset": 7768
                },
                "from": {
                    "file": "/Users/14leec1/.android/build-cache/0ad8bc32b47bd9b6a107e4fb2661747d1c54541f/output/res/values-lt/values.xml",
                    "position": {
                        "startLine": 13,
                        "startColumn": 0,
                        "startOffset": 1610,
                        "endColumn": 195,
                        "endOffset": 1805
                    }
                }
            },
            {
                "to": {
                    "startLine": 70,
                    "startColumn": 4,
                    "startOffset": 7773,
                    "endColumn": 135,
                    "endOffset": 7904
                },
                "from": {
                    "file": "/Users/14leec1/.android/build-cache/0ad8bc32b47bd9b6a107e4fb2661747d1c54541f/output/res/values-lt/values.xml",
                    "position": {
                        "startLine": 14,
                        "startColumn": 0,
                        "startOffset": 1806,
                        "endColumn": 131,
                        "endOffset": 1937
                    }
                }
            },
            {
                "to": {
                    "startLine": 71,
                    "startColumn": 4,
                    "startOffset": 7909,
                    "endColumn": 211,
                    "endOffset": 8116
                },
                "from": {
                    "file": "/Users/14leec1/.android/build-cache/0ad8bc32b47bd9b6a107e4fb2661747d1c54541f/output/res/values-lt/values.xml",
                    "position": {
                        "startLine": 15,
                        "startColumn": 0,
                        "startOffset": 1938,
                        "endColumn": 211,
                        "endOffset": 2149
                    }
                }
            },
            {
                "to": {
                    "startLine": 72,
                    "startColumn": 4,
                    "startOffset": 8121,
                    "endColumn": 179,
                    "endOffset": 8296
                },
                "from": {
                    "file": "/Users/14leec1/.android/build-cache/0ad8bc32b47bd9b6a107e4fb2661747d1c54541f/output/res/values-lt/values.xml",
                    "position": {
                        "startLine": 16,
                        "startColumn": 0,
                        "startOffset": 2150,
                        "endColumn": 175,
                        "endOffset": 2325
                    }
                }
            },
            {
                "to": {
                    "startLine": 73,
                    "startColumn": 4,
                    "startOffset": 8301,
                    "endColumn": 97,
                    "endOffset": 8394
                },
                "from": {
                    "file": "/Users/14leec1/.android/build-cache/0ad8bc32b47bd9b6a107e4fb2661747d1c54541f/output/res/values-lt/values.xml",
                    "position": {
                        "startLine": 17,
                        "startColumn": 0,
                        "startOffset": 2326,
                        "endColumn": 93,
                        "endOffset": 2419
                    }
                }
            },
            {
                "to": {
                    "startLine": 74,
                    "startColumn": 4,
                    "startOffset": 8399,
                    "endColumn": 95,
                    "endOffset": 8490
                },
                "from": {
                    "file": "/Users/14leec1/.android/build-cache/0ad8bc32b47bd9b6a107e4fb2661747d1c54541f/output/res/values-lt/values.xml",
                    "position": {
                        "startLine": 18,
                        "startColumn": 0,
                        "startOffset": 2420,
                        "endColumn": 91,
                        "endOffset": 2511
                    }
                }
            },
            {
                "to": {
                    "startLine": 75,
                    "startColumn": 4,
                    "startOffset": 8495,
                    "endColumn": 118,
                    "endOffset": 8609
                },
                "from": {
                    "file": "/Users/14leec1/.android/build-cache/0ad8bc32b47bd9b6a107e4fb2661747d1c54541f/output/res/values-lt/values.xml",
                    "position": {
                        "startLine": 19,
                        "startColumn": 0,
                        "startOffset": 2512,
                        "endColumn": 114,
                        "endOffset": 2626
                    }
                }
            },
            {
                "to": {
                    "startLine": 76,
                    "startColumn": 4,
                    "startOffset": 8614,
                    "endColumn": 126,
                    "endOffset": 8736
                },
                "from": {
                    "file": "/Users/14leec1/.android/build-cache/08c7c22f53081775450e442244fadb641005e811/output/res/values-lt/values.xml",
                    "position": {
                        "startLine": 5,
                        "startColumn": 0,
                        "startOffset": 306,
                        "endColumn": 122,
                        "endOffset": 428
                    }
                }
            },
            {
                "to": {
                    "startLine": 77,
                    "startColumn": 4,
                    "startOffset": 8741,
                    "endColumn": 107,
                    "endOffset": 8844
                },
                "from": {
                    "file": "/Users/14leec1/.android/build-cache/08c7c22f53081775450e442244fadb641005e811/output/res/values-lt/values.xml",
                    "position": {
                        "startLine": 6,
                        "startColumn": 0,
                        "startOffset": 429,
                        "endColumn": 103,
                        "endOffset": 532
                    }
                }
            },
            {
                "to": {
                    "startLine": 78,
                    "startColumn": 4,
                    "startOffset": 8849,
                    "endColumn": 104,
                    "endOffset": 8949
                },
                "from": {
                    "file": "/Users/14leec1/.android/build-cache/08c7c22f53081775450e442244fadb641005e811/output/res/values-lt/values.xml",
                    "position": {
                        "startLine": 7,
                        "startColumn": 0,
                        "startOffset": 533,
                        "endColumn": 100,
                        "endOffset": 633
                    }
                }
            },
            {
                "to": {
                    "startLine": 79,
                    "startColumn": 4,
                    "startOffset": 8954,
                    "endColumn": 109,
                    "endOffset": 9059
                },
                "from": {
                    "file": "/Users/14leec1/.android/build-cache/08c7c22f53081775450e442244fadb641005e811/output/res/values-lt/values.xml",
                    "position": {
                        "startLine": 8,
                        "startColumn": 0,
                        "startOffset": 634,
                        "endColumn": 105,
                        "endOffset": 739
                    }
                }
            },
            {
                "to": {
                    "startLine": 80,
                    "startColumn": 4,
                    "startOffset": 9064,
                    "endColumn": 103,
                    "endOffset": 9163
                },
                "from": {
                    "file": "/Users/14leec1/.android/build-cache/08c7c22f53081775450e442244fadb641005e811/output/res/values-lt/values.xml",
                    "position": {
                        "startLine": 9,
                        "startColumn": 0,
                        "startOffset": 740,
                        "endColumn": 99,
                        "endOffset": 839
                    }
                }
            },
            {
                "to": {
                    "startLine": 81,
                    "startColumn": 4,
                    "startOffset": 9168,
                    "endColumn": 102,
                    "endOffset": 9266
                },
                "from": {
                    "file": "/Users/14leec1/.android/build-cache/08c7c22f53081775450e442244fadb641005e811/output/res/values-lt/values.xml",
                    "position": {
                        "startLine": 10,
                        "startColumn": 0,
                        "startOffset": 840,
                        "endColumn": 98,
                        "endOffset": 938
                    }
                }
            },
            {
                "to": {
                    "startLine": 82,
                    "startColumn": 4,
                    "startOffset": 9271,
                    "endColumn": 73,
                    "endOffset": 9340
                },
                "from": {
                    "file": "/Users/14leec1/.android/build-cache/08c7c22f53081775450e442244fadb641005e811/output/res/values-lt/values.xml",
                    "position": {
                        "startLine": 11,
                        "startColumn": 0,
                        "startOffset": 939,
                        "endColumn": 69,
                        "endOffset": 1008
                    }
                }
            },
            {
                "to": {
                    "startLine": 83,
                    "startColumn": 4,
                    "startOffset": 9345,
                    "endColumn": 106,
                    "endOffset": 9447
                },
                "from": {
                    "file": "/Users/14leec1/.android/build-cache/6303f2447d0b215c6c4fc6a0803a9d4ab2d6ea3c/output/res/values-lt/values-lt.xml",
                    "position": {
                        "startLine": 2,
                        "startColumn": 4,
                        "startOffset": 55,
                        "endColumn": 106,
                        "endOffset": 157
                    }
                }
            },
            {
                "to": {
                    "startLine": 84,
                    "startColumn": 4,
                    "startOffset": 9452,
                    "endColumn": 97,
                    "endOffset": 9545
                },
                "from": {
                    "file": "/Users/14leec1/.android/build-cache/6303f2447d0b215c6c4fc6a0803a9d4ab2d6ea3c/output/res/values-lt/values-lt.xml",
                    "position": {
                        "startLine": 3,
                        "startColumn": 4,
                        "startOffset": 162,
                        "endColumn": 97,
                        "endOffset": 255
                    }
                }
            },
            {
                "to": {
                    "startLine": 85,
                    "startColumn": 4,
                    "startOffset": 9550,
                    "endColumn": 84,
                    "endOffset": 9630
                },
                "from": {
                    "file": "/Users/14leec1/.android/build-cache/6303f2447d0b215c6c4fc6a0803a9d4ab2d6ea3c/output/res/values-lt/values-lt.xml",
                    "position": {
                        "startLine": 4,
                        "startColumn": 4,
                        "startOffset": 260,
                        "endColumn": 84,
                        "endOffset": 340
                    }
                }
            },
            {
                "to": {
                    "startLine": 86,
                    "startColumn": 4,
                    "startOffset": 9635,
                    "endColumn": 97,
                    "endOffset": 9728
                },
                "from": {
                    "file": "/Users/14leec1/.android/build-cache/6303f2447d0b215c6c4fc6a0803a9d4ab2d6ea3c/output/res/values-lt/values-lt.xml",
                    "position": {
                        "startLine": 5,
                        "startColumn": 4,
                        "startOffset": 345,
                        "endColumn": 97,
                        "endOffset": 438
                    }
                }
            },
            {
                "to": {
                    "startLine": 87,
                    "startColumn": 4,
                    "startOffset": 9733,
                    "endColumn": 106,
                    "endOffset": 9835
                },
                "from": {
                    "file": "/Users/14leec1/.android/build-cache/6303f2447d0b215c6c4fc6a0803a9d4ab2d6ea3c/output/res/values-lt/values-lt.xml",
                    "position": {
                        "startLine": 6,
                        "startColumn": 4,
                        "startOffset": 443,
                        "endColumn": 106,
                        "endOffset": 545
                    }
                }
            },
            {
                "to": {
                    "startLine": 88,
                    "startColumn": 4,
                    "startOffset": 9840,
                    "endColumn": 98,
                    "endOffset": 9934
                },
                "from": {
                    "file": "/Users/14leec1/.android/build-cache/6303f2447d0b215c6c4fc6a0803a9d4ab2d6ea3c/output/res/values-lt/values-lt.xml",
                    "position": {
                        "startLine": 7,
                        "startColumn": 4,
                        "startOffset": 550,
                        "endColumn": 98,
                        "endOffset": 644
                    }
                }
            },
            {
                "to": {
                    "startLine": 89,
                    "startColumn": 4,
                    "startOffset": 9939,
                    "endColumn": 96,
                    "endOffset": 10031
                },
                "from": {
                    "file": "/Users/14leec1/.android/build-cache/6303f2447d0b215c6c4fc6a0803a9d4ab2d6ea3c/output/res/values-lt/values-lt.xml",
                    "position": {
                        "startLine": 8,
                        "startColumn": 4,
                        "startOffset": 649,
                        "endColumn": 96,
                        "endOffset": 741
                    }
                }
            },
            {
                "to": {
                    "startLine": 90,
                    "startColumn": 4,
                    "startOffset": 10036,
                    "endColumn": 91,
                    "endOffset": 10123
                },
                "from": {
                    "file": "/Users/14leec1/.android/build-cache/6303f2447d0b215c6c4fc6a0803a9d4ab2d6ea3c/output/res/values-lt/values-lt.xml",
                    "position": {
                        "startLine": 9,
                        "startColumn": 4,
                        "startOffset": 746,
                        "endColumn": 91,
                        "endOffset": 833
                    }
                }
            },
            {
                "to": {
                    "startLine": 91,
                    "startColumn": 4,
                    "startOffset": 10128,
                    "endColumn": 95,
                    "endOffset": 10219
                },
                "from": {
                    "file": "/Users/14leec1/.android/build-cache/6303f2447d0b215c6c4fc6a0803a9d4ab2d6ea3c/output/res/values-lt/values-lt.xml",
                    "position": {
                        "startLine": 10,
                        "startColumn": 4,
                        "startOffset": 838,
                        "endColumn": 95,
                        "endOffset": 929
                    }
                }
            },
            {
                "to": {
                    "startLine": 92,
                    "startColumn": 4,
                    "startOffset": 10224,
                    "endColumn": 114,
                    "endOffset": 10334
                },
                "from": {
                    "file": "/Users/14leec1/.android/build-cache/6303f2447d0b215c6c4fc6a0803a9d4ab2d6ea3c/output/res/values-lt/values-lt.xml",
                    "position": {
                        "startLine": 11,
                        "startColumn": 4,
                        "startOffset": 934,
                        "endColumn": 114,
                        "endOffset": 1044
                    }
                }
            },
            {
                "to": {
                    "startLine": 93,
                    "startColumn": 4,
                    "startOffset": 10339,
                    "endColumn": 115,
                    "endOffset": 10450
                },
                "from": {
                    "file": "/Users/14leec1/.android/build-cache/6303f2447d0b215c6c4fc6a0803a9d4ab2d6ea3c/output/res/values-lt/values-lt.xml",
                    "position": {
                        "startLine": 12,
                        "startColumn": 4,
                        "startOffset": 1049,
                        "endColumn": 115,
                        "endOffset": 1160
                    }
                }
            },
            {
                "to": {
                    "startLine": 94,
                    "startColumn": 4,
                    "startOffset": 10455,
                    "endColumn": 89,
                    "endOffset": 10540
                },
                "from": {
                    "file": "/Users/14leec1/.android/build-cache/6303f2447d0b215c6c4fc6a0803a9d4ab2d6ea3c/output/res/values-lt/values-lt.xml",
                    "position": {
                        "startLine": 13,
                        "startColumn": 4,
                        "startOffset": 1165,
                        "endColumn": 89,
                        "endOffset": 1250
                    }
                }
            },
            {
                "to": {
                    "startLine": 95,
                    "startColumn": 4,
                    "startOffset": 10545,
                    "endColumn": 82,
                    "endOffset": 10623
                },
                "from": {
                    "file": "/Users/14leec1/.android/build-cache/6303f2447d0b215c6c4fc6a0803a9d4ab2d6ea3c/output/res/values-lt/values-lt.xml",
                    "position": {
                        "startLine": 14,
                        "startColumn": 4,
                        "startOffset": 1255,
                        "endColumn": 82,
                        "endOffset": 1333
                    }
                }
            },
            {
                "to": {
                    "startLine": 96,
                    "startColumn": 4,
                    "startOffset": 10628,
                    "endColumn": 97,
                    "endOffset": 10721
                },
                "from": {
                    "file": "/Users/14leec1/.android/build-cache/6303f2447d0b215c6c4fc6a0803a9d4ab2d6ea3c/output/res/values-lt/values-lt.xml",
                    "position": {
                        "startLine": 15,
                        "startColumn": 4,
                        "startOffset": 1338,
                        "endColumn": 97,
                        "endOffset": 1431
                    }
                }
            },
            {
                "to": {
                    "startLine": 97,
                    "startColumn": 4,
                    "startOffset": 10726,
                    "endColumn": 86,
                    "endOffset": 10808
                },
                "from": {
                    "file": "/Users/14leec1/.android/build-cache/6303f2447d0b215c6c4fc6a0803a9d4ab2d6ea3c/output/res/values-lt/values-lt.xml",
                    "position": {
                        "startLine": 16,
                        "startColumn": 4,
                        "startOffset": 1436,
                        "endColumn": 86,
                        "endOffset": 1518
                    }
                }
            },
            {
                "to": {
                    "startLine": 98,
                    "startColumn": 4,
                    "startOffset": 10813,
                    "endColumn": 96,
                    "endOffset": 10905
                },
                "from": {
                    "file": "/Users/14leec1/.android/build-cache/6303f2447d0b215c6c4fc6a0803a9d4ab2d6ea3c/output/res/values-lt/values-lt.xml",
                    "position": {
                        "startLine": 17,
                        "startColumn": 4,
                        "startOffset": 1523,
                        "endColumn": 96,
                        "endOffset": 1615
                    }
                }
            },
            {
                "to": {
                    "startLine": 99,
                    "startColumn": 4,
                    "startOffset": 10910,
                    "endColumn": 106,
                    "endOffset": 11012
                },
                "from": {
                    "file": "/Users/14leec1/.android/build-cache/eceeeb909d8e1eef6feb4c4e84c99257903967d3/output/res/values-lt/values.xml",
                    "position": {
                        "startLine": 4,
                        "startColumn": 0,
                        "startOffset": 233,
                        "endColumn": 102,
                        "endOffset": 335
                    }
                }
            },
            {
                "to": {
                    "startLine": 100,
                    "startColumn": 4,
                    "startOffset": 11017,
                    "endColumn": 96,
                    "endOffset": 11109
                },
                "from": {
                    "file": "/Users/14leec1/.android/build-cache/eceeeb909d8e1eef6feb4c4e84c99257903967d3/output/res/values-lt/values.xml",
                    "position": {
                        "startLine": 5,
                        "startColumn": 0,
                        "startOffset": 336,
                        "endColumn": 92,
                        "endOffset": 428
                    }
                }
            },
            {
                "to": {
                    "startLine": 101,
                    "startColumn": 4,
                    "startOffset": 11114,
                    "endColumn": 82,
                    "endOffset": 11192
                },
                "from": {
                    "file": "/Users/14leec1/.android/build-cache/afbe29f57f18bdcb21348ed524eb6be0cd8d61ae/output/res/values-lt/values-lt.xml",
                    "position": {
                        "startLine": 21,
                        "startColumn": 4,
                        "startOffset": 2057,
                        "endColumn": 82,
                        "endOffset": 2135
                    }
                }
            },
            {
                "to": {
                    "startLine": 102,
                    "startColumn": 4,
                    "startOffset": 11197,
                    "endColumn": 100,
                    "endOffset": 11293
                },
                "from": {
                    "file": "/Users/14leec1/.android/build-cache/afbe29f57f18bdcb21348ed524eb6be0cd8d61ae/output/res/values-lt/values-lt.xml",
                    "position": {
                        "startLine": 22,
                        "startColumn": 4,
                        "startOffset": 2140,
                        "endColumn": 100,
                        "endOffset": 2236
                    }
                }
            },
            {
                "to": {
                    "startLine": 103,
                    "startColumn": 4,
                    "startOffset": 11298,
                    "endColumn": 135,
                    "endOffset": 11429
                },
                "from": {
                    "file": "/Users/14leec1/.android/build-cache/08c7c22f53081775450e442244fadb641005e811/output/res/values-lt/values.xml",
                    "position": {
                        "startLine": 12,
                        "startColumn": 0,
                        "startOffset": 1009,
                        "endColumn": 131,
                        "endOffset": 1140
                    }
                }
            },
            {
                "to": {
                    "startLine": 104,
                    "startColumn": 4,
                    "startOffset": 11434,
                    "endColumn": 97,
                    "endOffset": 11527
                },
                "from": {
                    "file": "/Users/14leec1/.android/build-cache/08c7c22f53081775450e442244fadb641005e811/output/res/values-lt/values.xml",
                    "position": {
                        "startLine": 13,
                        "startColumn": 0,
                        "startOffset": 1141,
                        "endColumn": 93,
                        "endOffset": 1234
                    }
                }
            },
            {
                "to": {
                    "startLine": 105,
                    "startColumn": 4,
                    "startOffset": 11532,
                    "endColumn": 113,
                    "endOffset": 11641
                },
                "from": {
                    "file": "/Users/14leec1/.android/build-cache/86ba2be4be49f6b2e89dd367179a5d72d401dedd/output/res/values-lt/values.xml",
                    "position": {
                        "startLine": 4,
                        "startColumn": 0,
                        "startOffset": 240,
                        "endColumn": 109,
                        "endOffset": 349
                    }
                }
            }
        ]
    }
]