[
    {
        "outputFile": "/Users/14leec1/AndroidStudioProjects/Civic-app-master/Sus/app/build/intermediates/incremental/mergeReleaseResources/merged.dir/values-sl/values-sl.xml",
        "map": [
            {
                "to": {
                    "startLine": 2,
                    "startColumn": 4,
                    "startOffset": 105,
                    "endColumn": 106,
                    "endOffset": 207
                },
                "from": {
                    "file": "/Users/14leec1/.android/build-cache/afbe29f57f18bdcb21348ed524eb6be0cd8d61ae/output/res/values-sl/values-sl.xml",
                    "position": {
                        "startLine": 2,
                        "startColumn": 4,
                        "startOffset": 55,
                        "endColumn": 106,
                        "endOffset": 157
                    }
                }
            },
            {
                "to": {
                    "startLine": 3,
                    "startColumn": 4,
                    "startOffset": 212,
                    "endColumn": 107,
                    "endOffset": 315
                },
                "from": {
                    "file": "/Users/14leec1/.android/build-cache/afbe29f57f18bdcb21348ed524eb6be0cd8d61ae/output/res/values-sl/values-sl.xml",
                    "position": {
                        "startLine": 3,
                        "startColumn": 4,
                        "startOffset": 162,
                        "endColumn": 107,
                        "endOffset": 265
                    }
                }
            },
            {
                "to": {
                    "startLine": 4,
                    "startColumn": 4,
                    "startOffset": 320,
                    "endColumn": 122,
                    "endOffset": 438
                },
                "from": {
                    "file": "/Users/14leec1/.android/build-cache/afbe29f57f18bdcb21348ed524eb6be0cd8d61ae/output/res/values-sl/values-sl.xml",
                    "position": {
                        "startLine": 4,
                        "startColumn": 4,
                        "startOffset": 270,
                        "endColumn": 122,
                        "endOffset": 388
                    }
                }
            },
            {
                "to": {
                    "startLine": 5,
                    "startColumn": 4,
                    "startOffset": 443,
                    "endColumn": 106,
                    "endOffset": 545
                },
                "from": {
                    "file": "/Users/14leec1/.android/build-cache/afbe29f57f18bdcb21348ed524eb6be0cd8d61ae/output/res/values-sl/values-sl.xml",
                    "position": {
                        "startLine": 5,
                        "startColumn": 4,
                        "startOffset": 393,
                        "endColumn": 106,
                        "endOffset": 495
                    }
                }
            },
            {
                "to": {
                    "startLine": 6,
                    "startColumn": 4,
                    "startOffset": 550,
                    "endColumn": 107,
                    "endOffset": 653
                },
                "from": {
                    "file": "/Users/14leec1/.android/build-cache/afbe29f57f18bdcb21348ed524eb6be0cd8d61ae/output/res/values-sl/values-sl.xml",
                    "position": {
                        "startLine": 6,
                        "startColumn": 4,
                        "startOffset": 500,
                        "endColumn": 107,
                        "endOffset": 603
                    }
                }
            },
            {
                "to": {
                    "startLine": 7,
                    "startColumn": 4,
                    "startOffset": 658,
                    "endColumn": 86,
                    "endOffset": 740
                },
                "from": {
                    "file": "/Users/14leec1/.android/build-cache/afbe29f57f18bdcb21348ed524eb6be0cd8d61ae/output/res/values-sl/values-sl.xml",
                    "position": {
                        "startLine": 7,
                        "startColumn": 4,
                        "startOffset": 608,
                        "endColumn": 86,
                        "endOffset": 690
                    }
                }
            },
            {
                "to": {
                    "startLine": 8,
                    "startColumn": 4,
                    "startOffset": 745,
                    "endColumn": 102,
                    "endOffset": 843
                },
                "from": {
                    "file": "/Users/14leec1/.android/build-cache/afbe29f57f18bdcb21348ed524eb6be0cd8d61ae/output/res/values-sl/values-sl.xml",
                    "position": {
                        "startLine": 8,
                        "startColumn": 4,
                        "startOffset": 695,
                        "endColumn": 102,
                        "endOffset": 793
                    }
                }
            },
            {
                "to": {
                    "startLine": 9,
                    "startColumn": 4,
                    "startOffset": 848,
                    "endColumn": 118,
                    "endOffset": 962
                },
                "from": {
                    "file": "/Users/14leec1/.android/build-cache/afbe29f57f18bdcb21348ed524eb6be0cd8d61ae/output/res/values-sl/values-sl.xml",
                    "position": {
                        "startLine": 9,
                        "startColumn": 4,
                        "startOffset": 798,
                        "endColumn": 118,
                        "endOffset": 912
                    }
                }
            },
            {
                "to": {
                    "startLine": 10,
                    "startColumn": 4,
                    "startOffset": 967,
                    "endColumn": 84,
                    "endOffset": 1047
                },
                "from": {
                    "file": "/Users/14leec1/.android/build-cache/afbe29f57f18bdcb21348ed524eb6be0cd8d61ae/output/res/values-sl/values-sl.xml",
                    "position": {
                        "startLine": 10,
                        "startColumn": 4,
                        "startOffset": 917,
                        "endColumn": 84,
                        "endOffset": 997
                    }
                }
            },
            {
                "to": {
                    "startLine": 11,
                    "startColumn": 4,
                    "startOffset": 1052,
                    "endColumn": 83,
                    "endOffset": 1131
                },
                "from": {
                    "file": "/Users/14leec1/.android/build-cache/afbe29f57f18bdcb21348ed524eb6be0cd8d61ae/output/res/values-sl/values-sl.xml",
                    "position": {
                        "startLine": 11,
                        "startColumn": 4,
                        "startOffset": 1002,
                        "endColumn": 83,
                        "endOffset": 1081
                    }
                }
            },
            {
                "to": {
                    "startLine": 12,
                    "startColumn": 4,
                    "startOffset": 1136,
                    "endColumn": 83,
                    "endOffset": 1215
                },
                "from": {
                    "file": "/Users/14leec1/.android/build-cache/afbe29f57f18bdcb21348ed524eb6be0cd8d61ae/output/res/values-sl/values-sl.xml",
                    "position": {
                        "startLine": 12,
                        "startColumn": 4,
                        "startOffset": 1086,
                        "endColumn": 83,
                        "endOffset": 1165
                    }
                }
            },
            {
                "to": {
                    "startLine": 13,
                    "startColumn": 4,
                    "startOffset": 1220,
                    "endColumn": 107,
                    "endOffset": 1323
                },
                "from": {
                    "file": "/Users/14leec1/.android/build-cache/afbe29f57f18bdcb21348ed524eb6be0cd8d61ae/output/res/values-sl/values-sl.xml",
                    "position": {
                        "startLine": 13,
                        "startColumn": 4,
                        "startOffset": 1170,
                        "endColumn": 107,
                        "endOffset": 1273
                    }
                }
            },
            {
                "to": {
                    "startLine": 14,
                    "startColumn": 4,
                    "startOffset": 1328,
                    "endColumn": 108,
                    "endOffset": 1432
                },
                "from": {
                    "file": "/Users/14leec1/.android/build-cache/afbe29f57f18bdcb21348ed524eb6be0cd8d61ae/output/res/values-sl/values-sl.xml",
                    "position": {
                        "startLine": 14,
                        "startColumn": 4,
                        "startOffset": 1278,
                        "endColumn": 108,
                        "endOffset": 1382
                    }
                }
            },
            {
                "to": {
                    "startLine": 15,
                    "startColumn": 4,
                    "startOffset": 1437,
                    "endColumn": 99,
                    "endOffset": 1532
                },
                "from": {
                    "file": "/Users/14leec1/.android/build-cache/afbe29f57f18bdcb21348ed524eb6be0cd8d61ae/output/res/values-sl/values-sl.xml",
                    "position": {
                        "startLine": 15,
                        "startColumn": 4,
                        "startOffset": 1387,
                        "endColumn": 99,
                        "endOffset": 1482
                    }
                }
            },
            {
                "to": {
                    "startLine": 16,
                    "startColumn": 4,
                    "startOffset": 1537,
                    "endColumn": 112,
                    "endOffset": 1645
                },
                "from": {
                    "file": "/Users/14leec1/.android/build-cache/afbe29f57f18bdcb21348ed524eb6be0cd8d61ae/output/res/values-sl/values-sl.xml",
                    "position": {
                        "startLine": 16,
                        "startColumn": 4,
                        "startOffset": 1487,
                        "endColumn": 112,
                        "endOffset": 1595
                    }
                }
            },
            {
                "to": {
                    "startLine": 17,
                    "startColumn": 4,
                    "startOffset": 1650,
                    "endColumn": 106,
                    "endOffset": 1752
                },
                "from": {
                    "file": "/Users/14leec1/.android/build-cache/afbe29f57f18bdcb21348ed524eb6be0cd8d61ae/output/res/values-sl/values-sl.xml",
                    "position": {
                        "startLine": 17,
                        "startColumn": 4,
                        "startOffset": 1600,
                        "endColumn": 106,
                        "endOffset": 1702
                    }
                }
            },
            {
                "to": {
                    "startLine": 18,
                    "startColumn": 4,
                    "startOffset": 1757,
                    "endColumn": 103,
                    "endOffset": 1856
                },
                "from": {
                    "file": "/Users/14leec1/.android/build-cache/afbe29f57f18bdcb21348ed524eb6be0cd8d61ae/output/res/values-sl/values-sl.xml",
                    "position": {
                        "startLine": 18,
                        "startColumn": 4,
                        "startOffset": 1707,
                        "endColumn": 103,
                        "endOffset": 1806
                    }
                }
            },
            {
                "to": {
                    "startLine": 19,
                    "startColumn": 4,
                    "startOffset": 1861,
                    "endColumn": 116,
                    "endOffset": 1973
                },
                "from": {
                    "file": "/Users/14leec1/.android/build-cache/afbe29f57f18bdcb21348ed524eb6be0cd8d61ae/output/res/values-sl/values-sl.xml",
                    "position": {
                        "startLine": 19,
                        "startColumn": 4,
                        "startOffset": 1811,
                        "endColumn": 116,
                        "endOffset": 1923
                    }
                }
            },
            {
                "to": {
                    "startLine": 20,
                    "startColumn": 4,
                    "startOffset": 1978,
                    "endColumn": 96,
                    "endOffset": 2070
                },
                "from": {
                    "file": "/Users/14leec1/.android/build-cache/afbe29f57f18bdcb21348ed524eb6be0cd8d61ae/output/res/values-sl/values-sl.xml",
                    "position": {
                        "startLine": 20,
                        "startColumn": 4,
                        "startOffset": 1928,
                        "endColumn": 96,
                        "endOffset": 2020
                    }
                }
            },
            {
                "to": {
                    "startLine": 21,
                    "startColumn": 4,
                    "startOffset": 2075,
                    "endColumn": 72,
                    "endOffset": 2143
                },
                "from": {
                    "file": "/Users/14leec1/.android/build-cache/08c7c22f53081775450e442244fadb641005e811/output/res/values-sl/values.xml",
                    "position": {
                        "startLine": 4,
                        "startColumn": 0,
                        "startOffset": 237,
                        "endColumn": 68,
                        "endOffset": 305
                    }
                }
            },
            {
                "to": {
                    "startLine": 22,
                    "startColumn": 4,
                    "startOffset": 2148,
                    "endColumn": 77,
                    "endOffset": 2221
                },
                "from": {
                    "file": "/Users/14leec1/.android/build-cache/2b062dea4163f5d3e442202215294cce30d220df/output/res/values-sl/values.xml",
                    "position": {
                        "startLine": 4,
                        "startColumn": 0,
                        "startOffset": 298,
                        "endColumn": 73,
                        "endOffset": 371
                    }
                }
            },
            {
                "to": {
                    "startLine": 23,
                    "startColumn": 4,
                    "startOffset": 2226,
                    "endColumn": 97,
                    "endOffset": 2319
                },
                "from": {
                    "file": "/Users/14leec1/.android/build-cache/2b062dea4163f5d3e442202215294cce30d220df/output/res/values-sl/values.xml",
                    "position": {
                        "startLine": 5,
                        "startColumn": 0,
                        "startOffset": 372,
                        "endColumn": 93,
                        "endOffset": 465
                    }
                }
            },
            {
                "to": {
                    "startLine": 24,
                    "startColumn": 4,
                    "startOffset": 2324,
                    "endColumn": 88,
                    "endOffset": 2408
                },
                "from": {
                    "file": "/Users/14leec1/.android/build-cache/2b062dea4163f5d3e442202215294cce30d220df/output/res/values-sl/values.xml",
                    "position": {
                        "startLine": 6,
                        "startColumn": 0,
                        "startOffset": 466,
                        "endColumn": 84,
                        "endOffset": 550
                    }
                }
            },
            {
                "to": {
                    "startLine": 25,
                    "startColumn": 4,
                    "startOffset": 2413,
                    "endColumn": 114,
                    "endOffset": 2523
                },
                "from": {
                    "file": "/Users/14leec1/.android/build-cache/2b062dea4163f5d3e442202215294cce30d220df/output/res/values-sl/values.xml",
                    "position": {
                        "startLine": 7,
                        "startColumn": 0,
                        "startOffset": 551,
                        "endColumn": 110,
                        "endOffset": 661
                    }
                }
            },
            {
                "to": {
                    "startLine": 26,
                    "startColumn": 4,
                    "startOffset": 2528,
                    "endColumn": 90,
                    "endOffset": 2614
                },
                "from": {
                    "file": "/Users/14leec1/.android/build-cache/2b062dea4163f5d3e442202215294cce30d220df/output/res/values-sl/values.xml",
                    "position": {
                        "startLine": 8,
                        "startColumn": 0,
                        "startOffset": 662,
                        "endColumn": 86,
                        "endOffset": 748
                    }
                }
            },
            {
                "to": {
                    "startLine": 27,
                    "startColumn": 4,
                    "startOffset": 2619,
                    "endColumn": 112,
                    "endOffset": 2727
                },
                "from": {
                    "file": "/Users/14leec1/.android/build-cache/2b062dea4163f5d3e442202215294cce30d220df/output/res/values-sl/values.xml",
                    "position": {
                        "startLine": 9,
                        "startColumn": 0,
                        "startOffset": 749,
                        "endColumn": 108,
                        "endOffset": 857
                    }
                }
            },
            {
                "to": {
                    "startLine": 28,
                    "startColumn": 4,
                    "startOffset": 2732,
                    "endColumn": 117,
                    "endOffset": 2845
                },
                "from": {
                    "file": "/Users/14leec1/.android/build-cache/2b062dea4163f5d3e442202215294cce30d220df/output/res/values-sl/values.xml",
                    "position": {
                        "startLine": 10,
                        "startColumn": 0,
                        "startOffset": 858,
                        "endColumn": 113,
                        "endOffset": 971
                    }
                }
            },
            {
                "to": {
                    "startLine": 29,
                    "startColumn": 4,
                    "startOffset": 2850,
                    "endColumn": 132,
                    "endOffset": 2978
                },
                "from": {
                    "file": "/Users/14leec1/.android/build-cache/2b062dea4163f5d3e442202215294cce30d220df/output/res/values-sl/values.xml",
                    "position": {
                        "startLine": 11,
                        "startColumn": 0,
                        "startOffset": 972,
                        "endColumn": 128,
                        "endOffset": 1100
                    }
                }
            },
            {
                "to": {
                    "startLine": 30,
                    "startColumn": 4,
                    "startOffset": 2983,
                    "endColumn": 102,
                    "endOffset": 3081
                },
                "from": {
                    "file": "/Users/14leec1/.android/build-cache/2b062dea4163f5d3e442202215294cce30d220df/output/res/values-sl/values.xml",
                    "position": {
                        "startLine": 12,
                        "startColumn": 0,
                        "startOffset": 1101,
                        "endColumn": 98,
                        "endOffset": 1199
                    }
                }
            },
            {
                "to": {
                    "startLine": 31,
                    "startColumn": 4,
                    "startOffset": 3086,
                    "endColumn": 105,
                    "endOffset": 3187
                },
                "from": {
                    "file": "/Users/14leec1/.android/build-cache/2b062dea4163f5d3e442202215294cce30d220df/output/res/values-sl/values.xml",
                    "position": {
                        "startLine": 13,
                        "startColumn": 0,
                        "startOffset": 1200,
                        "endColumn": 101,
                        "endOffset": 1301
                    }
                }
            },
            {
                "to": {
                    "startLine": 32,
                    "startColumn": 4,
                    "startOffset": 3192,
                    "endColumn": 84,
                    "endOffset": 3272
                },
                "from": {
                    "file": "/Users/14leec1/.android/build-cache/2b062dea4163f5d3e442202215294cce30d220df/output/res/values-sl/values.xml",
                    "position": {
                        "startLine": 14,
                        "startColumn": 0,
                        "startOffset": 1302,
                        "endColumn": 80,
                        "endOffset": 1382
                    }
                }
            },
            {
                "to": {
                    "startLine": 33,
                    "startColumn": 4,
                    "startOffset": 3277,
                    "endColumn": 100,
                    "endOffset": 3373
                },
                "from": {
                    "file": "/Users/14leec1/.android/build-cache/2b062dea4163f5d3e442202215294cce30d220df/output/res/values-sl/values.xml",
                    "position": {
                        "startLine": 15,
                        "startColumn": 0,
                        "startOffset": 1383,
                        "endColumn": 96,
                        "endOffset": 1479
                    }
                }
            },
            {
                "to": {
                    "startLine": 34,
                    "startColumn": 4,
                    "startOffset": 3378,
                    "endColumn": 100,
                    "endOffset": 3474
                },
                "from": {
                    "file": "/Users/14leec1/.android/build-cache/2b062dea4163f5d3e442202215294cce30d220df/output/res/values-sl/values.xml",
                    "position": {
                        "startLine": 16,
                        "startColumn": 0,
                        "startOffset": 1480,
                        "endColumn": 96,
                        "endOffset": 1576
                    }
                }
            },
            {
                "to": {
                    "startLine": 35,
                    "startColumn": 4,
                    "startOffset": 3479,
                    "endColumn": 107,
                    "endOffset": 3582
                },
                "from": {
                    "file": "/Users/14leec1/.android/build-cache/2b062dea4163f5d3e442202215294cce30d220df/output/res/values-sl/values.xml",
                    "position": {
                        "startLine": 17,
                        "startColumn": 0,
                        "startOffset": 1577,
                        "endColumn": 103,
                        "endOffset": 1680
                    }
                }
            },
            {
                "to": {
                    "startLine": 36,
                    "startColumn": 4,
                    "startOffset": 3587,
                    "endColumn": 80,
                    "endOffset": 3663
                },
                "from": {
                    "file": "/Users/14leec1/.android/build-cache/2b062dea4163f5d3e442202215294cce30d220df/output/res/values-sl/values.xml",
                    "position": {
                        "startLine": 18,
                        "startColumn": 0,
                        "startOffset": 1681,
                        "endColumn": 76,
                        "endOffset": 1757
                    }
                }
            },
            {
                "to": {
                    "startLine": 37,
                    "startColumn": 4,
                    "startOffset": 3668,
                    "endColumn": 157,
                    "endOffset": 3821
                },
                "from": {
                    "file": "/Users/14leec1/.android/build-cache/6fddc1117dca319301a0674abde2855c6ffec5b8/output/res/values-sl/values.xml",
                    "position": {
                        "startLine": 4,
                        "startColumn": 0,
                        "startOffset": 288,
                        "endColumn": 157,
                        "endOffset": 445
                    }
                }
            },
            {
                "to": {
                    "startLine": 38,
                    "startColumn": 4,
                    "startOffset": 3826,
                    "endColumn": 147,
                    "endOffset": 3969
                },
                "from": {
                    "file": "/Users/14leec1/.android/build-cache/6fddc1117dca319301a0674abde2855c6ffec5b8/output/res/values-sl/values.xml",
                    "position": {
                        "startLine": 5,
                        "startColumn": 0,
                        "startOffset": 446,
                        "endColumn": 147,
                        "endOffset": 593
                    }
                }
            },
            {
                "to": {
                    "startLine": 39,
                    "startColumn": 4,
                    "startOffset": 3974,
                    "endColumn": 103,
                    "endOffset": 4073
                },
                "from": {
                    "file": "/Users/14leec1/.android/build-cache/6fddc1117dca319301a0674abde2855c6ffec5b8/output/res/values-sl/values.xml",
                    "position": {
                        "startLine": 6,
                        "startColumn": 0,
                        "startOffset": 594,
                        "endColumn": 99,
                        "endOffset": 693
                    }
                }
            },
            {
                "to": {
                    "startLine": 40,
                    "startColumn": 4,
                    "startOffset": 4078,
                    "endColumn": 80,
                    "endOffset": 4154
                },
                "from": {
                    "file": "/Users/14leec1/.android/build-cache/2b062dea4163f5d3e442202215294cce30d220df/output/res/values-sl/values.xml",
                    "position": {
                        "startLine": 19,
                        "startColumn": 0,
                        "startOffset": 1758,
                        "endColumn": 76,
                        "endOffset": 1834
                    }
                }
            },
            {
                "to": {
                    "startLine": 41,
                    "startColumn": 4,
                    "startOffset": 4159,
                    "endColumn": 79,
                    "endOffset": 4234
                },
                "from": {
                    "file": "/Users/14leec1/.android/build-cache/2b062dea4163f5d3e442202215294cce30d220df/output/res/values-sl/values.xml",
                    "position": {
                        "startLine": 20,
                        "startColumn": 0,
                        "startOffset": 1835,
                        "endColumn": 75,
                        "endOffset": 1910
                    }
                }
            },
            {
                "to": {
                    "startLine": 42,
                    "startColumn": 4,
                    "startOffset": 4239,
                    "endColumn": 82,
                    "endOffset": 4317
                },
                "from": {
                    "file": "/Users/14leec1/.android/build-cache/2b062dea4163f5d3e442202215294cce30d220df/output/res/values-sl/values.xml",
                    "position": {
                        "startLine": 21,
                        "startColumn": 0,
                        "startOffset": 1911,
                        "endColumn": 78,
                        "endOffset": 1989
                    }
                }
            },
            {
                "to": {
                    "startLine": 43,
                    "startColumn": 4,
                    "startOffset": 4322,
                    "endColumn": 98,
                    "endOffset": 4416
                },
                "from": {
                    "file": "/Users/14leec1/.android/build-cache/2b062dea4163f5d3e442202215294cce30d220df/output/res/values-sl/values.xml",
                    "position": {
                        "startLine": 22,
                        "startColumn": 0,
                        "startOffset": 1990,
                        "endColumn": 94,
                        "endOffset": 2084
                    }
                }
            },
            {
                "to": {
                    "startLine": 44,
                    "startColumn": 4,
                    "startOffset": 4421,
                    "endColumn": 98,
                    "endOffset": 4515
                },
                "from": {
                    "file": "/Users/14leec1/.android/build-cache/2b062dea4163f5d3e442202215294cce30d220df/output/res/values-sl/values.xml",
                    "position": {
                        "startLine": 23,
                        "startColumn": 0,
                        "startOffset": 2085,
                        "endColumn": 94,
                        "endOffset": 2179
                    }
                }
            },
            {
                "to": {
                    "startLine": 45,
                    "startColumn": 4,
                    "startOffset": 4520,
                    "endColumn": 93,
                    "endOffset": 4609
                },
                "from": {
                    "file": "/Users/14leec1/.android/build-cache/2b062dea4163f5d3e442202215294cce30d220df/output/res/values-sl/values.xml",
                    "position": {
                        "startLine": 24,
                        "startColumn": 0,
                        "startOffset": 2180,
                        "endColumn": 89,
                        "endOffset": 2269
                    }
                }
            },
            {
                "to": {
                    "startLine": 46,
                    "startColumn": 4,
                    "startOffset": 4614,
                    "endColumn": 99,
                    "endOffset": 4709
                },
                "from": {
                    "file": "/Users/14leec1/.android/build-cache/2b062dea4163f5d3e442202215294cce30d220df/output/res/values-sl/values.xml",
                    "position": {
                        "startLine": 25,
                        "startColumn": 0,
                        "startOffset": 2270,
                        "endColumn": 95,
                        "endOffset": 2365
                    }
                }
            },
            {
                "to": {
                    "startLine": 47,
                    "startColumn": 4,
                    "startOffset": 4714,
                    "endColumn": 98,
                    "endOffset": 4808
                },
                "from": {
                    "file": "/Users/14leec1/.android/build-cache/2b062dea4163f5d3e442202215294cce30d220df/output/res/values-sl/values.xml",
                    "position": {
                        "startLine": 26,
                        "startColumn": 0,
                        "startOffset": 2366,
                        "endColumn": 94,
                        "endOffset": 2460
                    }
                }
            },
            {
                "to": {
                    "startLine": 48,
                    "startColumn": 4,
                    "startOffset": 4813,
                    "endColumn": 74,
                    "endOffset": 4883
                },
                "from": {
                    "file": "/Users/14leec1/.android/build-cache/2b062dea4163f5d3e442202215294cce30d220df/output/res/values-sl/values.xml",
                    "position": {
                        "startLine": 27,
                        "startColumn": 0,
                        "startOffset": 2461,
                        "endColumn": 70,
                        "endOffset": 2531
                    }
                }
            },
            {
                "to": {
                    "startLine": 49,
                    "startColumn": 4,
                    "startOffset": 4888,
                    "endColumn": 114,
                    "endOffset": 4998
                },
                "from": {
                    "file": "/Users/14leec1/.android/build-cache/2b062dea4163f5d3e442202215294cce30d220df/output/res/values-sl/values.xml",
                    "position": {
                        "startLine": 28,
                        "startColumn": 0,
                        "startOffset": 2532,
                        "endColumn": 110,
                        "endOffset": 2642
                    }
                }
            },
            {
                "to": {
                    "startLine": 50,
                    "startColumn": 4,
                    "startOffset": 5003,
                    "endColumn": 95,
                    "endOffset": 5094
                },
                "from": {
                    "file": "/Users/14leec1/.android/build-cache/2b062dea4163f5d3e442202215294cce30d220df/output/res/values-sl/values.xml",
                    "position": {
                        "startLine": 29,
                        "startColumn": 0,
                        "startOffset": 2643,
                        "endColumn": 91,
                        "endOffset": 2734
                    }
                }
            },
            {
                "to": {
                    "startLine": 51,
                    "startColumn": 4,
                    "startOffset": 5099,
                    "endColumn": 100,
                    "endOffset": 5195
                },
                "from": {
                    "file": "/Users/14leec1/.android/build-cache/2b062dea4163f5d3e442202215294cce30d220df/output/res/values-sl/values.xml",
                    "position": {
                        "startLine": 30,
                        "startColumn": 0,
                        "startOffset": 2735,
                        "endColumn": 96,
                        "endOffset": 2831
                    }
                }
            },
            {
                "to": {
                    "startLine": 52,
                    "startColumn": 4,
                    "startOffset": 5200,
                    "endColumn": 149,
                    "endOffset": 5345
                },
                "from": {
                    "file": "/Users/14leec1/.android/build-cache/2b062dea4163f5d3e442202215294cce30d220df/output/res/values-sl/values.xml",
                    "position": {
                        "startLine": 31,
                        "startColumn": 0,
                        "startOffset": 2832,
                        "endColumn": 149,
                        "endOffset": 2981
                    }
                }
            },
            {
                "to": {
                    "startLine": 53,
                    "startColumn": 4,
                    "startOffset": 5350,
                    "endColumn": 135,
                    "endOffset": 5481
                },
                "from": {
                    "file": "/Users/14leec1/.android/build-cache/2b062dea4163f5d3e442202215294cce30d220df/output/res/values-sl/values.xml",
                    "position": {
                        "startLine": 32,
                        "startColumn": 0,
                        "startOffset": 2982,
                        "endColumn": 131,
                        "endOffset": 3113
                    }
                }
            },
            {
                "to": {
                    "startLine": 54,
                    "startColumn": 4,
                    "startOffset": 5486,
                    "endColumn": 139,
                    "endOffset": 5621
                },
                "from": {
                    "file": "/Users/14leec1/.android/build-cache/2b062dea4163f5d3e442202215294cce30d220df/output/res/values-sl/values.xml",
                    "position": {
                        "startLine": 33,
                        "startColumn": 0,
                        "startOffset": 3114,
                        "endColumn": 135,
                        "endOffset": 3249
                    }
                }
            },
            {
                "to": {
                    "startLine": 55,
                    "startColumn": 4,
                    "startOffset": 5626,
                    "endColumn": 94,
                    "endOffset": 5716
                },
                "from": {
                    "file": "/Users/14leec1/.android/build-cache/2b062dea4163f5d3e442202215294cce30d220df/output/res/values-sl/values.xml",
                    "position": {
                        "startLine": 34,
                        "startColumn": 0,
                        "startOffset": 3250,
                        "endColumn": 90,
                        "endOffset": 3340
                    }
                }
            },
            {
                "to": {
                    "startLine": 56,
                    "startColumn": 4,
                    "startOffset": 5721,
                    "endColumn": 94,
                    "endOffset": 5811
                },
                "from": {
                    "file": "/Users/14leec1/.android/build-cache/2b062dea4163f5d3e442202215294cce30d220df/output/res/values-sl/values.xml",
                    "position": {
                        "startLine": 35,
                        "startColumn": 0,
                        "startOffset": 3341,
                        "endColumn": 90,
                        "endOffset": 3431
                    }
                }
            },
            {
                "to": {
                    "startLine": 57,
                    "startColumn": 4,
                    "startOffset": 5816,
                    "endColumn": 104,
                    "endOffset": 5916
                },
                "from": {
                    "file": "/Users/14leec1/.android/build-cache/2b062dea4163f5d3e442202215294cce30d220df/output/res/values-sl/values.xml",
                    "position": {
                        "startLine": 36,
                        "startColumn": 0,
                        "startOffset": 3432,
                        "endColumn": 100,
                        "endOffset": 3532
                    }
                }
            },
            {
                "to": {
                    "startLine": 58,
                    "startColumn": 4,
                    "startOffset": 5921,
                    "endColumn": 81,
                    "endOffset": 5998
                },
                "from": {
                    "file": "/Users/14leec1/.android/build-cache/2b062dea4163f5d3e442202215294cce30d220df/output/res/values-sl/values.xml",
                    "position": {
                        "startLine": 37,
                        "startColumn": 0,
                        "startOffset": 3533,
                        "endColumn": 77,
                        "endOffset": 3610
                    }
                }
            },
            {
                "to": {
                    "startLine": 59,
                    "startColumn": 4,
                    "startOffset": 6003,
                    "endColumn": 107,
                    "endOffset": 6106
                },
                "from": {
                    "file": "/Users/14leec1/.android/build-cache/0ad8bc32b47bd9b6a107e4fb2661747d1c54541f/output/res/values-sl/values.xml",
                    "position": {
                        "startLine": 4,
                        "startColumn": 0,
                        "startOffset": 283,
                        "endColumn": 103,
                        "endOffset": 386
                    }
                }
            },
            {
                "to": {
                    "startLine": 60,
                    "startColumn": 4,
                    "startOffset": 6111,
                    "endColumn": 196,
                    "endOffset": 6303
                },
                "from": {
                    "file": "/Users/14leec1/.android/build-cache/0ad8bc32b47bd9b6a107e4fb2661747d1c54541f/output/res/values-sl/values.xml",
                    "position": {
                        "startLine": 5,
                        "startColumn": 0,
                        "startOffset": 387,
                        "endColumn": 196,
                        "endOffset": 583
                    }
                }
            },
            {
                "to": {
                    "startLine": 61,
                    "startColumn": 4,
                    "startOffset": 6308,
                    "endColumn": 130,
                    "endOffset": 6434
                },
                "from": {
                    "file": "/Users/14leec1/.android/build-cache/0ad8bc32b47bd9b6a107e4fb2661747d1c54541f/output/res/values-sl/values.xml",
                    "position": {
                        "startLine": 6,
                        "startColumn": 0,
                        "startOffset": 584,
                        "endColumn": 126,
                        "endOffset": 710
                    }
                }
            },
            {
                "to": {
                    "startLine": 62,
                    "startColumn": 4,
                    "startOffset": 6439,
                    "endColumn": 108,
                    "endOffset": 6543
                },
                "from": {
                    "file": "/Users/14leec1/.android/build-cache/0ad8bc32b47bd9b6a107e4fb2661747d1c54541f/output/res/values-sl/values.xml",
                    "position": {
                        "startLine": 7,
                        "startColumn": 0,
                        "startOffset": 711,
                        "endColumn": 104,
                        "endOffset": 815
                    }
                }
            },
            {
                "to": {
                    "startLine": 63,
                    "startColumn": 4,
                    "startOffset": 6548,
                    "endColumn": 205,
                    "endOffset": 6749
                },
                "from": {
                    "file": "/Users/14leec1/.android/build-cache/0ad8bc32b47bd9b6a107e4fb2661747d1c54541f/output/res/values-sl/values.xml",
                    "position": {
                        "startLine": 8,
                        "startColumn": 0,
                        "startOffset": 816,
                        "endColumn": 205,
                        "endOffset": 1021
                    }
                }
            },
            {
                "to": {
                    "startLine": 64,
                    "startColumn": 4,
                    "startOffset": 6754,
                    "endColumn": 131,
                    "endOffset": 6881
                },
                "from": {
                    "file": "/Users/14leec1/.android/build-cache/0ad8bc32b47bd9b6a107e4fb2661747d1c54541f/output/res/values-sl/values.xml",
                    "position": {
                        "startLine": 9,
                        "startColumn": 0,
                        "startOffset": 1022,
                        "endColumn": 127,
                        "endOffset": 1149
                    }
                }
            },
            {
                "to": {
                    "startLine": 65,
                    "startColumn": 4,
                    "startOffset": 6886,
                    "endColumn": 132,
                    "endOffset": 7014
                },
                "from": {
                    "file": "/Users/14leec1/.android/build-cache/0ad8bc32b47bd9b6a107e4fb2661747d1c54541f/output/res/values-sl/values.xml",
                    "position": {
                        "startLine": 10,
                        "startColumn": 0,
                        "startOffset": 1150,
                        "endColumn": 128,
                        "endOffset": 1278
                    }
                }
            },
            {
                "to": {
                    "startLine": 66,
                    "startColumn": 4,
                    "startOffset": 7019,
                    "endColumn": 198,
                    "endOffset": 7213
                },
                "from": {
                    "file": "/Users/14leec1/.android/build-cache/ff4967dcef41267c999da54fcc7c7f9e60142282/output/res/values-sl/values.xml",
                    "position": {
                        "startLine": 4,
                        "startColumn": 0,
                        "startOffset": 285,
                        "endColumn": 198,
                        "endOffset": 483
                    }
                }
            },
            {
                "to": {
                    "startLine": 67,
                    "startColumn": 4,
                    "startOffset": 7218,
                    "endColumn": 216,
                    "endOffset": 7430
                },
                "from": {
                    "file": "/Users/14leec1/.android/build-cache/0ad8bc32b47bd9b6a107e4fb2661747d1c54541f/output/res/values-sl/values.xml",
                    "position": {
                        "startLine": 11,
                        "startColumn": 0,
                        "startOffset": 1279,
                        "endColumn": 216,
                        "endOffset": 1495
                    }
                }
            },
            {
                "to": {
                    "startLine": 68,
                    "startColumn": 4,
                    "startOffset": 7435,
                    "endColumn": 108,
                    "endOffset": 7539
                },
                "from": {
                    "file": "/Users/14leec1/.android/build-cache/0ad8bc32b47bd9b6a107e4fb2661747d1c54541f/output/res/values-sl/values.xml",
                    "position": {
                        "startLine": 12,
                        "startColumn": 0,
                        "startOffset": 1496,
                        "endColumn": 104,
                        "endOffset": 1600
                    }
                }
            },
            {
                "to": {
                    "startLine": 69,
                    "startColumn": 4,
                    "startOffset": 7544,
                    "endColumn": 197,
                    "endOffset": 7737
                },
                "from": {
                    "file": "/Users/14leec1/.android/build-cache/0ad8bc32b47bd9b6a107e4fb2661747d1c54541f/output/res/values-sl/values.xml",
                    "position": {
                        "startLine": 13,
                        "startColumn": 0,
                        "startOffset": 1601,
                        "endColumn": 197,
                        "endOffset": 1798
                    }
                }
            },
            {
                "to": {
                    "startLine": 70,
                    "startColumn": 4,
                    "startOffset": 7742,
                    "endColumn": 131,
                    "endOffset": 7869
                },
                "from": {
                    "file": "/Users/14leec1/.android/build-cache/0ad8bc32b47bd9b6a107e4fb2661747d1c54541f/output/res/values-sl/values.xml",
                    "position": {
                        "startLine": 14,
                        "startColumn": 0,
                        "startOffset": 1799,
                        "endColumn": 127,
                        "endOffset": 1926
                    }
                }
            },
            {
                "to": {
                    "startLine": 71,
                    "startColumn": 4,
                    "startOffset": 7874,
                    "endColumn": 210,
                    "endOffset": 8080
                },
                "from": {
                    "file": "/Users/14leec1/.android/build-cache/0ad8bc32b47bd9b6a107e4fb2661747d1c54541f/output/res/values-sl/values.xml",
                    "position": {
                        "startLine": 15,
                        "startColumn": 0,
                        "startOffset": 1927,
                        "endColumn": 210,
                        "endOffset": 2137
                    }
                }
            },
            {
                "to": {
                    "startLine": 72,
                    "startColumn": 4,
                    "startOffset": 8085,
                    "endColumn": 181,
                    "endOffset": 8262
                },
                "from": {
                    "file": "/Users/14leec1/.android/build-cache/0ad8bc32b47bd9b6a107e4fb2661747d1c54541f/output/res/values-sl/values.xml",
                    "position": {
                        "startLine": 16,
                        "startColumn": 0,
                        "startOffset": 2138,
                        "endColumn": 177,
                        "endOffset": 2315
                    }
                }
            },
            {
                "to": {
                    "startLine": 73,
                    "startColumn": 4,
                    "startOffset": 8267,
                    "endColumn": 99,
                    "endOffset": 8362
                },
                "from": {
                    "file": "/Users/14leec1/.android/build-cache/0ad8bc32b47bd9b6a107e4fb2661747d1c54541f/output/res/values-sl/values.xml",
                    "position": {
                        "startLine": 17,
                        "startColumn": 0,
                        "startOffset": 2316,
                        "endColumn": 95,
                        "endOffset": 2411
                    }
                }
            },
            {
                "to": {
                    "startLine": 74,
                    "startColumn": 4,
                    "startOffset": 8367,
                    "endColumn": 91,
                    "endOffset": 8454
                },
                "from": {
                    "file": "/Users/14leec1/.android/build-cache/0ad8bc32b47bd9b6a107e4fb2661747d1c54541f/output/res/values-sl/values.xml",
                    "position": {
                        "startLine": 18,
                        "startColumn": 0,
                        "startOffset": 2412,
                        "endColumn": 87,
                        "endOffset": 2499
                    }
                }
            },
            {
                "to": {
                    "startLine": 75,
                    "startColumn": 4,
                    "startOffset": 8459,
                    "endColumn": 112,
                    "endOffset": 8567
                },
                "from": {
                    "file": "/Users/14leec1/.android/build-cache/0ad8bc32b47bd9b6a107e4fb2661747d1c54541f/output/res/values-sl/values.xml",
                    "position": {
                        "startLine": 19,
                        "startColumn": 0,
                        "startOffset": 2500,
                        "endColumn": 108,
                        "endOffset": 2608
                    }
                }
            },
            {
                "to": {
                    "startLine": 76,
                    "startColumn": 4,
                    "startOffset": 8572,
                    "endColumn": 132,
                    "endOffset": 8700
                },
                "from": {
                    "file": "/Users/14leec1/.android/build-cache/08c7c22f53081775450e442244fadb641005e811/output/res/values-sl/values.xml",
                    "position": {
                        "startLine": 5,
                        "startColumn": 0,
                        "startOffset": 306,
                        "endColumn": 128,
                        "endOffset": 434
                    }
                }
            },
            {
                "to": {
                    "startLine": 77,
                    "startColumn": 4,
                    "startOffset": 8705,
                    "endColumn": 112,
                    "endOffset": 8813
                },
                "from": {
                    "file": "/Users/14leec1/.android/build-cache/08c7c22f53081775450e442244fadb641005e811/output/res/values-sl/values.xml",
                    "position": {
                        "startLine": 6,
                        "startColumn": 0,
                        "startOffset": 435,
                        "endColumn": 108,
                        "endOffset": 543
                    }
                }
            },
            {
                "to": {
                    "startLine": 78,
                    "startColumn": 4,
                    "startOffset": 8818,
                    "endColumn": 100,
                    "endOffset": 8914
                },
                "from": {
                    "file": "/Users/14leec1/.android/build-cache/08c7c22f53081775450e442244fadb641005e811/output/res/values-sl/values.xml",
                    "position": {
                        "startLine": 7,
                        "startColumn": 0,
                        "startOffset": 544,
                        "endColumn": 96,
                        "endOffset": 640
                    }
                }
            },
            {
                "to": {
                    "startLine": 79,
                    "startColumn": 4,
                    "startOffset": 8919,
                    "endColumn": 110,
                    "endOffset": 9025
                },
                "from": {
                    "file": "/Users/14leec1/.android/build-cache/08c7c22f53081775450e442244fadb641005e811/output/res/values-sl/values.xml",
                    "position": {
                        "startLine": 8,
                        "startColumn": 0,
                        "startOffset": 641,
                        "endColumn": 106,
                        "endOffset": 747
                    }
                }
            },
            {
                "to": {
                    "startLine": 80,
                    "startColumn": 4,
                    "startOffset": 9030,
                    "endColumn": 110,
                    "endOffset": 9136
                },
                "from": {
                    "file": "/Users/14leec1/.android/build-cache/08c7c22f53081775450e442244fadb641005e811/output/res/values-sl/values.xml",
                    "position": {
                        "startLine": 9,
                        "startColumn": 0,
                        "startOffset": 748,
                        "endColumn": 106,
                        "endOffset": 854
                    }
                }
            },
            {
                "to": {
                    "startLine": 81,
                    "startColumn": 4,
                    "startOffset": 9141,
                    "endColumn": 103,
                    "endOffset": 9240
                },
                "from": {
                    "file": "/Users/14leec1/.android/build-cache/08c7c22f53081775450e442244fadb641005e811/output/res/values-sl/values.xml",
                    "position": {
                        "startLine": 10,
                        "startColumn": 0,
                        "startOffset": 855,
                        "endColumn": 99,
                        "endOffset": 954
                    }
                }
            },
            {
                "to": {
                    "startLine": 82,
                    "startColumn": 4,
                    "startOffset": 9245,
                    "endColumn": 75,
                    "endOffset": 9316
                },
                "from": {
                    "file": "/Users/14leec1/.android/build-cache/08c7c22f53081775450e442244fadb641005e811/output/res/values-sl/values.xml",
                    "position": {
                        "startLine": 11,
                        "startColumn": 0,
                        "startOffset": 955,
                        "endColumn": 71,
                        "endOffset": 1026
                    }
                }
            },
            {
                "to": {
                    "startLine": 83,
                    "startColumn": 4,
                    "startOffset": 9321,
                    "endColumn": 107,
                    "endOffset": 9424
                },
                "from": {
                    "file": "/Users/14leec1/.android/build-cache/6303f2447d0b215c6c4fc6a0803a9d4ab2d6ea3c/output/res/values-sl/values-sl.xml",
                    "position": {
                        "startLine": 2,
                        "startColumn": 4,
                        "startOffset": 55,
                        "endColumn": 107,
                        "endOffset": 158
                    }
                }
            },
            {
                "to": {
                    "startLine": 84,
                    "startColumn": 4,
                    "startOffset": 9429,
                    "endColumn": 93,
                    "endOffset": 9518
                },
                "from": {
                    "file": "/Users/14leec1/.android/build-cache/6303f2447d0b215c6c4fc6a0803a9d4ab2d6ea3c/output/res/values-sl/values-sl.xml",
                    "position": {
                        "startLine": 3,
                        "startColumn": 4,
                        "startOffset": 163,
                        "endColumn": 93,
                        "endOffset": 252
                    }
                }
            },
            {
                "to": {
                    "startLine": 85,
                    "startColumn": 4,
                    "startOffset": 9523,
                    "endColumn": 91,
                    "endOffset": 9610
                },
                "from": {
                    "file": "/Users/14leec1/.android/build-cache/6303f2447d0b215c6c4fc6a0803a9d4ab2d6ea3c/output/res/values-sl/values-sl.xml",
                    "position": {
                        "startLine": 4,
                        "startColumn": 4,
                        "startOffset": 257,
                        "endColumn": 91,
                        "endOffset": 344
                    }
                }
            },
            {
                "to": {
                    "startLine": 86,
                    "startColumn": 4,
                    "startOffset": 9615,
                    "endColumn": 99,
                    "endOffset": 9710
                },
                "from": {
                    "file": "/Users/14leec1/.android/build-cache/6303f2447d0b215c6c4fc6a0803a9d4ab2d6ea3c/output/res/values-sl/values-sl.xml",
                    "position": {
                        "startLine": 5,
                        "startColumn": 4,
                        "startOffset": 349,
                        "endColumn": 99,
                        "endOffset": 444
                    }
                }
            },
            {
                "to": {
                    "startLine": 87,
                    "startColumn": 4,
                    "startOffset": 9715,
                    "endColumn": 106,
                    "endOffset": 9817
                },
                "from": {
                    "file": "/Users/14leec1/.android/build-cache/6303f2447d0b215c6c4fc6a0803a9d4ab2d6ea3c/output/res/values-sl/values-sl.xml",
                    "position": {
                        "startLine": 6,
                        "startColumn": 4,
                        "startOffset": 449,
                        "endColumn": 106,
                        "endOffset": 551
                    }
                }
            },
            {
                "to": {
                    "startLine": 88,
                    "startColumn": 4,
                    "startOffset": 9822,
                    "endColumn": 95,
                    "endOffset": 9913
                },
                "from": {
                    "file": "/Users/14leec1/.android/build-cache/6303f2447d0b215c6c4fc6a0803a9d4ab2d6ea3c/output/res/values-sl/values-sl.xml",
                    "position": {
                        "startLine": 7,
                        "startColumn": 4,
                        "startOffset": 556,
                        "endColumn": 95,
                        "endOffset": 647
                    }
                }
            },
            {
                "to": {
                    "startLine": 89,
                    "startColumn": 4,
                    "startOffset": 9918,
                    "endColumn": 92,
                    "endOffset": 10006
                },
                "from": {
                    "file": "/Users/14leec1/.android/build-cache/6303f2447d0b215c6c4fc6a0803a9d4ab2d6ea3c/output/res/values-sl/values-sl.xml",
                    "position": {
                        "startLine": 8,
                        "startColumn": 4,
                        "startOffset": 652,
                        "endColumn": 92,
                        "endOffset": 740
                    }
                }
            },
            {
                "to": {
                    "startLine": 90,
                    "startColumn": 4,
                    "startOffset": 10011,
                    "endColumn": 99,
                    "endOffset": 10106
                },
                "from": {
                    "file": "/Users/14leec1/.android/build-cache/6303f2447d0b215c6c4fc6a0803a9d4ab2d6ea3c/output/res/values-sl/values-sl.xml",
                    "position": {
                        "startLine": 9,
                        "startColumn": 4,
                        "startOffset": 745,
                        "endColumn": 99,
                        "endOffset": 840
                    }
                }
            },
            {
                "to": {
                    "startLine": 91,
                    "startColumn": 4,
                    "startOffset": 10111,
                    "endColumn": 92,
                    "endOffset": 10199
                },
                "from": {
                    "file": "/Users/14leec1/.android/build-cache/6303f2447d0b215c6c4fc6a0803a9d4ab2d6ea3c/output/res/values-sl/values-sl.xml",
                    "position": {
                        "startLine": 10,
                        "startColumn": 4,
                        "startOffset": 845,
                        "endColumn": 92,
                        "endOffset": 933
                    }
                }
            },
            {
                "to": {
                    "startLine": 92,
                    "startColumn": 4,
                    "startOffset": 10204,
                    "endColumn": 111,
                    "endOffset": 10311
                },
                "from": {
                    "file": "/Users/14leec1/.android/build-cache/6303f2447d0b215c6c4fc6a0803a9d4ab2d6ea3c/output/res/values-sl/values-sl.xml",
                    "position": {
                        "startLine": 11,
                        "startColumn": 4,
                        "startOffset": 938,
                        "endColumn": 111,
                        "endOffset": 1045
                    }
                }
            },
            {
                "to": {
                    "startLine": 93,
                    "startColumn": 4,
                    "startOffset": 10316,
                    "endColumn": 114,
                    "endOffset": 10426
                },
                "from": {
                    "file": "/Users/14leec1/.android/build-cache/6303f2447d0b215c6c4fc6a0803a9d4ab2d6ea3c/output/res/values-sl/values-sl.xml",
                    "position": {
                        "startLine": 12,
                        "startColumn": 4,
                        "startOffset": 1050,
                        "endColumn": 114,
                        "endOffset": 1160
                    }
                }
            },
            {
                "to": {
                    "startLine": 94,
                    "startColumn": 4,
                    "startOffset": 10431,
                    "endColumn": 86,
                    "endOffset": 10513
                },
                "from": {
                    "file": "/Users/14leec1/.android/build-cache/6303f2447d0b215c6c4fc6a0803a9d4ab2d6ea3c/output/res/values-sl/values-sl.xml",
                    "position": {
                        "startLine": 13,
                        "startColumn": 4,
                        "startOffset": 1165,
                        "endColumn": 86,
                        "endOffset": 1247
                    }
                }
            },
            {
                "to": {
                    "startLine": 95,
                    "startColumn": 4,
                    "startOffset": 10518,
                    "endColumn": 87,
                    "endOffset": 10601
                },
                "from": {
                    "file": "/Users/14leec1/.android/build-cache/6303f2447d0b215c6c4fc6a0803a9d4ab2d6ea3c/output/res/values-sl/values-sl.xml",
                    "position": {
                        "startLine": 14,
                        "startColumn": 4,
                        "startOffset": 1252,
                        "endColumn": 87,
                        "endOffset": 1335
                    }
                }
            },
            {
                "to": {
                    "startLine": 96,
                    "startColumn": 4,
                    "startOffset": 10606,
                    "endColumn": 95,
                    "endOffset": 10697
                },
                "from": {
                    "file": "/Users/14leec1/.android/build-cache/6303f2447d0b215c6c4fc6a0803a9d4ab2d6ea3c/output/res/values-sl/values-sl.xml",
                    "position": {
                        "startLine": 15,
                        "startColumn": 4,
                        "startOffset": 1340,
                        "endColumn": 95,
                        "endOffset": 1431
                    }
                }
            },
            {
                "to": {
                    "startLine": 97,
                    "startColumn": 4,
                    "startOffset": 10702,
                    "endColumn": 85,
                    "endOffset": 10783
                },
                "from": {
                    "file": "/Users/14leec1/.android/build-cache/6303f2447d0b215c6c4fc6a0803a9d4ab2d6ea3c/output/res/values-sl/values-sl.xml",
                    "position": {
                        "startLine": 16,
                        "startColumn": 4,
                        "startOffset": 1436,
                        "endColumn": 85,
                        "endOffset": 1517
                    }
                }
            },
            {
                "to": {
                    "startLine": 98,
                    "startColumn": 4,
                    "startOffset": 10788,
                    "endColumn": 93,
                    "endOffset": 10877
                },
                "from": {
                    "file": "/Users/14leec1/.android/build-cache/6303f2447d0b215c6c4fc6a0803a9d4ab2d6ea3c/output/res/values-sl/values-sl.xml",
                    "position": {
                        "startLine": 17,
                        "startColumn": 4,
                        "startOffset": 1522,
                        "endColumn": 93,
                        "endOffset": 1611
                    }
                }
            },
            {
                "to": {
                    "startLine": 99,
                    "startColumn": 4,
                    "startOffset": 10882,
                    "endColumn": 111,
                    "endOffset": 10989
                },
                "from": {
                    "file": "/Users/14leec1/.android/build-cache/eceeeb909d8e1eef6feb4c4e84c99257903967d3/output/res/values-sl/values.xml",
                    "position": {
                        "startLine": 4,
                        "startColumn": 0,
                        "startOffset": 233,
                        "endColumn": 107,
                        "endOffset": 340
                    }
                }
            },
            {
                "to": {
                    "startLine": 100,
                    "startColumn": 4,
                    "startOffset": 10994,
                    "endColumn": 96,
                    "endOffset": 11086
                },
                "from": {
                    "file": "/Users/14leec1/.android/build-cache/eceeeb909d8e1eef6feb4c4e84c99257903967d3/output/res/values-sl/values.xml",
                    "position": {
                        "startLine": 5,
                        "startColumn": 0,
                        "startOffset": 341,
                        "endColumn": 92,
                        "endOffset": 433
                    }
                }
            },
            {
                "to": {
                    "startLine": 101,
                    "startColumn": 4,
                    "startOffset": 11091,
                    "endColumn": 82,
                    "endOffset": 11169
                },
                "from": {
                    "file": "/Users/14leec1/.android/build-cache/afbe29f57f18bdcb21348ed524eb6be0cd8d61ae/output/res/values-sl/values-sl.xml",
                    "position": {
                        "startLine": 21,
                        "startColumn": 4,
                        "startOffset": 2025,
                        "endColumn": 82,
                        "endOffset": 2103
                    }
                }
            },
            {
                "to": {
                    "startLine": 102,
                    "startColumn": 4,
                    "startOffset": 11174,
                    "endColumn": 100,
                    "endOffset": 11270
                },
                "from": {
                    "file": "/Users/14leec1/.android/build-cache/afbe29f57f18bdcb21348ed524eb6be0cd8d61ae/output/res/values-sl/values-sl.xml",
                    "position": {
                        "startLine": 22,
                        "startColumn": 4,
                        "startOffset": 2108,
                        "endColumn": 100,
                        "endOffset": 2204
                    }
                }
            },
            {
                "to": {
                    "startLine": 103,
                    "startColumn": 4,
                    "startOffset": 11275,
                    "endColumn": 132,
                    "endOffset": 11403
                },
                "from": {
                    "file": "/Users/14leec1/.android/build-cache/08c7c22f53081775450e442244fadb641005e811/output/res/values-sl/values.xml",
                    "position": {
                        "startLine": 12,
                        "startColumn": 0,
                        "startOffset": 1027,
                        "endColumn": 128,
                        "endOffset": 1155
                    }
                }
            },
            {
                "to": {
                    "startLine": 104,
                    "startColumn": 4,
                    "startOffset": 11408,
                    "endColumn": 96,
                    "endOffset": 11500
                },
                "from": {
                    "file": "/Users/14leec1/.android/build-cache/08c7c22f53081775450e442244fadb641005e811/output/res/values-sl/values.xml",
                    "position": {
                        "startLine": 13,
                        "startColumn": 0,
                        "startOffset": 1156,
                        "endColumn": 92,
                        "endOffset": 1248
                    }
                }
            },
            {
                "to": {
                    "startLine": 105,
                    "startColumn": 4,
                    "startOffset": 11505,
                    "endColumn": 103,
                    "endOffset": 11604
                },
                "from": {
                    "file": "/Users/14leec1/.android/build-cache/86ba2be4be49f6b2e89dd367179a5d72d401dedd/output/res/values-sl/values.xml",
                    "position": {
                        "startLine": 4,
                        "startColumn": 0,
                        "startOffset": 240,
                        "endColumn": 99,
                        "endOffset": 339
                    }
                }
            }
        ]
    }
]