[
    {
        "outputFile": "/Users/14leec1/AndroidStudioProjects/Civic-app-master/Sus/app/build/intermediates/incremental/mergeReleaseResources/merged.dir/values-es-rES/values-es-rES.xml",
        "map": [
            {
                "to": {
                    "startLine": 2,
                    "startColumn": 4,
                    "startOffset": 55,
                    "endColumn": 150,
                    "endOffset": 201
                },
                "from": {
                    "file": "/Users/14leec1/.android/build-cache/e7c3fb2fae2087caad0ff0f902c7d6c404f266fd/output/res/values-es-rES/values-es-rES.xml",
                    "position": {
                        "startLine": 2,
                        "startColumn": 4,
                        "startOffset": 55,
                        "endColumn": 150,
                        "endOffset": 201
                    }
                }
            },
            {
                "to": {
                    "startLine": 3,
                    "startColumn": 4,
                    "startOffset": 206,
                    "endColumn": 111,
                    "endOffset": 313
                },
                "from": {
                    "file": "/Users/14leec1/.android/build-cache/e7c3fb2fae2087caad0ff0f902c7d6c404f266fd/output/res/values-es-rES/values-es-rES.xml",
                    "position": {
                        "startLine": 3,
                        "startColumn": 4,
                        "startOffset": 206,
                        "endColumn": 111,
                        "endOffset": 313
                    }
                }
            },
            {
                "to": {
                    "startLine": 4,
                    "startColumn": 4,
                    "startOffset": 318,
                    "endColumn": 136,
                    "endOffset": 450
                },
                "from": {
                    "file": "/Users/14leec1/.android/build-cache/e7c3fb2fae2087caad0ff0f902c7d6c404f266fd/output/res/values-es-rES/values-es-rES.xml",
                    "position": {
                        "startLine": 4,
                        "startColumn": 4,
                        "startOffset": 318,
                        "endColumn": 136,
                        "endOffset": 450
                    }
                }
            },
            {
                "to": {
                    "startLine": 5,
                    "startColumn": 4,
                    "startOffset": 455,
                    "endColumn": 97,
                    "endOffset": 548
                },
                "from": {
                    "file": "/Users/14leec1/.android/build-cache/e7c3fb2fae2087caad0ff0f902c7d6c404f266fd/output/res/values-es-rES/values-es-rES.xml",
                    "position": {
                        "startLine": 5,
                        "startColumn": 4,
                        "startOffset": 455,
                        "endColumn": 97,
                        "endOffset": 548
                    }
                }
            },
            {
                "to": {
                    "startLine": 6,
                    "startColumn": 4,
                    "startOffset": 553,
                    "endColumn": 67,
                    "endOffset": 616
                },
                "from": {
                    "file": "/Users/14leec1/.android/build-cache/e7c3fb2fae2087caad0ff0f902c7d6c404f266fd/output/res/values-es-rES/values-es-rES.xml",
                    "position": {
                        "startLine": 6,
                        "startColumn": 4,
                        "startOffset": 553,
                        "endColumn": 67,
                        "endOffset": 616
                    }
                }
            },
            {
                "to": {
                    "startLine": 7,
                    "startColumn": 4,
                    "startOffset": 621,
                    "endColumn": 71,
                    "endOffset": 688
                },
                "from": {
                    "file": "/Users/14leec1/.android/build-cache/e7c3fb2fae2087caad0ff0f902c7d6c404f266fd/output/res/values-es-rES/values-es-rES.xml",
                    "position": {
                        "startLine": 7,
                        "startColumn": 4,
                        "startOffset": 621,
                        "endColumn": 71,
                        "endOffset": 688
                    }
                }
            },
            {
                "to": {
                    "startLine": 8,
                    "startColumn": 4,
                    "startOffset": 693,
                    "endColumn": 58,
                    "endOffset": 747
                },
                "from": {
                    "file": "/Users/14leec1/.android/build-cache/e7c3fb2fae2087caad0ff0f902c7d6c404f266fd/output/res/values-es-rES/values-es-rES.xml",
                    "position": {
                        "startLine": 8,
                        "startColumn": 4,
                        "startOffset": 693,
                        "endColumn": 58,
                        "endOffset": 747
                    }
                }
            },
            {
                "to": {
                    "startLine": 9,
                    "startColumn": 4,
                    "startOffset": 752,
                    "endColumn": 73,
                    "endOffset": 821
                },
                "from": {
                    "file": "/Users/14leec1/.android/build-cache/e7c3fb2fae2087caad0ff0f902c7d6c404f266fd/output/res/values-es-rES/values-es-rES.xml",
                    "position": {
                        "startLine": 9,
                        "startColumn": 4,
                        "startOffset": 752,
                        "endColumn": 73,
                        "endOffset": 821
                    }
                }
            },
            {
                "to": {
                    "startLine": 10,
                    "startColumn": 4,
                    "startOffset": 826,
                    "endColumn": 81,
                    "endOffset": 903
                },
                "from": {
                    "file": "/Users/14leec1/.android/build-cache/e7c3fb2fae2087caad0ff0f902c7d6c404f266fd/output/res/values-es-rES/values-es-rES.xml",
                    "position": {
                        "startLine": 10,
                        "startColumn": 4,
                        "startOffset": 826,
                        "endColumn": 81,
                        "endOffset": 903
                    }
                }
            },
            {
                "to": {
                    "startLine": 11,
                    "startColumn": 4,
                    "startOffset": 908,
                    "endColumn": 96,
                    "endOffset": 1000
                },
                "from": {
                    "file": "/Users/14leec1/.android/build-cache/e7c3fb2fae2087caad0ff0f902c7d6c404f266fd/output/res/values-es-rES/values-es-rES.xml",
                    "position": {
                        "startLine": 11,
                        "startColumn": 4,
                        "startOffset": 908,
                        "endColumn": 96,
                        "endOffset": 1000
                    }
                }
            },
            {
                "to": {
                    "startLine": 12,
                    "startColumn": 4,
                    "startOffset": 1005,
                    "endColumn": 97,
                    "endOffset": 1098
                },
                "from": {
                    "file": "/Users/14leec1/.android/build-cache/e7c3fb2fae2087caad0ff0f902c7d6c404f266fd/output/res/values-es-rES/values-es-rES.xml",
                    "position": {
                        "startLine": 12,
                        "startColumn": 4,
                        "startOffset": 1005,
                        "endColumn": 97,
                        "endOffset": 1098
                    }
                }
            },
            {
                "to": {
                    "startLine": 13,
                    "startColumn": 4,
                    "startOffset": 1103,
                    "endColumn": 71,
                    "endOffset": 1170
                },
                "from": {
                    "file": "/Users/14leec1/.android/build-cache/e7c3fb2fae2087caad0ff0f902c7d6c404f266fd/output/res/values-es-rES/values-es-rES.xml",
                    "position": {
                        "startLine": 13,
                        "startColumn": 4,
                        "startOffset": 1103,
                        "endColumn": 71,
                        "endOffset": 1170
                    }
                }
            },
            {
                "to": {
                    "startLine": 14,
                    "startColumn": 4,
                    "startOffset": 1175,
                    "endColumn": 71,
                    "endOffset": 1242
                },
                "from": {
                    "file": "/Users/14leec1/.android/build-cache/e7c3fb2fae2087caad0ff0f902c7d6c404f266fd/output/res/values-es-rES/values-es-rES.xml",
                    "position": {
                        "startLine": 14,
                        "startColumn": 4,
                        "startOffset": 1175,
                        "endColumn": 71,
                        "endOffset": 1242
                    }
                }
            },
            {
                "to": {
                    "startLine": 15,
                    "startColumn": 4,
                    "startOffset": 1247,
                    "endColumn": 90,
                    "endOffset": 1333
                },
                "from": {
                    "file": "/Users/14leec1/.android/build-cache/e7c3fb2fae2087caad0ff0f902c7d6c404f266fd/output/res/values-es-rES/values-es-rES.xml",
                    "position": {
                        "startLine": 15,
                        "startColumn": 4,
                        "startOffset": 1247,
                        "endColumn": 90,
                        "endOffset": 1333
                    }
                }
            },
            {
                "to": {
                    "startLine": 16,
                    "startColumn": 4,
                    "startOffset": 1338,
                    "endColumn": 104,
                    "endOffset": 1438
                },
                "from": {
                    "file": "/Users/14leec1/.android/build-cache/e7c3fb2fae2087caad0ff0f902c7d6c404f266fd/output/res/values-es-rES/values-es-rES.xml",
                    "position": {
                        "startLine": 16,
                        "startColumn": 4,
                        "startOffset": 1338,
                        "endColumn": 104,
                        "endOffset": 1438
                    }
                }
            },
            {
                "to": {
                    "startLine": 17,
                    "startColumn": 4,
                    "startOffset": 1443,
                    "endColumn": 64,
                    "endOffset": 1503
                },
                "from": {
                    "file": "/Users/14leec1/.android/build-cache/e7c3fb2fae2087caad0ff0f902c7d6c404f266fd/output/res/values-es-rES/values-es-rES.xml",
                    "position": {
                        "startLine": 17,
                        "startColumn": 4,
                        "startOffset": 1443,
                        "endColumn": 64,
                        "endOffset": 1503
                    }
                }
            },
            {
                "to": {
                    "startLine": 18,
                    "startColumn": 4,
                    "startOffset": 1508,
                    "endColumn": 68,
                    "endOffset": 1572
                },
                "from": {
                    "file": "/Users/14leec1/.android/build-cache/e7c3fb2fae2087caad0ff0f902c7d6c404f266fd/output/res/values-es-rES/values-es-rES.xml",
                    "position": {
                        "startLine": 18,
                        "startColumn": 4,
                        "startOffset": 1508,
                        "endColumn": 68,
                        "endOffset": 1572
                    }
                }
            },
            {
                "to": {
                    "startLine": 19,
                    "startColumn": 4,
                    "startOffset": 1577,
                    "endColumn": 178,
                    "endOffset": 1751
                },
                "from": {
                    "file": "/Users/14leec1/.android/build-cache/e7c3fb2fae2087caad0ff0f902c7d6c404f266fd/output/res/values-es-rES/values-es-rES.xml",
                    "position": {
                        "startLine": 19,
                        "startColumn": 4,
                        "startOffset": 1577,
                        "endColumn": 178,
                        "endOffset": 1751
                    }
                }
            },
            {
                "to": {
                    "startLine": 20,
                    "startColumn": 4,
                    "startOffset": 1756,
                    "endColumn": 75,
                    "endOffset": 1827
                },
                "from": {
                    "file": "/Users/14leec1/.android/build-cache/e7c3fb2fae2087caad0ff0f902c7d6c404f266fd/output/res/values-es-rES/values-es-rES.xml",
                    "position": {
                        "startLine": 20,
                        "startColumn": 4,
                        "startOffset": 1756,
                        "endColumn": 75,
                        "endOffset": 1827
                    }
                }
            },
            {
                "to": {
                    "startLine": 21,
                    "startColumn": 4,
                    "startOffset": 1832,
                    "endColumn": 85,
                    "endOffset": 1913
                },
                "from": {
                    "file": "/Users/14leec1/.android/build-cache/e7c3fb2fae2087caad0ff0f902c7d6c404f266fd/output/res/values-es-rES/values-es-rES.xml",
                    "position": {
                        "startLine": 21,
                        "startColumn": 4,
                        "startOffset": 1832,
                        "endColumn": 85,
                        "endOffset": 1913
                    }
                }
            },
            {
                "to": {
                    "startLine": 22,
                    "startColumn": 4,
                    "startOffset": 1918,
                    "endColumn": 98,
                    "endOffset": 2012
                },
                "from": {
                    "file": "/Users/14leec1/.android/build-cache/e7c3fb2fae2087caad0ff0f902c7d6c404f266fd/output/res/values-es-rES/values-es-rES.xml",
                    "position": {
                        "startLine": 22,
                        "startColumn": 4,
                        "startOffset": 1918,
                        "endColumn": 98,
                        "endOffset": 2012
                    }
                }
            },
            {
                "to": {
                    "startLine": 23,
                    "startColumn": 4,
                    "startOffset": 2017,
                    "endColumn": 143,
                    "endOffset": 2156
                },
                "from": {
                    "file": "/Users/14leec1/.android/build-cache/e7c3fb2fae2087caad0ff0f902c7d6c404f266fd/output/res/values-es-rES/values-es-rES.xml",
                    "position": {
                        "startLine": 23,
                        "startColumn": 4,
                        "startOffset": 2017,
                        "endColumn": 143,
                        "endOffset": 2156
                    }
                }
            },
            {
                "to": {
                    "startLine": 24,
                    "startColumn": 4,
                    "startOffset": 2161,
                    "endColumn": 61,
                    "endOffset": 2218
                },
                "from": {
                    "file": "/Users/14leec1/.android/build-cache/e7c3fb2fae2087caad0ff0f902c7d6c404f266fd/output/res/values-es-rES/values-es-rES.xml",
                    "position": {
                        "startLine": 24,
                        "startColumn": 4,
                        "startOffset": 2161,
                        "endColumn": 61,
                        "endOffset": 2218
                    }
                }
            }
        ]
    }
]