[
    {
        "outputFile": "/Users/14leec1/AndroidStudioProjects/Civic-app-master/Sus/app/build/intermediates/incremental/mergeReleaseResources/merged.dir/values-et/values-et.xml",
        "map": [
            {
                "to": {
                    "startLine": 2,
                    "startColumn": 4,
                    "startOffset": 105,
                    "endColumn": 71,
                    "endOffset": 172
                },
                "from": {
                    "file": "/Users/14leec1/.android/build-cache/08c7c22f53081775450e442244fadb641005e811/output/res/values-et/values.xml",
                    "position": {
                        "startLine": 4,
                        "startColumn": 0,
                        "startOffset": 237,
                        "endColumn": 67,
                        "endOffset": 304
                    }
                }
            },
            {
                "to": {
                    "startLine": 3,
                    "startColumn": 4,
                    "startOffset": 177,
                    "endColumn": 79,
                    "endOffset": 252
                },
                "from": {
                    "file": "/Users/14leec1/.android/build-cache/2b062dea4163f5d3e442202215294cce30d220df/output/res/values-et/values.xml",
                    "position": {
                        "startLine": 4,
                        "startColumn": 0,
                        "startOffset": 298,
                        "endColumn": 75,
                        "endOffset": 373
                    }
                }
            },
            {
                "to": {
                    "startLine": 4,
                    "startColumn": 4,
                    "startOffset": 257,
                    "endColumn": 106,
                    "endOffset": 359
                },
                "from": {
                    "file": "/Users/14leec1/.android/build-cache/2b062dea4163f5d3e442202215294cce30d220df/output/res/values-et/values.xml",
                    "position": {
                        "startLine": 5,
                        "startColumn": 0,
                        "startOffset": 374,
                        "endColumn": 102,
                        "endOffset": 476
                    }
                }
            },
            {
                "to": {
                    "startLine": 5,
                    "startColumn": 4,
                    "startOffset": 364,
                    "endColumn": 89,
                    "endOffset": 449
                },
                "from": {
                    "file": "/Users/14leec1/.android/build-cache/2b062dea4163f5d3e442202215294cce30d220df/output/res/values-et/values.xml",
                    "position": {
                        "startLine": 6,
                        "startColumn": 0,
                        "startOffset": 477,
                        "endColumn": 85,
                        "endOffset": 562
                    }
                }
            },
            {
                "to": {
                    "startLine": 6,
                    "startColumn": 4,
                    "startOffset": 454,
                    "endColumn": 115,
                    "endOffset": 565
                },
                "from": {
                    "file": "/Users/14leec1/.android/build-cache/2b062dea4163f5d3e442202215294cce30d220df/output/res/values-et/values.xml",
                    "position": {
                        "startLine": 7,
                        "startColumn": 0,
                        "startOffset": 563,
                        "endColumn": 111,
                        "endOffset": 674
                    }
                }
            },
            {
                "to": {
                    "startLine": 7,
                    "startColumn": 4,
                    "startOffset": 570,
                    "endColumn": 90,
                    "endOffset": 656
                },
                "from": {
                    "file": "/Users/14leec1/.android/build-cache/2b062dea4163f5d3e442202215294cce30d220df/output/res/values-et/values.xml",
                    "position": {
                        "startLine": 8,
                        "startColumn": 0,
                        "startOffset": 675,
                        "endColumn": 86,
                        "endOffset": 761
                    }
                }
            },
            {
                "to": {
                    "startLine": 8,
                    "startColumn": 4,
                    "startOffset": 661,
                    "endColumn": 118,
                    "endOffset": 775
                },
                "from": {
                    "file": "/Users/14leec1/.android/build-cache/2b062dea4163f5d3e442202215294cce30d220df/output/res/values-et/values.xml",
                    "position": {
                        "startLine": 9,
                        "startColumn": 0,
                        "startOffset": 762,
                        "endColumn": 114,
                        "endOffset": 876
                    }
                }
            },
            {
                "to": {
                    "startLine": 9,
                    "startColumn": 4,
                    "startOffset": 780,
                    "endColumn": 115,
                    "endOffset": 891
                },
                "from": {
                    "file": "/Users/14leec1/.android/build-cache/2b062dea4163f5d3e442202215294cce30d220df/output/res/values-et/values.xml",
                    "position": {
                        "startLine": 10,
                        "startColumn": 0,
                        "startOffset": 877,
                        "endColumn": 111,
                        "endOffset": 988
                    }
                }
            },
            {
                "to": {
                    "startLine": 10,
                    "startColumn": 4,
                    "startOffset": 896,
                    "endColumn": 119,
                    "endOffset": 1011
                },
                "from": {
                    "file": "/Users/14leec1/.android/build-cache/2b062dea4163f5d3e442202215294cce30d220df/output/res/values-et/values.xml",
                    "position": {
                        "startLine": 11,
                        "startColumn": 0,
                        "startOffset": 989,
                        "endColumn": 115,
                        "endOffset": 1104
                    }
                }
            },
            {
                "to": {
                    "startLine": 11,
                    "startColumn": 4,
                    "startOffset": 1016,
                    "endColumn": 102,
                    "endOffset": 1114
                },
                "from": {
                    "file": "/Users/14leec1/.android/build-cache/2b062dea4163f5d3e442202215294cce30d220df/output/res/values-et/values.xml",
                    "position": {
                        "startLine": 12,
                        "startColumn": 0,
                        "startOffset": 1105,
                        "endColumn": 98,
                        "endOffset": 1203
                    }
                }
            },
            {
                "to": {
                    "startLine": 12,
                    "startColumn": 4,
                    "startOffset": 1119,
                    "endColumn": 108,
                    "endOffset": 1223
                },
                "from": {
                    "file": "/Users/14leec1/.android/build-cache/2b062dea4163f5d3e442202215294cce30d220df/output/res/values-et/values.xml",
                    "position": {
                        "startLine": 13,
                        "startColumn": 0,
                        "startOffset": 1204,
                        "endColumn": 104,
                        "endOffset": 1308
                    }
                }
            },
            {
                "to": {
                    "startLine": 13,
                    "startColumn": 4,
                    "startOffset": 1228,
                    "endColumn": 81,
                    "endOffset": 1305
                },
                "from": {
                    "file": "/Users/14leec1/.android/build-cache/2b062dea4163f5d3e442202215294cce30d220df/output/res/values-et/values.xml",
                    "position": {
                        "startLine": 14,
                        "startColumn": 0,
                        "startOffset": 1309,
                        "endColumn": 77,
                        "endOffset": 1386
                    }
                }
            },
            {
                "to": {
                    "startLine": 14,
                    "startColumn": 4,
                    "startOffset": 1310,
                    "endColumn": 99,
                    "endOffset": 1405
                },
                "from": {
                    "file": "/Users/14leec1/.android/build-cache/2b062dea4163f5d3e442202215294cce30d220df/output/res/values-et/values.xml",
                    "position": {
                        "startLine": 15,
                        "startColumn": 0,
                        "startOffset": 1387,
                        "endColumn": 95,
                        "endOffset": 1482
                    }
                }
            },
            {
                "to": {
                    "startLine": 15,
                    "startColumn": 4,
                    "startOffset": 1410,
                    "endColumn": 105,
                    "endOffset": 1511
                },
                "from": {
                    "file": "/Users/14leec1/.android/build-cache/2b062dea4163f5d3e442202215294cce30d220df/output/res/values-et/values.xml",
                    "position": {
                        "startLine": 16,
                        "startColumn": 0,
                        "startOffset": 1483,
                        "endColumn": 101,
                        "endOffset": 1584
                    }
                }
            },
            {
                "to": {
                    "startLine": 16,
                    "startColumn": 4,
                    "startOffset": 1516,
                    "endColumn": 107,
                    "endOffset": 1619
                },
                "from": {
                    "file": "/Users/14leec1/.android/build-cache/2b062dea4163f5d3e442202215294cce30d220df/output/res/values-et/values.xml",
                    "position": {
                        "startLine": 17,
                        "startColumn": 0,
                        "startOffset": 1585,
                        "endColumn": 103,
                        "endOffset": 1688
                    }
                }
            },
            {
                "to": {
                    "startLine": 17,
                    "startColumn": 4,
                    "startOffset": 1624,
                    "endColumn": 76,
                    "endOffset": 1696
                },
                "from": {
                    "file": "/Users/14leec1/.android/build-cache/2b062dea4163f5d3e442202215294cce30d220df/output/res/values-et/values.xml",
                    "position": {
                        "startLine": 18,
                        "startColumn": 0,
                        "startOffset": 1689,
                        "endColumn": 72,
                        "endOffset": 1761
                    }
                }
            },
            {
                "to": {
                    "startLine": 18,
                    "startColumn": 4,
                    "startOffset": 1701,
                    "endColumn": 143,
                    "endOffset": 1840
                },
                "from": {
                    "file": "/Users/14leec1/.android/build-cache/6fddc1117dca319301a0674abde2855c6ffec5b8/output/res/values-et/values.xml",
                    "position": {
                        "startLine": 4,
                        "startColumn": 0,
                        "startOffset": 288,
                        "endColumn": 143,
                        "endOffset": 431
                    }
                }
            },
            {
                "to": {
                    "startLine": 19,
                    "startColumn": 4,
                    "startOffset": 1845,
                    "endColumn": 145,
                    "endOffset": 1986
                },
                "from": {
                    "file": "/Users/14leec1/.android/build-cache/6fddc1117dca319301a0674abde2855c6ffec5b8/output/res/values-et/values.xml",
                    "position": {
                        "startLine": 5,
                        "startColumn": 0,
                        "startOffset": 432,
                        "endColumn": 145,
                        "endOffset": 577
                    }
                }
            },
            {
                "to": {
                    "startLine": 20,
                    "startColumn": 4,
                    "startOffset": 1991,
                    "endColumn": 103,
                    "endOffset": 2090
                },
                "from": {
                    "file": "/Users/14leec1/.android/build-cache/6fddc1117dca319301a0674abde2855c6ffec5b8/output/res/values-et/values.xml",
                    "position": {
                        "startLine": 6,
                        "startColumn": 0,
                        "startOffset": 578,
                        "endColumn": 99,
                        "endOffset": 677
                    }
                }
            },
            {
                "to": {
                    "startLine": 21,
                    "startColumn": 4,
                    "startOffset": 2095,
                    "endColumn": 74,
                    "endOffset": 2165
                },
                "from": {
                    "file": "/Users/14leec1/.android/build-cache/2b062dea4163f5d3e442202215294cce30d220df/output/res/values-et/values.xml",
                    "position": {
                        "startLine": 19,
                        "startColumn": 0,
                        "startOffset": 1762,
                        "endColumn": 70,
                        "endOffset": 1832
                    }
                }
            },
            {
                "to": {
                    "startLine": 22,
                    "startColumn": 4,
                    "startOffset": 2170,
                    "endColumn": 73,
                    "endOffset": 2239
                },
                "from": {
                    "file": "/Users/14leec1/.android/build-cache/2b062dea4163f5d3e442202215294cce30d220df/output/res/values-et/values.xml",
                    "position": {
                        "startLine": 20,
                        "startColumn": 0,
                        "startOffset": 1833,
                        "endColumn": 69,
                        "endOffset": 1902
                    }
                }
            },
            {
                "to": {
                    "startLine": 23,
                    "startColumn": 4,
                    "startOffset": 2244,
                    "endColumn": 81,
                    "endOffset": 2321
                },
                "from": {
                    "file": "/Users/14leec1/.android/build-cache/2b062dea4163f5d3e442202215294cce30d220df/output/res/values-et/values.xml",
                    "position": {
                        "startLine": 21,
                        "startColumn": 0,
                        "startOffset": 1903,
                        "endColumn": 77,
                        "endOffset": 1980
                    }
                }
            },
            {
                "to": {
                    "startLine": 24,
                    "startColumn": 4,
                    "startOffset": 2326,
                    "endColumn": 99,
                    "endOffset": 2421
                },
                "from": {
                    "file": "/Users/14leec1/.android/build-cache/2b062dea4163f5d3e442202215294cce30d220df/output/res/values-et/values.xml",
                    "position": {
                        "startLine": 22,
                        "startColumn": 0,
                        "startOffset": 1981,
                        "endColumn": 95,
                        "endOffset": 2076
                    }
                }
            },
            {
                "to": {
                    "startLine": 25,
                    "startColumn": 4,
                    "startOffset": 2426,
                    "endColumn": 105,
                    "endOffset": 2527
                },
                "from": {
                    "file": "/Users/14leec1/.android/build-cache/2b062dea4163f5d3e442202215294cce30d220df/output/res/values-et/values.xml",
                    "position": {
                        "startLine": 23,
                        "startColumn": 0,
                        "startOffset": 2077,
                        "endColumn": 101,
                        "endOffset": 2178
                    }
                }
            },
            {
                "to": {
                    "startLine": 26,
                    "startColumn": 4,
                    "startOffset": 2532,
                    "endColumn": 101,
                    "endOffset": 2629
                },
                "from": {
                    "file": "/Users/14leec1/.android/build-cache/2b062dea4163f5d3e442202215294cce30d220df/output/res/values-et/values.xml",
                    "position": {
                        "startLine": 24,
                        "startColumn": 0,
                        "startOffset": 2179,
                        "endColumn": 97,
                        "endOffset": 2276
                    }
                }
            },
            {
                "to": {
                    "startLine": 27,
                    "startColumn": 4,
                    "startOffset": 2634,
                    "endColumn": 101,
                    "endOffset": 2731
                },
                "from": {
                    "file": "/Users/14leec1/.android/build-cache/2b062dea4163f5d3e442202215294cce30d220df/output/res/values-et/values.xml",
                    "position": {
                        "startLine": 25,
                        "startColumn": 0,
                        "startOffset": 2277,
                        "endColumn": 97,
                        "endOffset": 2374
                    }
                }
            },
            {
                "to": {
                    "startLine": 28,
                    "startColumn": 4,
                    "startOffset": 2736,
                    "endColumn": 100,
                    "endOffset": 2832
                },
                "from": {
                    "file": "/Users/14leec1/.android/build-cache/2b062dea4163f5d3e442202215294cce30d220df/output/res/values-et/values.xml",
                    "position": {
                        "startLine": 26,
                        "startColumn": 0,
                        "startOffset": 2375,
                        "endColumn": 96,
                        "endOffset": 2471
                    }
                }
            },
            {
                "to": {
                    "startLine": 29,
                    "startColumn": 4,
                    "startOffset": 2837,
                    "endColumn": 73,
                    "endOffset": 2906
                },
                "from": {
                    "file": "/Users/14leec1/.android/build-cache/2b062dea4163f5d3e442202215294cce30d220df/output/res/values-et/values.xml",
                    "position": {
                        "startLine": 27,
                        "startColumn": 0,
                        "startOffset": 2472,
                        "endColumn": 69,
                        "endOffset": 2541
                    }
                }
            },
            {
                "to": {
                    "startLine": 30,
                    "startColumn": 4,
                    "startOffset": 2911,
                    "endColumn": 106,
                    "endOffset": 3013
                },
                "from": {
                    "file": "/Users/14leec1/.android/build-cache/2b062dea4163f5d3e442202215294cce30d220df/output/res/values-et/values.xml",
                    "position": {
                        "startLine": 28,
                        "startColumn": 0,
                        "startOffset": 2542,
                        "endColumn": 102,
                        "endOffset": 2644
                    }
                }
            },
            {
                "to": {
                    "startLine": 31,
                    "startColumn": 4,
                    "startOffset": 3018,
                    "endColumn": 95,
                    "endOffset": 3109
                },
                "from": {
                    "file": "/Users/14leec1/.android/build-cache/2b062dea4163f5d3e442202215294cce30d220df/output/res/values-et/values.xml",
                    "position": {
                        "startLine": 29,
                        "startColumn": 0,
                        "startOffset": 2645,
                        "endColumn": 91,
                        "endOffset": 2736
                    }
                }
            },
            {
                "to": {
                    "startLine": 32,
                    "startColumn": 4,
                    "startOffset": 3114,
                    "endColumn": 99,
                    "endOffset": 3209
                },
                "from": {
                    "file": "/Users/14leec1/.android/build-cache/2b062dea4163f5d3e442202215294cce30d220df/output/res/values-et/values.xml",
                    "position": {
                        "startLine": 30,
                        "startColumn": 0,
                        "startOffset": 2737,
                        "endColumn": 95,
                        "endOffset": 2832
                    }
                }
            },
            {
                "to": {
                    "startLine": 33,
                    "startColumn": 4,
                    "startOffset": 3214,
                    "endColumn": 142,
                    "endOffset": 3352
                },
                "from": {
                    "file": "/Users/14leec1/.android/build-cache/2b062dea4163f5d3e442202215294cce30d220df/output/res/values-et/values.xml",
                    "position": {
                        "startLine": 31,
                        "startColumn": 0,
                        "startOffset": 2833,
                        "endColumn": 142,
                        "endOffset": 2975
                    }
                }
            },
            {
                "to": {
                    "startLine": 34,
                    "startColumn": 4,
                    "startOffset": 3357,
                    "endColumn": 130,
                    "endOffset": 3483
                },
                "from": {
                    "file": "/Users/14leec1/.android/build-cache/2b062dea4163f5d3e442202215294cce30d220df/output/res/values-et/values.xml",
                    "position": {
                        "startLine": 32,
                        "startColumn": 0,
                        "startOffset": 2976,
                        "endColumn": 126,
                        "endOffset": 3102
                    }
                }
            },
            {
                "to": {
                    "startLine": 35,
                    "startColumn": 4,
                    "startOffset": 3488,
                    "endColumn": 131,
                    "endOffset": 3615
                },
                "from": {
                    "file": "/Users/14leec1/.android/build-cache/2b062dea4163f5d3e442202215294cce30d220df/output/res/values-et/values.xml",
                    "position": {
                        "startLine": 33,
                        "startColumn": 0,
                        "startOffset": 3103,
                        "endColumn": 127,
                        "endOffset": 3230
                    }
                }
            },
            {
                "to": {
                    "startLine": 36,
                    "startColumn": 4,
                    "startOffset": 3620,
                    "endColumn": 102,
                    "endOffset": 3718
                },
                "from": {
                    "file": "/Users/14leec1/.android/build-cache/2b062dea4163f5d3e442202215294cce30d220df/output/res/values-et/values.xml",
                    "position": {
                        "startLine": 34,
                        "startColumn": 0,
                        "startOffset": 3231,
                        "endColumn": 98,
                        "endOffset": 3329
                    }
                }
            },
            {
                "to": {
                    "startLine": 37,
                    "startColumn": 4,
                    "startOffset": 3723,
                    "endColumn": 90,
                    "endOffset": 3809
                },
                "from": {
                    "file": "/Users/14leec1/.android/build-cache/2b062dea4163f5d3e442202215294cce30d220df/output/res/values-et/values.xml",
                    "position": {
                        "startLine": 35,
                        "startColumn": 0,
                        "startOffset": 3330,
                        "endColumn": 86,
                        "endOffset": 3416
                    }
                }
            },
            {
                "to": {
                    "startLine": 38,
                    "startColumn": 4,
                    "startOffset": 3814,
                    "endColumn": 105,
                    "endOffset": 3915
                },
                "from": {
                    "file": "/Users/14leec1/.android/build-cache/2b062dea4163f5d3e442202215294cce30d220df/output/res/values-et/values.xml",
                    "position": {
                        "startLine": 36,
                        "startColumn": 0,
                        "startOffset": 3417,
                        "endColumn": 101,
                        "endOffset": 3518
                    }
                }
            },
            {
                "to": {
                    "startLine": 39,
                    "startColumn": 4,
                    "startOffset": 3920,
                    "endColumn": 87,
                    "endOffset": 4003
                },
                "from": {
                    "file": "/Users/14leec1/.android/build-cache/2b062dea4163f5d3e442202215294cce30d220df/output/res/values-et/values.xml",
                    "position": {
                        "startLine": 37,
                        "startColumn": 0,
                        "startOffset": 3519,
                        "endColumn": 83,
                        "endOffset": 3602
                    }
                }
            },
            {
                "to": {
                    "startLine": 40,
                    "startColumn": 4,
                    "startOffset": 4008,
                    "endColumn": 108,
                    "endOffset": 4112
                },
                "from": {
                    "file": "/Users/14leec1/.android/build-cache/0ad8bc32b47bd9b6a107e4fb2661747d1c54541f/output/res/values-et/values.xml",
                    "position": {
                        "startLine": 4,
                        "startColumn": 0,
                        "startOffset": 283,
                        "endColumn": 104,
                        "endOffset": 387
                    }
                }
            },
            {
                "to": {
                    "startLine": 41,
                    "startColumn": 4,
                    "startOffset": 4117,
                    "endColumn": 193,
                    "endOffset": 4306
                },
                "from": {
                    "file": "/Users/14leec1/.android/build-cache/0ad8bc32b47bd9b6a107e4fb2661747d1c54541f/output/res/values-et/values.xml",
                    "position": {
                        "startLine": 5,
                        "startColumn": 0,
                        "startOffset": 388,
                        "endColumn": 193,
                        "endOffset": 581
                    }
                }
            },
            {
                "to": {
                    "startLine": 42,
                    "startColumn": 4,
                    "startOffset": 4311,
                    "endColumn": 128,
                    "endOffset": 4435
                },
                "from": {
                    "file": "/Users/14leec1/.android/build-cache/0ad8bc32b47bd9b6a107e4fb2661747d1c54541f/output/res/values-et/values.xml",
                    "position": {
                        "startLine": 6,
                        "startColumn": 0,
                        "startOffset": 582,
                        "endColumn": 124,
                        "endOffset": 706
                    }
                }
            },
            {
                "to": {
                    "startLine": 43,
                    "startColumn": 4,
                    "startOffset": 4440,
                    "endColumn": 109,
                    "endOffset": 4545
                },
                "from": {
                    "file": "/Users/14leec1/.android/build-cache/0ad8bc32b47bd9b6a107e4fb2661747d1c54541f/output/res/values-et/values.xml",
                    "position": {
                        "startLine": 7,
                        "startColumn": 0,
                        "startOffset": 707,
                        "endColumn": 105,
                        "endOffset": 812
                    }
                }
            },
            {
                "to": {
                    "startLine": 44,
                    "startColumn": 4,
                    "startOffset": 4550,
                    "endColumn": 208,
                    "endOffset": 4754
                },
                "from": {
                    "file": "/Users/14leec1/.android/build-cache/0ad8bc32b47bd9b6a107e4fb2661747d1c54541f/output/res/values-et/values.xml",
                    "position": {
                        "startLine": 8,
                        "startColumn": 0,
                        "startOffset": 813,
                        "endColumn": 208,
                        "endOffset": 1021
                    }
                }
            },
            {
                "to": {
                    "startLine": 45,
                    "startColumn": 4,
                    "startOffset": 4759,
                    "endColumn": 130,
                    "endOffset": 4885
                },
                "from": {
                    "file": "/Users/14leec1/.android/build-cache/0ad8bc32b47bd9b6a107e4fb2661747d1c54541f/output/res/values-et/values.xml",
                    "position": {
                        "startLine": 9,
                        "startColumn": 0,
                        "startOffset": 1022,
                        "endColumn": 126,
                        "endOffset": 1148
                    }
                }
            },
            {
                "to": {
                    "startLine": 46,
                    "startColumn": 4,
                    "startOffset": 4890,
                    "endColumn": 131,
                    "endOffset": 5017
                },
                "from": {
                    "file": "/Users/14leec1/.android/build-cache/0ad8bc32b47bd9b6a107e4fb2661747d1c54541f/output/res/values-et/values.xml",
                    "position": {
                        "startLine": 10,
                        "startColumn": 0,
                        "startOffset": 1149,
                        "endColumn": 127,
                        "endOffset": 1276
                    }
                }
            },
            {
                "to": {
                    "startLine": 47,
                    "startColumn": 4,
                    "startOffset": 5022,
                    "endColumn": 198,
                    "endOffset": 5216
                },
                "from": {
                    "file": "/Users/14leec1/.android/build-cache/ff4967dcef41267c999da54fcc7c7f9e60142282/output/res/values-et/values.xml",
                    "position": {
                        "startLine": 4,
                        "startColumn": 0,
                        "startOffset": 285,
                        "endColumn": 198,
                        "endOffset": 483
                    }
                }
            },
            {
                "to": {
                    "startLine": 48,
                    "startColumn": 4,
                    "startOffset": 5221,
                    "endColumn": 218,
                    "endOffset": 5435
                },
                "from": {
                    "file": "/Users/14leec1/.android/build-cache/0ad8bc32b47bd9b6a107e4fb2661747d1c54541f/output/res/values-et/values.xml",
                    "position": {
                        "startLine": 11,
                        "startColumn": 0,
                        "startOffset": 1277,
                        "endColumn": 218,
                        "endOffset": 1495
                    }
                }
            },
            {
                "to": {
                    "startLine": 49,
                    "startColumn": 4,
                    "startOffset": 5440,
                    "endColumn": 109,
                    "endOffset": 5545
                },
                "from": {
                    "file": "/Users/14leec1/.android/build-cache/0ad8bc32b47bd9b6a107e4fb2661747d1c54541f/output/res/values-et/values.xml",
                    "position": {
                        "startLine": 12,
                        "startColumn": 0,
                        "startOffset": 1496,
                        "endColumn": 105,
                        "endOffset": 1601
                    }
                }
            },
            {
                "to": {
                    "startLine": 50,
                    "startColumn": 4,
                    "startOffset": 5550,
                    "endColumn": 194,
                    "endOffset": 5740
                },
                "from": {
                    "file": "/Users/14leec1/.android/build-cache/0ad8bc32b47bd9b6a107e4fb2661747d1c54541f/output/res/values-et/values.xml",
                    "position": {
                        "startLine": 13,
                        "startColumn": 0,
                        "startOffset": 1602,
                        "endColumn": 194,
                        "endOffset": 1796
                    }
                }
            },
            {
                "to": {
                    "startLine": 51,
                    "startColumn": 4,
                    "startOffset": 5745,
                    "endColumn": 133,
                    "endOffset": 5874
                },
                "from": {
                    "file": "/Users/14leec1/.android/build-cache/0ad8bc32b47bd9b6a107e4fb2661747d1c54541f/output/res/values-et/values.xml",
                    "position": {
                        "startLine": 14,
                        "startColumn": 0,
                        "startOffset": 1797,
                        "endColumn": 129,
                        "endOffset": 1926
                    }
                }
            },
            {
                "to": {
                    "startLine": 52,
                    "startColumn": 4,
                    "startOffset": 5879,
                    "endColumn": 213,
                    "endOffset": 6088
                },
                "from": {
                    "file": "/Users/14leec1/.android/build-cache/0ad8bc32b47bd9b6a107e4fb2661747d1c54541f/output/res/values-et/values.xml",
                    "position": {
                        "startLine": 15,
                        "startColumn": 0,
                        "startOffset": 1927,
                        "endColumn": 213,
                        "endOffset": 2140
                    }
                }
            },
            {
                "to": {
                    "startLine": 53,
                    "startColumn": 4,
                    "startOffset": 6093,
                    "endColumn": 174,
                    "endOffset": 6263
                },
                "from": {
                    "file": "/Users/14leec1/.android/build-cache/0ad8bc32b47bd9b6a107e4fb2661747d1c54541f/output/res/values-et/values.xml",
                    "position": {
                        "startLine": 16,
                        "startColumn": 0,
                        "startOffset": 2141,
                        "endColumn": 170,
                        "endOffset": 2311
                    }
                }
            },
            {
                "to": {
                    "startLine": 54,
                    "startColumn": 4,
                    "startOffset": 6268,
                    "endColumn": 92,
                    "endOffset": 6356
                },
                "from": {
                    "file": "/Users/14leec1/.android/build-cache/0ad8bc32b47bd9b6a107e4fb2661747d1c54541f/output/res/values-et/values.xml",
                    "position": {
                        "startLine": 17,
                        "startColumn": 0,
                        "startOffset": 2312,
                        "endColumn": 88,
                        "endOffset": 2400
                    }
                }
            },
            {
                "to": {
                    "startLine": 55,
                    "startColumn": 4,
                    "startOffset": 6361,
                    "endColumn": 94,
                    "endOffset": 6451
                },
                "from": {
                    "file": "/Users/14leec1/.android/build-cache/0ad8bc32b47bd9b6a107e4fb2661747d1c54541f/output/res/values-et/values.xml",
                    "position": {
                        "startLine": 18,
                        "startColumn": 0,
                        "startOffset": 2401,
                        "endColumn": 90,
                        "endOffset": 2491
                    }
                }
            },
            {
                "to": {
                    "startLine": 56,
                    "startColumn": 4,
                    "startOffset": 6456,
                    "endColumn": 116,
                    "endOffset": 6568
                },
                "from": {
                    "file": "/Users/14leec1/.android/build-cache/0ad8bc32b47bd9b6a107e4fb2661747d1c54541f/output/res/values-et/values.xml",
                    "position": {
                        "startLine": 19,
                        "startColumn": 0,
                        "startOffset": 2492,
                        "endColumn": 112,
                        "endOffset": 2604
                    }
                }
            },
            {
                "to": {
                    "startLine": 57,
                    "startColumn": 4,
                    "startOffset": 6573,
                    "endColumn": 124,
                    "endOffset": 6693
                },
                "from": {
                    "file": "/Users/14leec1/.android/build-cache/08c7c22f53081775450e442244fadb641005e811/output/res/values-et/values.xml",
                    "position": {
                        "startLine": 5,
                        "startColumn": 0,
                        "startOffset": 305,
                        "endColumn": 120,
                        "endOffset": 425
                    }
                }
            },
            {
                "to": {
                    "startLine": 58,
                    "startColumn": 4,
                    "startOffset": 6698,
                    "endColumn": 99,
                    "endOffset": 6793
                },
                "from": {
                    "file": "/Users/14leec1/.android/build-cache/08c7c22f53081775450e442244fadb641005e811/output/res/values-et/values.xml",
                    "position": {
                        "startLine": 6,
                        "startColumn": 0,
                        "startOffset": 426,
                        "endColumn": 95,
                        "endOffset": 521
                    }
                }
            },
            {
                "to": {
                    "startLine": 59,
                    "startColumn": 4,
                    "startOffset": 6798,
                    "endColumn": 104,
                    "endOffset": 6898
                },
                "from": {
                    "file": "/Users/14leec1/.android/build-cache/08c7c22f53081775450e442244fadb641005e811/output/res/values-et/values.xml",
                    "position": {
                        "startLine": 7,
                        "startColumn": 0,
                        "startOffset": 522,
                        "endColumn": 100,
                        "endOffset": 622
                    }
                }
            },
            {
                "to": {
                    "startLine": 60,
                    "startColumn": 4,
                    "startOffset": 6903,
                    "endColumn": 103,
                    "endOffset": 7002
                },
                "from": {
                    "file": "/Users/14leec1/.android/build-cache/08c7c22f53081775450e442244fadb641005e811/output/res/values-et/values.xml",
                    "position": {
                        "startLine": 8,
                        "startColumn": 0,
                        "startOffset": 623,
                        "endColumn": 99,
                        "endOffset": 722
                    }
                }
            },
            {
                "to": {
                    "startLine": 61,
                    "startColumn": 4,
                    "startOffset": 7007,
                    "endColumn": 95,
                    "endOffset": 7098
                },
                "from": {
                    "file": "/Users/14leec1/.android/build-cache/08c7c22f53081775450e442244fadb641005e811/output/res/values-et/values.xml",
                    "position": {
                        "startLine": 9,
                        "startColumn": 0,
                        "startOffset": 723,
                        "endColumn": 91,
                        "endOffset": 814
                    }
                }
            },
            {
                "to": {
                    "startLine": 62,
                    "startColumn": 4,
                    "startOffset": 7103,
                    "endColumn": 94,
                    "endOffset": 7193
                },
                "from": {
                    "file": "/Users/14leec1/.android/build-cache/08c7c22f53081775450e442244fadb641005e811/output/res/values-et/values.xml",
                    "position": {
                        "startLine": 10,
                        "startColumn": 0,
                        "startOffset": 815,
                        "endColumn": 90,
                        "endOffset": 905
                    }
                }
            },
            {
                "to": {
                    "startLine": 63,
                    "startColumn": 4,
                    "startOffset": 7198,
                    "endColumn": 72,
                    "endOffset": 7266
                },
                "from": {
                    "file": "/Users/14leec1/.android/build-cache/08c7c22f53081775450e442244fadb641005e811/output/res/values-et/values.xml",
                    "position": {
                        "startLine": 11,
                        "startColumn": 0,
                        "startOffset": 906,
                        "endColumn": 68,
                        "endOffset": 974
                    }
                }
            },
            {
                "to": {
                    "startLine": 64,
                    "startColumn": 4,
                    "startOffset": 7271,
                    "endColumn": 109,
                    "endOffset": 7376
                },
                "from": {
                    "file": "/Users/14leec1/.android/build-cache/eceeeb909d8e1eef6feb4c4e84c99257903967d3/output/res/values-et/values.xml",
                    "position": {
                        "startLine": 4,
                        "startColumn": 0,
                        "startOffset": 233,
                        "endColumn": 105,
                        "endOffset": 338
                    }
                }
            },
            {
                "to": {
                    "startLine": 65,
                    "startColumn": 4,
                    "startOffset": 7381,
                    "endColumn": 95,
                    "endOffset": 7472
                },
                "from": {
                    "file": "/Users/14leec1/.android/build-cache/eceeeb909d8e1eef6feb4c4e84c99257903967d3/output/res/values-et/values.xml",
                    "position": {
                        "startLine": 5,
                        "startColumn": 0,
                        "startOffset": 339,
                        "endColumn": 91,
                        "endOffset": 430
                    }
                }
            },
            {
                "to": {
                    "startLine": 66,
                    "startColumn": 4,
                    "startOffset": 7477,
                    "endColumn": 136,
                    "endOffset": 7609
                },
                "from": {
                    "file": "/Users/14leec1/.android/build-cache/08c7c22f53081775450e442244fadb641005e811/output/res/values-et/values.xml",
                    "position": {
                        "startLine": 12,
                        "startColumn": 0,
                        "startOffset": 975,
                        "endColumn": 132,
                        "endOffset": 1107
                    }
                }
            },
            {
                "to": {
                    "startLine": 67,
                    "startColumn": 4,
                    "startOffset": 7614,
                    "endColumn": 94,
                    "endOffset": 7704
                },
                "from": {
                    "file": "/Users/14leec1/.android/build-cache/08c7c22f53081775450e442244fadb641005e811/output/res/values-et/values.xml",
                    "position": {
                        "startLine": 13,
                        "startColumn": 0,
                        "startOffset": 1108,
                        "endColumn": 90,
                        "endOffset": 1198
                    }
                }
            },
            {
                "to": {
                    "startLine": 68,
                    "startColumn": 4,
                    "startOffset": 7709,
                    "endColumn": 104,
                    "endOffset": 7809
                },
                "from": {
                    "file": "/Users/14leec1/.android/build-cache/86ba2be4be49f6b2e89dd367179a5d72d401dedd/output/res/values-et/values.xml",
                    "position": {
                        "startLine": 4,
                        "startColumn": 0,
                        "startOffset": 240,
                        "endColumn": 100,
                        "endOffset": 340
                    }
                }
            }
        ]
    }
]