[
    {
        "outputFile": "/Users/14leec1/AndroidStudioProjects/Civic-app-master/Sus/app/build/intermediates/incremental/mergeReleaseResources/merged.dir/values-uz/values-uz.xml",
        "map": [
            {
                "to": {
                    "startLine": 2,
                    "startColumn": 4,
                    "startOffset": 105,
                    "endColumn": 77,
                    "endOffset": 178
                },
                "from": {
                    "file": "/Users/14leec1/.android/build-cache/08c7c22f53081775450e442244fadb641005e811/output/res/values-uz/values.xml",
                    "position": {
                        "startLine": 4,
                        "startColumn": 0,
                        "startOffset": 237,
                        "endColumn": 73,
                        "endOffset": 310
                    }
                }
            },
            {
                "to": {
                    "startLine": 3,
                    "startColumn": 4,
                    "startOffset": 183,
                    "endColumn": 79,
                    "endOffset": 258
                },
                "from": {
                    "file": "/Users/14leec1/.android/build-cache/2b062dea4163f5d3e442202215294cce30d220df/output/res/values-uz/values.xml",
                    "position": {
                        "startLine": 4,
                        "startColumn": 0,
                        "startOffset": 298,
                        "endColumn": 75,
                        "endOffset": 373
                    }
                }
            },
            {
                "to": {
                    "startLine": 4,
                    "startColumn": 4,
                    "startOffset": 263,
                    "endColumn": 122,
                    "endOffset": 381
                },
                "from": {
                    "file": "/Users/14leec1/.android/build-cache/2b062dea4163f5d3e442202215294cce30d220df/output/res/values-uz/values.xml",
                    "position": {
                        "startLine": 5,
                        "startColumn": 0,
                        "startOffset": 374,
                        "endColumn": 118,
                        "endOffset": 492
                    }
                }
            },
            {
                "to": {
                    "startLine": 5,
                    "startColumn": 4,
                    "startOffset": 386,
                    "endColumn": 90,
                    "endOffset": 472
                },
                "from": {
                    "file": "/Users/14leec1/.android/build-cache/2b062dea4163f5d3e442202215294cce30d220df/output/res/values-uz/values.xml",
                    "position": {
                        "startLine": 6,
                        "startColumn": 0,
                        "startOffset": 493,
                        "endColumn": 86,
                        "endOffset": 579
                    }
                }
            },
            {
                "to": {
                    "startLine": 6,
                    "startColumn": 4,
                    "startOffset": 477,
                    "endColumn": 107,
                    "endOffset": 580
                },
                "from": {
                    "file": "/Users/14leec1/.android/build-cache/2b062dea4163f5d3e442202215294cce30d220df/output/res/values-uz/values.xml",
                    "position": {
                        "startLine": 7,
                        "startColumn": 0,
                        "startOffset": 580,
                        "endColumn": 103,
                        "endOffset": 683
                    }
                }
            },
            {
                "to": {
                    "startLine": 7,
                    "startColumn": 4,
                    "startOffset": 585,
                    "endColumn": 87,
                    "endOffset": 668
                },
                "from": {
                    "file": "/Users/14leec1/.android/build-cache/2b062dea4163f5d3e442202215294cce30d220df/output/res/values-uz/values.xml",
                    "position": {
                        "startLine": 8,
                        "startColumn": 0,
                        "startOffset": 684,
                        "endColumn": 83,
                        "endOffset": 767
                    }
                }
            },
            {
                "to": {
                    "startLine": 8,
                    "startColumn": 4,
                    "startOffset": 673,
                    "endColumn": 120,
                    "endOffset": 789
                },
                "from": {
                    "file": "/Users/14leec1/.android/build-cache/2b062dea4163f5d3e442202215294cce30d220df/output/res/values-uz/values.xml",
                    "position": {
                        "startLine": 9,
                        "startColumn": 0,
                        "startOffset": 768,
                        "endColumn": 116,
                        "endOffset": 884
                    }
                }
            },
            {
                "to": {
                    "startLine": 9,
                    "startColumn": 4,
                    "startOffset": 794,
                    "endColumn": 114,
                    "endOffset": 904
                },
                "from": {
                    "file": "/Users/14leec1/.android/build-cache/2b062dea4163f5d3e442202215294cce30d220df/output/res/values-uz/values.xml",
                    "position": {
                        "startLine": 10,
                        "startColumn": 0,
                        "startOffset": 885,
                        "endColumn": 110,
                        "endOffset": 995
                    }
                }
            },
            {
                "to": {
                    "startLine": 10,
                    "startColumn": 4,
                    "startOffset": 909,
                    "endColumn": 115,
                    "endOffset": 1020
                },
                "from": {
                    "file": "/Users/14leec1/.android/build-cache/2b062dea4163f5d3e442202215294cce30d220df/output/res/values-uz/values.xml",
                    "position": {
                        "startLine": 11,
                        "startColumn": 0,
                        "startOffset": 996,
                        "endColumn": 111,
                        "endOffset": 1107
                    }
                }
            },
            {
                "to": {
                    "startLine": 11,
                    "startColumn": 4,
                    "startOffset": 1025,
                    "endColumn": 103,
                    "endOffset": 1124
                },
                "from": {
                    "file": "/Users/14leec1/.android/build-cache/2b062dea4163f5d3e442202215294cce30d220df/output/res/values-uz/values.xml",
                    "position": {
                        "startLine": 12,
                        "startColumn": 0,
                        "startOffset": 1108,
                        "endColumn": 99,
                        "endOffset": 1207
                    }
                }
            },
            {
                "to": {
                    "startLine": 12,
                    "startColumn": 4,
                    "startOffset": 1129,
                    "endColumn": 114,
                    "endOffset": 1239
                },
                "from": {
                    "file": "/Users/14leec1/.android/build-cache/2b062dea4163f5d3e442202215294cce30d220df/output/res/values-uz/values.xml",
                    "position": {
                        "startLine": 13,
                        "startColumn": 0,
                        "startOffset": 1208,
                        "endColumn": 110,
                        "endOffset": 1318
                    }
                }
            },
            {
                "to": {
                    "startLine": 13,
                    "startColumn": 4,
                    "startOffset": 1244,
                    "endColumn": 88,
                    "endOffset": 1328
                },
                "from": {
                    "file": "/Users/14leec1/.android/build-cache/2b062dea4163f5d3e442202215294cce30d220df/output/res/values-uz/values.xml",
                    "position": {
                        "startLine": 14,
                        "startColumn": 0,
                        "startOffset": 1319,
                        "endColumn": 84,
                        "endOffset": 1403
                    }
                }
            },
            {
                "to": {
                    "startLine": 14,
                    "startColumn": 4,
                    "startOffset": 1333,
                    "endColumn": 102,
                    "endOffset": 1431
                },
                "from": {
                    "file": "/Users/14leec1/.android/build-cache/2b062dea4163f5d3e442202215294cce30d220df/output/res/values-uz/values.xml",
                    "position": {
                        "startLine": 15,
                        "startColumn": 0,
                        "startOffset": 1404,
                        "endColumn": 98,
                        "endOffset": 1502
                    }
                }
            },
            {
                "to": {
                    "startLine": 15,
                    "startColumn": 4,
                    "startOffset": 1436,
                    "endColumn": 105,
                    "endOffset": 1537
                },
                "from": {
                    "file": "/Users/14leec1/.android/build-cache/2b062dea4163f5d3e442202215294cce30d220df/output/res/values-uz/values.xml",
                    "position": {
                        "startLine": 16,
                        "startColumn": 0,
                        "startOffset": 1503,
                        "endColumn": 101,
                        "endOffset": 1604
                    }
                }
            },
            {
                "to": {
                    "startLine": 16,
                    "startColumn": 4,
                    "startOffset": 1542,
                    "endColumn": 107,
                    "endOffset": 1645
                },
                "from": {
                    "file": "/Users/14leec1/.android/build-cache/2b062dea4163f5d3e442202215294cce30d220df/output/res/values-uz/values.xml",
                    "position": {
                        "startLine": 17,
                        "startColumn": 0,
                        "startOffset": 1605,
                        "endColumn": 103,
                        "endOffset": 1708
                    }
                }
            },
            {
                "to": {
                    "startLine": 17,
                    "startColumn": 4,
                    "startOffset": 1650,
                    "endColumn": 84,
                    "endOffset": 1730
                },
                "from": {
                    "file": "/Users/14leec1/.android/build-cache/2b062dea4163f5d3e442202215294cce30d220df/output/res/values-uz/values.xml",
                    "position": {
                        "startLine": 18,
                        "startColumn": 0,
                        "startOffset": 1709,
                        "endColumn": 80,
                        "endOffset": 1789
                    }
                }
            },
            {
                "to": {
                    "startLine": 18,
                    "startColumn": 4,
                    "startOffset": 1735,
                    "endColumn": 131,
                    "endOffset": 1862
                },
                "from": {
                    "file": "/Users/14leec1/.android/build-cache/6fddc1117dca319301a0674abde2855c6ffec5b8/output/res/values-uz/values.xml",
                    "position": {
                        "startLine": 4,
                        "startColumn": 0,
                        "startOffset": 288,
                        "endColumn": 131,
                        "endOffset": 419
                    }
                }
            },
            {
                "to": {
                    "startLine": 19,
                    "startColumn": 4,
                    "startOffset": 1867,
                    "endColumn": 135,
                    "endOffset": 1998
                },
                "from": {
                    "file": "/Users/14leec1/.android/build-cache/6fddc1117dca319301a0674abde2855c6ffec5b8/output/res/values-uz/values.xml",
                    "position": {
                        "startLine": 5,
                        "startColumn": 0,
                        "startOffset": 420,
                        "endColumn": 135,
                        "endOffset": 555
                    }
                }
            },
            {
                "to": {
                    "startLine": 20,
                    "startColumn": 4,
                    "startOffset": 2003,
                    "endColumn": 100,
                    "endOffset": 2099
                },
                "from": {
                    "file": "/Users/14leec1/.android/build-cache/6fddc1117dca319301a0674abde2855c6ffec5b8/output/res/values-uz/values.xml",
                    "position": {
                        "startLine": 6,
                        "startColumn": 0,
                        "startOffset": 556,
                        "endColumn": 96,
                        "endOffset": 652
                    }
                }
            },
            {
                "to": {
                    "startLine": 21,
                    "startColumn": 4,
                    "startOffset": 2104,
                    "endColumn": 74,
                    "endOffset": 2174
                },
                "from": {
                    "file": "/Users/14leec1/.android/build-cache/2b062dea4163f5d3e442202215294cce30d220df/output/res/values-uz/values.xml",
                    "position": {
                        "startLine": 19,
                        "startColumn": 0,
                        "startOffset": 1790,
                        "endColumn": 70,
                        "endOffset": 1860
                    }
                }
            },
            {
                "to": {
                    "startLine": 22,
                    "startColumn": 4,
                    "startOffset": 2179,
                    "endColumn": 72,
                    "endOffset": 2247
                },
                "from": {
                    "file": "/Users/14leec1/.android/build-cache/2b062dea4163f5d3e442202215294cce30d220df/output/res/values-uz/values.xml",
                    "position": {
                        "startLine": 20,
                        "startColumn": 0,
                        "startOffset": 1861,
                        "endColumn": 68,
                        "endOffset": 1929
                    }
                }
            },
            {
                "to": {
                    "startLine": 23,
                    "startColumn": 4,
                    "startOffset": 2252,
                    "endColumn": 86,
                    "endOffset": 2334
                },
                "from": {
                    "file": "/Users/14leec1/.android/build-cache/2b062dea4163f5d3e442202215294cce30d220df/output/res/values-uz/values.xml",
                    "position": {
                        "startLine": 21,
                        "startColumn": 0,
                        "startOffset": 1930,
                        "endColumn": 82,
                        "endOffset": 2012
                    }
                }
            },
            {
                "to": {
                    "startLine": 24,
                    "startColumn": 4,
                    "startOffset": 2339,
                    "endColumn": 100,
                    "endOffset": 2435
                },
                "from": {
                    "file": "/Users/14leec1/.android/build-cache/2b062dea4163f5d3e442202215294cce30d220df/output/res/values-uz/values.xml",
                    "position": {
                        "startLine": 22,
                        "startColumn": 0,
                        "startOffset": 2013,
                        "endColumn": 96,
                        "endOffset": 2109
                    }
                }
            },
            {
                "to": {
                    "startLine": 25,
                    "startColumn": 4,
                    "startOffset": 2440,
                    "endColumn": 103,
                    "endOffset": 2539
                },
                "from": {
                    "file": "/Users/14leec1/.android/build-cache/2b062dea4163f5d3e442202215294cce30d220df/output/res/values-uz/values.xml",
                    "position": {
                        "startLine": 23,
                        "startColumn": 0,
                        "startOffset": 2110,
                        "endColumn": 99,
                        "endOffset": 2209
                    }
                }
            },
            {
                "to": {
                    "startLine": 26,
                    "startColumn": 4,
                    "startOffset": 2544,
                    "endColumn": 91,
                    "endOffset": 2631
                },
                "from": {
                    "file": "/Users/14leec1/.android/build-cache/2b062dea4163f5d3e442202215294cce30d220df/output/res/values-uz/values.xml",
                    "position": {
                        "startLine": 24,
                        "startColumn": 0,
                        "startOffset": 2210,
                        "endColumn": 87,
                        "endOffset": 2297
                    }
                }
            },
            {
                "to": {
                    "startLine": 27,
                    "startColumn": 4,
                    "startOffset": 2636,
                    "endColumn": 96,
                    "endOffset": 2728
                },
                "from": {
                    "file": "/Users/14leec1/.android/build-cache/2b062dea4163f5d3e442202215294cce30d220df/output/res/values-uz/values.xml",
                    "position": {
                        "startLine": 25,
                        "startColumn": 0,
                        "startOffset": 2298,
                        "endColumn": 92,
                        "endOffset": 2390
                    }
                }
            },
            {
                "to": {
                    "startLine": 28,
                    "startColumn": 4,
                    "startOffset": 2733,
                    "endColumn": 96,
                    "endOffset": 2825
                },
                "from": {
                    "file": "/Users/14leec1/.android/build-cache/2b062dea4163f5d3e442202215294cce30d220df/output/res/values-uz/values.xml",
                    "position": {
                        "startLine": 26,
                        "startColumn": 0,
                        "startOffset": 2391,
                        "endColumn": 92,
                        "endOffset": 2483
                    }
                }
            },
            {
                "to": {
                    "startLine": 29,
                    "startColumn": 4,
                    "startOffset": 2830,
                    "endColumn": 78,
                    "endOffset": 2904
                },
                "from": {
                    "file": "/Users/14leec1/.android/build-cache/2b062dea4163f5d3e442202215294cce30d220df/output/res/values-uz/values.xml",
                    "position": {
                        "startLine": 27,
                        "startColumn": 0,
                        "startOffset": 2484,
                        "endColumn": 74,
                        "endOffset": 2558
                    }
                }
            },
            {
                "to": {
                    "startLine": 30,
                    "startColumn": 4,
                    "startOffset": 2909,
                    "endColumn": 105,
                    "endOffset": 3010
                },
                "from": {
                    "file": "/Users/14leec1/.android/build-cache/2b062dea4163f5d3e442202215294cce30d220df/output/res/values-uz/values.xml",
                    "position": {
                        "startLine": 28,
                        "startColumn": 0,
                        "startOffset": 2559,
                        "endColumn": 101,
                        "endOffset": 2660
                    }
                }
            },
            {
                "to": {
                    "startLine": 31,
                    "startColumn": 4,
                    "startOffset": 3015,
                    "endColumn": 96,
                    "endOffset": 3107
                },
                "from": {
                    "file": "/Users/14leec1/.android/build-cache/2b062dea4163f5d3e442202215294cce30d220df/output/res/values-uz/values.xml",
                    "position": {
                        "startLine": 29,
                        "startColumn": 0,
                        "startOffset": 2661,
                        "endColumn": 92,
                        "endOffset": 2753
                    }
                }
            },
            {
                "to": {
                    "startLine": 32,
                    "startColumn": 4,
                    "startOffset": 3112,
                    "endColumn": 104,
                    "endOffset": 3212
                },
                "from": {
                    "file": "/Users/14leec1/.android/build-cache/2b062dea4163f5d3e442202215294cce30d220df/output/res/values-uz/values.xml",
                    "position": {
                        "startLine": 30,
                        "startColumn": 0,
                        "startOffset": 2754,
                        "endColumn": 100,
                        "endOffset": 2854
                    }
                }
            },
            {
                "to": {
                    "startLine": 33,
                    "startColumn": 4,
                    "startOffset": 3217,
                    "endColumn": 142,
                    "endOffset": 3355
                },
                "from": {
                    "file": "/Users/14leec1/.android/build-cache/2b062dea4163f5d3e442202215294cce30d220df/output/res/values-uz/values.xml",
                    "position": {
                        "startLine": 31,
                        "startColumn": 0,
                        "startOffset": 2855,
                        "endColumn": 142,
                        "endOffset": 2997
                    }
                }
            },
            {
                "to": {
                    "startLine": 34,
                    "startColumn": 4,
                    "startOffset": 3360,
                    "endColumn": 124,
                    "endOffset": 3480
                },
                "from": {
                    "file": "/Users/14leec1/.android/build-cache/2b062dea4163f5d3e442202215294cce30d220df/output/res/values-uz/values.xml",
                    "position": {
                        "startLine": 32,
                        "startColumn": 0,
                        "startOffset": 2998,
                        "endColumn": 120,
                        "endOffset": 3118
                    }
                }
            },
            {
                "to": {
                    "startLine": 35,
                    "startColumn": 4,
                    "startOffset": 3485,
                    "endColumn": 124,
                    "endOffset": 3605
                },
                "from": {
                    "file": "/Users/14leec1/.android/build-cache/2b062dea4163f5d3e442202215294cce30d220df/output/res/values-uz/values.xml",
                    "position": {
                        "startLine": 33,
                        "startColumn": 0,
                        "startOffset": 3119,
                        "endColumn": 120,
                        "endOffset": 3239
                    }
                }
            },
            {
                "to": {
                    "startLine": 36,
                    "startColumn": 4,
                    "startOffset": 3610,
                    "endColumn": 94,
                    "endOffset": 3700
                },
                "from": {
                    "file": "/Users/14leec1/.android/build-cache/2b062dea4163f5d3e442202215294cce30d220df/output/res/values-uz/values.xml",
                    "position": {
                        "startLine": 34,
                        "startColumn": 0,
                        "startOffset": 3240,
                        "endColumn": 90,
                        "endOffset": 3330
                    }
                }
            },
            {
                "to": {
                    "startLine": 37,
                    "startColumn": 4,
                    "startOffset": 3705,
                    "endColumn": 90,
                    "endOffset": 3791
                },
                "from": {
                    "file": "/Users/14leec1/.android/build-cache/2b062dea4163f5d3e442202215294cce30d220df/output/res/values-uz/values.xml",
                    "position": {
                        "startLine": 35,
                        "startColumn": 0,
                        "startOffset": 3331,
                        "endColumn": 86,
                        "endOffset": 3417
                    }
                }
            },
            {
                "to": {
                    "startLine": 38,
                    "startColumn": 4,
                    "startOffset": 3796,
                    "endColumn": 106,
                    "endOffset": 3898
                },
                "from": {
                    "file": "/Users/14leec1/.android/build-cache/2b062dea4163f5d3e442202215294cce30d220df/output/res/values-uz/values.xml",
                    "position": {
                        "startLine": 36,
                        "startColumn": 0,
                        "startOffset": 3418,
                        "endColumn": 102,
                        "endOffset": 3520
                    }
                }
            },
            {
                "to": {
                    "startLine": 39,
                    "startColumn": 4,
                    "startOffset": 3903,
                    "endColumn": 83,
                    "endOffset": 3982
                },
                "from": {
                    "file": "/Users/14leec1/.android/build-cache/2b062dea4163f5d3e442202215294cce30d220df/output/res/values-uz/values.xml",
                    "position": {
                        "startLine": 37,
                        "startColumn": 0,
                        "startOffset": 3521,
                        "endColumn": 79,
                        "endOffset": 3600
                    }
                }
            },
            {
                "to": {
                    "startLine": 40,
                    "startColumn": 4,
                    "startOffset": 3987,
                    "endColumn": 106,
                    "endOffset": 4089
                },
                "from": {
                    "file": "/Users/14leec1/.android/build-cache/0ad8bc32b47bd9b6a107e4fb2661747d1c54541f/output/res/values-uz/values.xml",
                    "position": {
                        "startLine": 4,
                        "startColumn": 0,
                        "startOffset": 283,
                        "endColumn": 102,
                        "endOffset": 385
                    }
                }
            },
            {
                "to": {
                    "startLine": 41,
                    "startColumn": 4,
                    "startOffset": 4094,
                    "endColumn": 181,
                    "endOffset": 4271
                },
                "from": {
                    "file": "/Users/14leec1/.android/build-cache/0ad8bc32b47bd9b6a107e4fb2661747d1c54541f/output/res/values-uz/values.xml",
                    "position": {
                        "startLine": 5,
                        "startColumn": 0,
                        "startOffset": 386,
                        "endColumn": 181,
                        "endOffset": 567
                    }
                }
            },
            {
                "to": {
                    "startLine": 42,
                    "startColumn": 4,
                    "startOffset": 4276,
                    "endColumn": 130,
                    "endOffset": 4402
                },
                "from": {
                    "file": "/Users/14leec1/.android/build-cache/0ad8bc32b47bd9b6a107e4fb2661747d1c54541f/output/res/values-uz/values.xml",
                    "position": {
                        "startLine": 6,
                        "startColumn": 0,
                        "startOffset": 568,
                        "endColumn": 126,
                        "endOffset": 694
                    }
                }
            },
            {
                "to": {
                    "startLine": 43,
                    "startColumn": 4,
                    "startOffset": 4407,
                    "endColumn": 110,
                    "endOffset": 4513
                },
                "from": {
                    "file": "/Users/14leec1/.android/build-cache/0ad8bc32b47bd9b6a107e4fb2661747d1c54541f/output/res/values-uz/values.xml",
                    "position": {
                        "startLine": 7,
                        "startColumn": 0,
                        "startOffset": 695,
                        "endColumn": 106,
                        "endOffset": 801
                    }
                }
            },
            {
                "to": {
                    "startLine": 44,
                    "startColumn": 4,
                    "startOffset": 4518,
                    "endColumn": 203,
                    "endOffset": 4717
                },
                "from": {
                    "file": "/Users/14leec1/.android/build-cache/0ad8bc32b47bd9b6a107e4fb2661747d1c54541f/output/res/values-uz/values.xml",
                    "position": {
                        "startLine": 8,
                        "startColumn": 0,
                        "startOffset": 802,
                        "endColumn": 203,
                        "endOffset": 1005
                    }
                }
            },
            {
                "to": {
                    "startLine": 45,
                    "startColumn": 4,
                    "startOffset": 4722,
                    "endColumn": 134,
                    "endOffset": 4852
                },
                "from": {
                    "file": "/Users/14leec1/.android/build-cache/0ad8bc32b47bd9b6a107e4fb2661747d1c54541f/output/res/values-uz/values.xml",
                    "position": {
                        "startLine": 9,
                        "startColumn": 0,
                        "startOffset": 1006,
                        "endColumn": 130,
                        "endOffset": 1136
                    }
                }
            },
            {
                "to": {
                    "startLine": 46,
                    "startColumn": 4,
                    "startOffset": 4857,
                    "endColumn": 134,
                    "endOffset": 4987
                },
                "from": {
                    "file": "/Users/14leec1/.android/build-cache/0ad8bc32b47bd9b6a107e4fb2661747d1c54541f/output/res/values-uz/values.xml",
                    "position": {
                        "startLine": 10,
                        "startColumn": 0,
                        "startOffset": 1137,
                        "endColumn": 130,
                        "endOffset": 1267
                    }
                }
            },
            {
                "to": {
                    "startLine": 47,
                    "startColumn": 4,
                    "startOffset": 4992,
                    "endColumn": 208,
                    "endOffset": 5196
                },
                "from": {
                    "file": "/Users/14leec1/.android/build-cache/ff4967dcef41267c999da54fcc7c7f9e60142282/output/res/values-uz/values.xml",
                    "position": {
                        "startLine": 4,
                        "startColumn": 0,
                        "startOffset": 285,
                        "endColumn": 208,
                        "endOffset": 493
                    }
                }
            },
            {
                "to": {
                    "startLine": 48,
                    "startColumn": 4,
                    "startOffset": 5201,
                    "endColumn": 230,
                    "endOffset": 5427
                },
                "from": {
                    "file": "/Users/14leec1/.android/build-cache/0ad8bc32b47bd9b6a107e4fb2661747d1c54541f/output/res/values-uz/values.xml",
                    "position": {
                        "startLine": 11,
                        "startColumn": 0,
                        "startOffset": 1268,
                        "endColumn": 230,
                        "endOffset": 1498
                    }
                }
            },
            {
                "to": {
                    "startLine": 49,
                    "startColumn": 4,
                    "startOffset": 5432,
                    "endColumn": 109,
                    "endOffset": 5537
                },
                "from": {
                    "file": "/Users/14leec1/.android/build-cache/0ad8bc32b47bd9b6a107e4fb2661747d1c54541f/output/res/values-uz/values.xml",
                    "position": {
                        "startLine": 12,
                        "startColumn": 0,
                        "startOffset": 1499,
                        "endColumn": 105,
                        "endOffset": 1604
                    }
                }
            },
            {
                "to": {
                    "startLine": 50,
                    "startColumn": 4,
                    "startOffset": 5542,
                    "endColumn": 189,
                    "endOffset": 5727
                },
                "from": {
                    "file": "/Users/14leec1/.android/build-cache/0ad8bc32b47bd9b6a107e4fb2661747d1c54541f/output/res/values-uz/values.xml",
                    "position": {
                        "startLine": 13,
                        "startColumn": 0,
                        "startOffset": 1605,
                        "endColumn": 189,
                        "endOffset": 1794
                    }
                }
            },
            {
                "to": {
                    "startLine": 51,
                    "startColumn": 4,
                    "startOffset": 5732,
                    "endColumn": 133,
                    "endOffset": 5861
                },
                "from": {
                    "file": "/Users/14leec1/.android/build-cache/0ad8bc32b47bd9b6a107e4fb2661747d1c54541f/output/res/values-uz/values.xml",
                    "position": {
                        "startLine": 14,
                        "startColumn": 0,
                        "startOffset": 1795,
                        "endColumn": 129,
                        "endOffset": 1924
                    }
                }
            },
            {
                "to": {
                    "startLine": 52,
                    "startColumn": 4,
                    "startOffset": 5866,
                    "endColumn": 212,
                    "endOffset": 6074
                },
                "from": {
                    "file": "/Users/14leec1/.android/build-cache/0ad8bc32b47bd9b6a107e4fb2661747d1c54541f/output/res/values-uz/values.xml",
                    "position": {
                        "startLine": 15,
                        "startColumn": 0,
                        "startOffset": 1925,
                        "endColumn": 212,
                        "endOffset": 2137
                    }
                }
            },
            {
                "to": {
                    "startLine": 53,
                    "startColumn": 4,
                    "startOffset": 6079,
                    "endColumn": 191,
                    "endOffset": 6266
                },
                "from": {
                    "file": "/Users/14leec1/.android/build-cache/0ad8bc32b47bd9b6a107e4fb2661747d1c54541f/output/res/values-uz/values.xml",
                    "position": {
                        "startLine": 16,
                        "startColumn": 0,
                        "startOffset": 2138,
                        "endColumn": 187,
                        "endOffset": 2325
                    }
                }
            },
            {
                "to": {
                    "startLine": 54,
                    "startColumn": 4,
                    "startOffset": 6271,
                    "endColumn": 95,
                    "endOffset": 6362
                },
                "from": {
                    "file": "/Users/14leec1/.android/build-cache/0ad8bc32b47bd9b6a107e4fb2661747d1c54541f/output/res/values-uz/values.xml",
                    "position": {
                        "startLine": 17,
                        "startColumn": 0,
                        "startOffset": 2326,
                        "endColumn": 91,
                        "endOffset": 2417
                    }
                }
            },
            {
                "to": {
                    "startLine": 55,
                    "startColumn": 4,
                    "startOffset": 6367,
                    "endColumn": 90,
                    "endOffset": 6453
                },
                "from": {
                    "file": "/Users/14leec1/.android/build-cache/0ad8bc32b47bd9b6a107e4fb2661747d1c54541f/output/res/values-uz/values.xml",
                    "position": {
                        "startLine": 18,
                        "startColumn": 0,
                        "startOffset": 2418,
                        "endColumn": 86,
                        "endOffset": 2504
                    }
                }
            },
            {
                "to": {
                    "startLine": 56,
                    "startColumn": 4,
                    "startOffset": 6458,
                    "endColumn": 108,
                    "endOffset": 6562
                },
                "from": {
                    "file": "/Users/14leec1/.android/build-cache/0ad8bc32b47bd9b6a107e4fb2661747d1c54541f/output/res/values-uz/values.xml",
                    "position": {
                        "startLine": 19,
                        "startColumn": 0,
                        "startOffset": 2505,
                        "endColumn": 104,
                        "endOffset": 2609
                    }
                }
            },
            {
                "to": {
                    "startLine": 57,
                    "startColumn": 4,
                    "startOffset": 6567,
                    "endColumn": 138,
                    "endOffset": 6701
                },
                "from": {
                    "file": "/Users/14leec1/.android/build-cache/08c7c22f53081775450e442244fadb641005e811/output/res/values-uz/values.xml",
                    "position": {
                        "startLine": 5,
                        "startColumn": 0,
                        "startOffset": 311,
                        "endColumn": 134,
                        "endOffset": 445
                    }
                }
            },
            {
                "to": {
                    "startLine": 58,
                    "startColumn": 4,
                    "startOffset": 6706,
                    "endColumn": 105,
                    "endOffset": 6807
                },
                "from": {
                    "file": "/Users/14leec1/.android/build-cache/08c7c22f53081775450e442244fadb641005e811/output/res/values-uz/values.xml",
                    "position": {
                        "startLine": 6,
                        "startColumn": 0,
                        "startOffset": 446,
                        "endColumn": 101,
                        "endOffset": 547
                    }
                }
            },
            {
                "to": {
                    "startLine": 59,
                    "startColumn": 4,
                    "startOffset": 6812,
                    "endColumn": 107,
                    "endOffset": 6915
                },
                "from": {
                    "file": "/Users/14leec1/.android/build-cache/08c7c22f53081775450e442244fadb641005e811/output/res/values-uz/values.xml",
                    "position": {
                        "startLine": 7,
                        "startColumn": 0,
                        "startOffset": 548,
                        "endColumn": 103,
                        "endOffset": 651
                    }
                }
            },
            {
                "to": {
                    "startLine": 60,
                    "startColumn": 4,
                    "startOffset": 6920,
                    "endColumn": 118,
                    "endOffset": 7034
                },
                "from": {
                    "file": "/Users/14leec1/.android/build-cache/08c7c22f53081775450e442244fadb641005e811/output/res/values-uz/values.xml",
                    "position": {
                        "startLine": 8,
                        "startColumn": 0,
                        "startOffset": 652,
                        "endColumn": 114,
                        "endOffset": 766
                    }
                }
            },
            {
                "to": {
                    "startLine": 61,
                    "startColumn": 4,
                    "startOffset": 7039,
                    "endColumn": 100,
                    "endOffset": 7135
                },
                "from": {
                    "file": "/Users/14leec1/.android/build-cache/08c7c22f53081775450e442244fadb641005e811/output/res/values-uz/values.xml",
                    "position": {
                        "startLine": 9,
                        "startColumn": 0,
                        "startOffset": 767,
                        "endColumn": 96,
                        "endOffset": 863
                    }
                }
            },
            {
                "to": {
                    "startLine": 62,
                    "startColumn": 4,
                    "startOffset": 7140,
                    "endColumn": 107,
                    "endOffset": 7243
                },
                "from": {
                    "file": "/Users/14leec1/.android/build-cache/08c7c22f53081775450e442244fadb641005e811/output/res/values-uz/values.xml",
                    "position": {
                        "startLine": 10,
                        "startColumn": 0,
                        "startOffset": 864,
                        "endColumn": 103,
                        "endOffset": 967
                    }
                }
            },
            {
                "to": {
                    "startLine": 63,
                    "startColumn": 4,
                    "startOffset": 7248,
                    "endColumn": 75,
                    "endOffset": 7319
                },
                "from": {
                    "file": "/Users/14leec1/.android/build-cache/08c7c22f53081775450e442244fadb641005e811/output/res/values-uz/values.xml",
                    "position": {
                        "startLine": 11,
                        "startColumn": 0,
                        "startOffset": 968,
                        "endColumn": 71,
                        "endOffset": 1039
                    }
                }
            },
            {
                "to": {
                    "startLine": 64,
                    "startColumn": 4,
                    "startOffset": 7324,
                    "endColumn": 116,
                    "endOffset": 7436
                },
                "from": {
                    "file": "/Users/14leec1/.android/build-cache/eceeeb909d8e1eef6feb4c4e84c99257903967d3/output/res/values-uz/values.xml",
                    "position": {
                        "startLine": 4,
                        "startColumn": 0,
                        "startOffset": 233,
                        "endColumn": 112,
                        "endOffset": 345
                    }
                }
            },
            {
                "to": {
                    "startLine": 65,
                    "startColumn": 4,
                    "startOffset": 7441,
                    "endColumn": 97,
                    "endOffset": 7534
                },
                "from": {
                    "file": "/Users/14leec1/.android/build-cache/eceeeb909d8e1eef6feb4c4e84c99257903967d3/output/res/values-uz/values.xml",
                    "position": {
                        "startLine": 5,
                        "startColumn": 0,
                        "startOffset": 346,
                        "endColumn": 93,
                        "endOffset": 439
                    }
                }
            },
            {
                "to": {
                    "startLine": 66,
                    "startColumn": 4,
                    "startOffset": 7539,
                    "endColumn": 137,
                    "endOffset": 7672
                },
                "from": {
                    "file": "/Users/14leec1/.android/build-cache/08c7c22f53081775450e442244fadb641005e811/output/res/values-uz/values.xml",
                    "position": {
                        "startLine": 12,
                        "startColumn": 0,
                        "startOffset": 1040,
                        "endColumn": 133,
                        "endOffset": 1173
                    }
                }
            },
            {
                "to": {
                    "startLine": 67,
                    "startColumn": 4,
                    "startOffset": 7677,
                    "endColumn": 92,
                    "endOffset": 7765
                },
                "from": {
                    "file": "/Users/14leec1/.android/build-cache/08c7c22f53081775450e442244fadb641005e811/output/res/values-uz/values.xml",
                    "position": {
                        "startLine": 13,
                        "startColumn": 0,
                        "startOffset": 1174,
                        "endColumn": 88,
                        "endOffset": 1262
                    }
                }
            }
        ]
    }
]