[
    {
        "outputFile": "/Users/14leec1/AndroidStudioProjects/Civic-app-master/Sus/app/build/intermediates/incremental/mergeReleaseResources/merged.dir/values-h720dp-v13/values-h720dp-v13.xml",
        "map": [
            {
                "to": {
                    "startLine": 2,
                    "startColumn": 4,
                    "startOffset": 55,
                    "endColumn": 66,
                    "endOffset": 117
                },
                "from": {
                    "file": "/Users/14leec1/.android/build-cache/afbe29f57f18bdcb21348ed524eb6be0cd8d61ae/output/res/values-h720dp-v13/values-h720dp-v13.xml",
                    "position": {
                        "startLine": 2,
                        "startColumn": 4,
                        "startOffset": 55,
                        "endColumn": 66,
                        "endOffset": 117
                    }
                }
            }
        ]
    }
]