{"directions":{"settings":[{"style":{"id":"NA Campus","language":{"id":"ja","description":"日本語","strings":[{"id":"campusManeuverContinueHallway","rule":"(@@campusNames { を通って}) #ContinueHallwayAction"},{"id":"campusTurnHallwayActionMakeSharpRight","rule":"{右折}"},{"id":"campusTurnToHallwayActionKeepLeft","rule":"{左車線を維持する}"},{"id":"campusTurnToHallwayActionContinue","rule":"{そのまま進む}"},{"id":"campusManeuverHeader","rule":"(#StopName { を}) {出発}"},{"id":"campusEventRestrictionViolation","rule":"{規制: } #Restriction"},{"id":"campusManeuverFooter","rule":"({ } #StopArrival({早めに},{遅れて})) (#StopName { に}) {到着} (#StopSide)"},{"id":"campusNames","rule":"NAME ({ (} ALT_NAME {) })"},{"id":"campusManeuverDepart","rule":"(#StopName {を}) {出発}"},{"id":"campusManeuverArrive","rule":"({ } #StopArrival({早めに},{遅れて})) (#StopName { に}) {到着} (#StopSide)"},{"id":"campusTurnToHallwayActionBearRight","rule":"{右方向へ進む}"},{"id":"campusManeuverDepartHallway","rule":"(@@campusNames { を通って}) (#CrossNames { 方面に}) {進む}"},{"id":"campusBeforeElevationActionBearLeft","rule":"{左方向へ進む}"},{"id":"campusManeuverContinueWalkway","rule":"(@@campusNames { を}) #ContinueWalkwayAction"},{"id":"campusManeuverTurnHallway","rule":"(@@campusNames { を通って}) #TurnHallwayAction"},{"id":"campusManeuverDepartWalkway","rule":"(@@campusNames { を}) (#CrossNames { 方面に}) {進む}"},{"id":"campusManeuverArcTo","rule":"#Select(((#ArcToAction {。}) (#Destination { 方面に進む})), {そのまま進む})"},{"id":"campusEventLeaveBuilding","rule":"(#From(CROSSADMINBORDER) { から}) {出る}"},{"id":"campusManeuverArcToHallway","rule":"#FirstUpper(#Select(@campusArcToHallway, @campusStraightToHallway))"},{"id":"campusArcToHallway","rule":"#ArcToHallwayAction {。} (#Select((@@campusToNames {を通過する}), (#Destination { 方面に進む})))"},{"id":"UnitKilometerSingular","rule":"{km}"},{"id":"campusTurnToHallwayActionContinueForward","rule":"{そのまま進む}"},{"id":"campusTurnWalkwayActionTurnRight","rule":"{右折}"},{"id":"campusStraightToHallway","rule":"(@@campusToNames { を通って}) @campusDestination {そのまま進む}"},{"id":"campusDestination","rule":"#Destination { 方面に}"},{"id":"campusTurnWalkwayActionMakeSharpRight","rule":"{右折}"},{"id":"campusManeuverTakeDoorToHallway","rule":"(#DoorSide {の}) (#Select(#Door(NAME), {ドア}) { を}) #TakeDoorToHallwayAction @@campusAndGoTrough"},{"id":"campusToNames","rule":" #To(NAME) ({ (} #To(ALT_NAME) {) })"},{"id":"campusManeuverArcToWalkway","rule":"#FirstUpper(#Select(@campusArcToWalkway, @campusStraightToWalkway))"},{"id":"campusArcToWalkway","rule":"#ArcToWalkwayAction {。} (#Select((@@campusToNames {を進む}), (#Destination { 方面に進む})))"},{"id":"campusStraightToWalkway","rule":"(@@campusToNames { を}) @campusDestination {そのまま進む}"},{"id":"campusManeuverTurnToHallway","rule":"(#TurnToHallwayAction {。}) @campusDestination (@@campusNames {を通過する})"},{"id":"campusManeuverTurnToWalkway","rule":"(#TurnToWalkwayAction {。}) @campusDestination (@@campusNames {を進む})"},{"id":"campusManeuverExit","rule":"{外に出て、} (@@campusNames { を}) {進む}"},{"id":"campusToWalkwayActionGoBack","rule":"{戻る}"},{"id":"campusManeuverEnter","rule":"{中に入り、} (@@campusNames { を通って}) {進む}"},{"id":"campusManeuverTurnWalkway","rule":"(@@campusNames { を}) #TurnWalkwayAction"},{"id":"campusTurnWalkwayActionGo","rule":"{進む}"},{"id":"UnitMeterPlural","rule":"{m}"},{"id":"campusManeuverDoubleTurn","rule":"#FirstTurn(#FirstActionBearing) {、そして} #SecondTurn(#SecondActionBearing)"},{"id":"campusTurnHallwayActionContinueForward","rule":"{そのまま進む}"},{"id":"campusManeuverElevation","rule":"@campusBeforeElevation (#ElevationName {で}) (#ElevationCourse {に}) (#To(TO_FLOOR_NAME) { 階に}) {移動する}"},{"id":"campusBeforeElevation","rule":"#Select((#TurnActionBeforeElevation {、そして}), {})"},{"id":"campusManeuverDoorToWalkway","rule":"(#Select(#Door(NAME), {ドア}) { を}) #DoorToWalkwayAction @@campusAndToWalkwayGoOn"},{"id":"campusEventEnterBuilding","rule":"(CROSSADMINBORDER { に}) {入る}"},{"id":"campusManeuverDoor","rule":"(#Select(#Door(NAME), {ドア}) { を}) #DoorAction"},{"id":"campusTurnWalkwayActionKeepRight","rule":"{右車線を維持する}"},{"id":"campusFirstActionTurnLeft","rule":"@campusAtIntersectionNames (NAME { へ}) {左折}"},{"id":"campusManeuverDoorTo","rule":"(#Select(#Door(NAME), {ドア}) { を}) #DoorToAction @campusAndToAction"},{"id":"campusAndToWalkwayGoOn","rule":"{、そして} (@@campusNames { を}) @campusDestination #ToWalkwayAction"},{"id":"campusAndToAction","rule":"{、そして} #ToAction"},{"id":"campusManeuverDoorToHallway","rule":"(#Select(#Door(NAME), {ドア}) { を}) #DoorToHallwayAction @@campusAndToHallwayGoThroug"},{"id":"campusTurnWalkwayActionContinue","rule":"{そのまま進む}"},{"id":"campusTurnHallwayActionTurnRight","rule":"{右折}"},{"id":"campusElevationElevator","rule":"{エレベータ}"},{"id":"campusAndToHallwayGoThroug","rule":"{、そして} (@@campusNames { を通って}) @campusDestination #ToHallwayAction"},{"id":"campusManeuverTakeDoorToWalkway","rule":"(#DoorSide {の}) (#Select(#Door(NAME), {ドア}) { を}) #TakeDoorToWalkwayAction @@campusAndGoOn"},{"id":"campusTurnWalkwayActionContinueForward","rule":"{そのまま進む}"},{"id":"DirectionCumulativeLength","rule":"#CumulativeDistance"},{"id":"campusAndGoOn","rule":"{、そして} (@@campusNames { を}) @campusDestination #GoToWalkwayAction"},{"id":"campusAndGoTrough","rule":"{、そして} (@@campusNames { を通って}) @campusDestination #GoToHallwayAction"},{"id":"campusTurnWalkwayActionBearRight","rule":"{右方向へ進む}"},{"id":"campusManeuverTakeDoor","rule":"(#DoorSide {の}) (#Select(#Door(NAME), {ドア}) { を}) #TakeDoorAction"},{"id":"campusTurnHallwayActionKeepRight","rule":"{右車線を維持する}"},{"id":"campusTurnHallwayActionBearRight","rule":"{右方向へ進む}"},{"id":"campusTurnToHallwayActionGo","rule":"{進む}"},{"id":"campusTurnHallwayActionMakeSharpLeft","rule":"{左折}"},{"id":"campusTurnHallwayActionTurnLeft","rule":"{左折}"},{"id":"campusTurnHallwayActionBearLeft","rule":"{左方向へ進む}"},{"id":"campusTurnWalkwayActionBearLeft","rule":"{左方向へ進む}"},{"id":"campusTurnHallwayActionKeepLeft","rule":"{左車線を維持する}"},{"id":"campusTurnHallwayActionContinue","rule":"{そのまま進む}"},{"id":"campusTurnHallwayActionGo","rule":"{進む}"},{"id":"campusTurnWalkwayActionMakeSharpLeft","rule":"{左折}"},{"id":"DistanceShort","rule":"{< } #MinDistance(1) ({ } #DistanceUnits)"},{"id":"campusTurnWalkwayActionTurnLeft","rule":"{左折}"},{"id":"campusTurnWalkwayActionKeepLeft","rule":"{左車線を維持する}"},{"id":"campusTurnToHallwayActionKeepRight","rule":"{右車線を維持する}"},{"id":"campusTurnToHallwayActionTurnRight","rule":"{右折}"},{"id":"campusDoorToHallwayActionGoOutside","rule":"{外へ進む}"},{"id":"campusTurnToHallwayActionMakeSharpRight","rule":"{右折}"},{"id":"campusTurnToHallwayActionMakeSharpLeft","rule":"{左折}"},{"id":"campusArcToWalkwayActionMakeSharpLeft","rule":"{左折}"},{"id":"campusDoorToWalkwayActionGoInside","rule":"{中へ進む}"},{"id":"campusTurnToHallwayActionTurnLeft","rule":"{左折}"},{"id":"campusTurnToHallwayActionBearLeft","rule":"{左方向へ進む}"},{"id":"campusTurnToWalkwayActionContinueForward","rule":"{そのまま進む}"},{"id":"campusTurnToWalkwayActionKeepRight","rule":"{右車線を維持する}"},{"id":"campusArcToWalkwayActionMakeSharpRight","rule":"{右折}"},{"id":"campusTurnToWalkwayActionBearRight","rule":"{右方向へ進む}"},{"id":"campusArcToHallwayActionMakeSharpLeft","rule":"{左折}"},{"id":"campusTurnToWalkwayActionTurnRight","rule":"{右折}"},{"id":"campusTurnToWalkwayActionMakeSharpRight","rule":"{右折}"},{"id":"campusTurnToWalkwayActionMakeSharpLeft","rule":"{左折}"},{"id":"campusTurnToWalkwayActionTurnLeft","rule":"{左折}"},{"id":"campusDoorToHallwayActionGo","rule":"{通過する}"},{"id":"DirectionExitName","rule":"#SignpostExit"},{"id":"DirectionRestBreak","rule":"#ArriveTime ({-} #DepartTime) { 休憩}"},{"id":"campusTurnToWalkwayActionBearLeft","rule":"{左方向へ進む}"},{"id":"campusArcToHallwayActionTurnLeft","rule":"{左折}"},{"id":"campusTurnToWalkwayActionKeepLeft","rule":"{左車線を維持する}"},{"id":"campusTurnToWalkwayActionContinue","rule":"{そのまま進む}"},{"id":"campusTurnToWalkwayActionGo","rule":"{進む}"},{"id":"campusStopSideLeft","rule":"({ (左側) })"},{"id":"campusArcToHallwayActionKeepRight","rule":"{右車線を維持する}"},{"id":"campusArcToHallwayActionBearRight","rule":"{右方向へ進む}"},{"id":"campusArcToHallwayActionTurnRight","rule":"{右折}"},{"id":"campusArcToHallwayActionMakeSharpRight","rule":"{右折}"},{"id":"campusArcToHallwayActionBearLeft","rule":"{左方向へ進む}"},{"id":"campusArcToHallwayActionKeepLeft","rule":"{左車線を維持する}"},{"id":"campusArcToHallwayActionContinueForward","rule":"{そのまま進む}"},{"id":"campusArcToWalkwayActionKeepRight","rule":"{右車線を維持する}"},{"id":"campusArcToWalkwayActionBearRight","rule":"{右方向へ進む}"},{"id":"StopLength","rule":"#StopLength"},{"id":"campusArcToWalkwayActionTurnRight","rule":"{右折}"},{"id":"campusArcToWalkwayActionTurnLeft","rule":"{左折}"},{"id":"campusArcToWalkwayActionBearLeft","rule":"{左方向へ進む}"},{"id":"campusArcToWalkwayActionKeepLeft","rule":"{左車線を維持する}"},{"id":"campusArcToWalkwayActionContinueForward","rule":"{そのまま進む}"},{"id":"TimeShort","rule":"{< 1 分}"},{"id":"campusArcToActionKeepRight","rule":"{右車線を維持する}"},{"id":"campusArcToActionBearRight","rule":"{右方向へ進む}"},{"id":"campusArcToActionTurnRight","rule":"{右折}"},{"id":"campusArcToActionMakeSharpRight","rule":"{右折}"},{"id":"campusArcToActionMakeSharpLeft","rule":"{左折}"},{"id":"campusArcToActionTurnLeft","rule":"{左折}"},{"id":"campusArcToActionBearLeft","rule":"{左方向へ進む}"},{"id":"DirectionCrossStreet","rule":"#CrossNames"},{"id":"campusArcToActionKeepLeft","rule":"{左車線を維持する}"},{"id":"campusArcToActionContinueForward","rule":"{そのまま進む}"},{"id":"campusFirstActionBearRight","rule":"@campusAtIntersectionNames (NAME { へ}) {右方面に進み}"},{"id":"DistanceLong","rule":"#Distance(1) ({ } #DistanceUnits)"},{"id":"campusBeforeElevationActionBearRight","rule":"{右方向へ進む}"},{"id":"DirectionDayEnd","rule":"(#ArriveTime { }) {1日の終了}"},{"id":"campusBeforeElevationActionTurnRight","rule":"{右折}"},{"id":"campusBeforeElevationActionMakeSharpRight","rule":"{右折}"},{"id":"campusGoToHallwayActionGoBack","rule":"{戻る}"},{"id":"campusBeforeElevationActionMakeSharpLeft","rule":"{左折}"},{"id":"campusBeforeElevationActionTurnLeft","rule":"{左折}"},{"id":"campusRightSide","rule":"{右}"},{"id":"campusLeftSide","rule":"{左}"},{"id":"campusAtIntersectionNames","rule":"#Intersection(NAME) ({ (} #Intersection(ALT_NAME) {) }) { で}"},{"id":"UnitYardNeutral","rule":"{ヤード}"},{"id":"campusFirstActionTurnRight","rule":"@campusAtIntersectionNames (NAME { へ}) {右折}"},{"id":"campusFirstActionMakeSharpRight","rule":"@campusAtIntersectionNames (NAME { へ}) {右折}"},{"id":"campusFirstActionMakeSharpLeft","rule":"@campusAtIntersectionNames (NAME { へ}) {左折}"},{"id":"campusFirstActionBearLeft","rule":"@campusAtIntersectionNames (NAME { へ}) {左方面に進み}"},{"id":"campusFirstActionContinue","rule":"@campusAtIntersectionNames (NAME { へ}) {そのまま進み}"},{"id":"campusSecondActionBearRight","rule":"{すぐに} (NAME { へ}) {右方面に進む}"},{"id":"campusToWalkwayActionContinueForward","rule":"{そのまま進む}"},{"id":"campusSecondActionTurnRight","rule":"{すぐに} (NAME { へ}) {右折}"},{"id":"campusSecondActionMakeSharpRight","rule":"{すぐに} (NAME { へ}) {右折}"},{"id":"campusSecondActionMakeSharpLeft","rule":"{すぐに} (NAME { へ}) {左折}"},{"id":"campusSecondActionTurnLeft","rule":"{すぐに} (NAME { へ}) {左折}"},{"id":"campusSecondActionBearLeft","rule":"{すぐに} (NAME { へ}) {左方面に進む}"},{"id":"campusSecondActionContinue","rule":"{すぐに} (NAME { へ}) {そのまま進む}"},{"id":"CumulativeDistanceLong","rule":"#Select(#Distance(1), {0}) ({ } #DistanceUnits)"},{"id":"campusContinueHallwayActionForward","rule":"{そのまま進む}"},{"id":"campusContinueHallwayActionGoForward","rule":"{進む}"},{"id":"campusContinueHallwayActionGoBack","rule":"{戻る}"},{"id":"campusContinueWalkwayActionForward","rule":"{そのまま進む}"},{"id":"campusContinueWalkwayActionGoForward","rule":"{進む}"},{"id":"campusContinueWalkwayActionGoBack","rule":"{戻る}"},{"id":"campusGoToHallwayActionContinueForward","rule":"{そのまま進む}"},{"id":"campusGoToHallwayActionGoForward","rule":"{進む}"},{"id":"StopWaitTime","rule":"{待機時間: } #StopWaitTime"},{"id":"campusGoToWalkwayActionContinueForward","rule":"{そのまま進む}"},{"id":"campusGoToWalkwayActionGoForward","rule":"{進む}"},{"id":"campusGoToWalkwayActionGoBack","rule":"{戻る}"},{"id":"campusToActionContinueForward","rule":"{そのまま進む}"},{"id":"campusToActionGoForward","rule":"{進む}"},{"id":"campusToHallwayActionGoBack","rule":"{戻る}"},{"id":"campusToActionGoBack","rule":"{戻る}"},{"id":"campusToHallwayActionContinueForward","rule":"{そのまま進む}"},{"id":"campusToHallwayActionGoForward","rule":"{進む}"},{"id":"UnitMeterSingular","rule":"{m}"},{"id":"campusToWalkwayActionGoForward","rule":"{進む}"},{"id":"campusElevationEscalator","rule":"{エスカレータ}"},{"id":"campusElevationStairs","rule":"{階段}"},{"id":"campusElevationRamp","rule":"{ランプ}"},{"id":"campusElevationUp","rule":"{上}"},{"id":"StopViolationTime","rule":"{超過時間: } #StopViolationTime"},{"id":"campusElevationDown","rule":"{下}"},{"id":"UnitKilometerNeutral","rule":"{km}"},{"id":"campusTakeDoorActionGoInside","rule":"{中へ進む}"},{"id":"campusTakeDoorActionGoOutside","rule":"{外へ進む}"},{"id":"campusTakeDoorToWalkwayActionGoInside","rule":"{中へ進む}"},{"id":"campusTakeDoorActionGo","rule":"{通過する}"},{"id":"campusTakeDoorToHallwayActionGoInside","rule":"{中へ進む}"},{"id":"campusTakeDoorToHallwayActionGoOutside","rule":"{外へ進む}"},{"id":"campusTakeDoorToHallwayActionGo","rule":"{通過する}"},{"id":"campusTakeDoorToWalkwayActionGoOutside","rule":"{外へ進む}"},{"id":"campusTakeDoorToWalkwayActionGo","rule":"{通過する}"},{"id":"campusDoorActionGoInside","rule":"{中へ進む}"},{"id":"campusDoorActionGoOutside","rule":"{外へ進む}"},{"id":"campusDoorActionGo","rule":"{通過する}"},{"id":"UnitNauticalNeutral","rule":"{海里}"},{"id":"campusDoorToActionGoInside","rule":"{中へ進む}"},{"id":"campusDoorToActionGoOutside","rule":"{外へ進む}"},{"id":"campusDoorToActionGo","rule":"{通過する}"},{"id":"campusDoorToHallwayActionGoInside","rule":"{中へ進む}"},{"id":"campusDoorToWalkwayActionGoOutside","rule":"{外へ進む}"},{"id":"campusDoorToWalkwayActionGo","rule":"{通過する}"},{"id":"TimeLong","rule":"(#TotalHours(0) { 時間 }) (#RoundedMinutesOfHour(0) { 分})"},{"id":"TravelTimeShort","rule":"{< 1 分}"},{"id":"UnitMilePlural","rule":"{マイル}"},{"id":"TravelTimeLong","rule":"(#Days(0) { 日 }) (#HoursOfDay(0) { 時間 }) (#RoundedMinutesOfHour(0) { 分})"},{"id":"StopTimeShort","rule":"{< 1 分}"},{"id":"StopTimeLong","rule":"(#TotalHours(0) { 時間 }) (#RoundedMinutesOfHour(0) { 分})"},{"id":"TimeZoneChange","rule":"#Sign (#TotalHours(0) { 時間 }) (#RoundedMinutesOfHour(0) { 分})"},{"id":"SignpostDestination","rule":"#String(0) ({ / } #String(1)) ({ / } #String(2)) ({ / } #String(3)) ({ / } #String(4))"},{"id":"campusStopSideRight","rule":"({ (右側) })"},{"id":"CrossNames","rule":"#String(0) ({ / } #String(1))"},{"id":"campusLandmarkOnTheLeft","rule":"{左}"},{"id":"DirectionBranch","rule":"#Branch"},{"id":"campusLandmarkOnTheRight","rule":"{右}"},{"id":"campusLandmarkOnTheFarLeft","rule":"{左の一番奥}"},{"id":"campusLandmarkOnTheFarRight","rule":"{右の一番奥}"},{"id":"campusLandmarkOnTheNearLeft","rule":"{左の一番手前}"},{"id":"UnitYardPlural","rule":"{ヤード}"},{"id":"campusLandmarkOnTheNearRight","rule":"{右の一番手前}"},{"id":"UnitMileSingular","rule":"{マイル}"},{"id":"UnitMileNeutral","rule":"{マイル}"},{"id":"UnitKilometerPlural","rule":"{km}"},{"id":"UnitMeterNeutral","rule":"{m}"},{"id":"UnitFootSingular","rule":"{フィート}"},{"id":"UnitFootPlural","rule":"{フィート}"},{"id":"UnitFootNeutral","rule":"{フィート}"},{"id":"UnitYardSingular","rule":"{ヤード}"},{"id":"DirectionTime","rule":"#ItemTime"},{"id":"UnitNauticalSingular","rule":"{海里}"},{"id":"UnitNauticalPlural","rule":"{海里}"},{"id":"UnitSecondSingular","rule":"{秒}"},{"id":"UnitSecondPlural","rule":"{秒}"},{"id":"UnitSecondNeutral","rule":"{秒}"},{"id":"StopSummary","rule":"{距離: } #StopLength"},{"id":"StopTimeWindow","rule":"{タイム ウィンドウ: } #StopTimeWindowStart { - } #StopTimeWindowEnd"},{"id":"StopStayTime","rule":"{サービス時間: } #StopStayTime"},{"id":"StopFullTime","rule":"#StopFullTime"},{"id":"campusDirectionWalk","rule":"{徒歩} ({ } #ItemLength) ({ ~ } #ItemTime)"},{"id":"DirectionLength","rule":"#ItemLength"},{"id":"DirectionETA","rule":"#ArriveTime"},{"id":"DirectionToward","rule":"#Destination"},{"id":"DirectionStreet","rule":"NAME"},{"id":"DirectionAltNames","rule":"ALT_NAME ({ / } ALT_NAME2)"},{"id":"DirectionAfterBreak","rule":"(#DepartTime { に}) NAME ({  (} ALT_NAME {) }) { に} {とどまる}"},{"id":"campusEventLandmarkManeuverGuidance","rule":"{交差点付近に } #FirstUpper(#LandmarkName) { がある}"},{"id":"campusEventLandmarkPassageVerification","rule":"(#LandmarkPosition {に位置する } ) #LandmarkName { を通過 }"}],"lookupMapping":[]}}}]}}