{"directions":{"settings":[{"style":{"id":"NA Campus","language":{"id":"ko","description":"한국어","strings":[{"id":"campusManeuverContinueHallway","rule":"(@@campusNames {(을)를 통해 }) #ContinueHallwayAction "},{"id":"campusTurnHallwayActionMakeSharpRight","rule":"{오른쪽으로 급회전합니다. }"},{"id":"campusTurnToHallwayActionKeepLeft","rule":"{좌측 통행합니다. }"},{"id":"campusTurnToHallwayActionContinue","rule":"{계속 이동합니다. }"},{"id":"campusManeuverHeader","rule":"(#StopName {에서 시작 })"},{"id":"campusEventRestrictionViolation","rule":"{제한 사항: } #Restriction"},{"id":"campusManeuverFooter","rule":"(#StopSide { }) (#StopName {에서 }) (#StopArrival({빨리 },{늦게 })) {마침 } "},{"id":"campusNames","rule":"NAME ({ (} ALT_NAME {)})"},{"id":"campusManeuverDepart","rule":"(#StopName { 출발 })"},{"id":"campusManeuverArrive","rule":"(#StopSide { }) (#StopName {에 }) (#StopArrival({빨리 },{늦게 })) {도착 } "},{"id":"campusTurnToHallwayActionBearRight","rule":"{비스듬히 오른쪽으로 이동합니다. }"},{"id":"campusManeuverDepartHallway","rule":"(@@campusNames {(을)를 통해 }) (#CrossNames { 방향으로 }) {직진합니다. } "},{"id":"campusBeforeElevationActionBearLeft","rule":"{비스듬히 왼쪽으로 이동합니다. }"},{"id":"campusManeuverContinueWalkway","rule":"(@@campusNames {로 }) #ContinueWalkwayAction "},{"id":"campusManeuverTurnHallway","rule":"(@@campusNames {(을)를 통해 }) #TurnHallwayAction "},{"id":"campusManeuverDepartWalkway","rule":"(@@campusNames {(을)를 따라  }) (#CrossNames { 방향으로 }) {직진합니다. }"},{"id":"campusManeuverArcTo","rule":"#Select((#ArcToAction ({ 그리고 } #Destination { 방향으로 이동합니다. })), {계속 직진합니다. })"},{"id":"campusEventLeaveBuilding","rule":"(#From(CROSSADMINBORDER)) { 출발 } "},{"id":"campusManeuverArcToHallway","rule":"#Select(@campusArcToHallway, @campusStraightToHallway)"},{"id":"campusArcToHallway","rule":"#ArcToHallwayAction (#Select(({ 그리고 } @@campusToNames {(을)를 통해 이동합니다. }), ({ 그리고 } #Destination { 방향으로 이동합니다. })))"},{"id":"UnitKilometerSingular","rule":"{킬로미터 }"},{"id":"campusTurnToHallwayActionContinueForward","rule":"{계속 직진합니다. }"},{"id":"campusTurnWalkwayActionTurnRight","rule":"{우회전합니다. }"},{"id":"campusStraightToHallway","rule":"@campusDestination (@@campusToNames {(을)를 통해 }) {계속 직진합니다. }"},{"id":"campusDestination","rule":"#Destination { 방향으로 } "},{"id":"campusTurnWalkwayActionMakeSharpRight","rule":"{급격히 오른쪽으로 이동합니다. }"},{"id":"campusManeuverTakeDoorToHallway","rule":"(#DoorSide) ({ } #Select(#Door(NAME), {문})) #TakeDoorToHallwayAction @@campusAndGoTrough"},{"id":"campusToNames","rule":" #To(NAME) ({ (} #To(ALT_NAME) {)})"},{"id":"campusManeuverArcToWalkway","rule":"#Select(@campusArcToWalkway, @campusStraightToWalkway)"},{"id":"campusArcToWalkway","rule":"#ArcToWalkwayAction (#Select(({ 그리고 } @@campusToNames {로 이동합니다. }), ({ 그리고 } #Destination { 방향으로 이동합니다. })))"},{"id":"campusStraightToWalkway","rule":"@campusDestination (@@campusToNames {로 }) {계속 직진합니다. } "},{"id":"campusManeuverTurnToHallway","rule":"#TurnToHallwayAction { 그리고 } (@@campusNames {(을)를 통해 }) @campusDestination {이동합니다. }"},{"id":"campusManeuverTurnToWalkway","rule":"#TurnToWalkwayAction ({ 그리고 } @@campusNames {(을)를 따라 }) @campusDestination {이동합니다. }"},{"id":"campusManeuverExit","rule":"{밖으로 나와 } (@@campusNames {(으)로 }) {계속 직진합니다. }"},{"id":"campusToWalkwayActionGoBack","rule":"{돌아갑니다. }"},{"id":"campusManeuverEnter","rule":"{안으로 들어가 } (@@campusNames {(을)를 통해 }) {계속 직진합니다. }"},{"id":"campusManeuverTurnWalkway","rule":"(@@campusNames {로 }) #TurnWalkwayAction "},{"id":"campusTurnWalkwayActionGo","rule":"{이동합니다. }"},{"id":"UnitMeterPlural","rule":"{미터 }"},{"id":"campusManeuverDoubleTurn","rule":"#FirstTurn(#FirstActionBearing) { 그리고 } #SecondTurn(#SecondActionBearing)"},{"id":"campusTurnHallwayActionContinueForward","rule":"{계속 직진합니다. }"},{"id":"campusManeuverElevation","rule":"@campusBeforeElevation (#To(TO_FLOOR_NAME) {까지 }) #ElevationName ({ } #ElevationCourse) {로 갑니다. }"},{"id":"campusBeforeElevation","rule":"#Select((#TurnActionBeforeElevation {그리고 }), { })"},{"id":"campusManeuverDoorToWalkway","rule":"({ } #Select(#Door(NAME), {문})) #DoorToWalkwayAction @@campusAndToWalkwayGoOn"},{"id":"campusEventEnterBuilding","rule":"(CROSSADMINBORDER { } ) {진입 } "},{"id":"campusManeuverDoor","rule":"({ } #Select(#Door(NAME), {문})) #DoorAction "},{"id":"campusTurnWalkwayActionKeepRight","rule":"{우측 통행합니다. }"},{"id":"campusFirstActionTurnLeft","rule":"@campusAtIntersectionNames (NAME {(으)로 }) {좌회전합니다. }"},{"id":"campusManeuverDoorTo","rule":"({ } #Select(#Door(NAME), {문})) #DoorToAction @campusAndToAction "},{"id":"campusAndToWalkwayGoOn","rule":"{그리고 } (@@campusNames {(을)를 따라 }) @campusDestination #ToWalkwayAction "},{"id":"campusAndToAction","rule":"{ 그리고 } #ToAction"},{"id":"campusManeuverDoorToHallway","rule":"({ } #Select(#Door(NAME), {문})) #DoorToHallwayAction @@campusAndToHallwayGoThroug"},{"id":"campusTurnWalkwayActionContinue","rule":"{계속 이동합니다. }"},{"id":"campusTurnHallwayActionTurnRight","rule":"{우회전합니다. }"},{"id":"campusElevationElevator","rule":"{엘레베이터를 타고 }"},{"id":"campusAndToHallwayGoThroug","rule":"{ 그리고 } (@@campusNames {(을)를 통해 }) @campusDestination #ToHallwayAction "},{"id":"campusManeuverTakeDoorToWalkway","rule":"(#DoorSide) ({ } #Select(#Door(NAME), {문})) #TakeDoorToWalkwayAction @@campusAndGoOn"},{"id":"campusTurnWalkwayActionContinueForward","rule":"{계속 직진합니다. }"},{"id":"DirectionCumulativeLength","rule":"#CumulativeDistance"},{"id":"campusAndGoOn","rule":"{ 그리고 } (@@campusNames {(을)를 따라 }) @campusDestination #GoToWalkwayAction "},{"id":"campusAndGoTrough","rule":"{ 그리고 } (@@campusNames {(을)를 통해 }) @campusDestination #GoToHallwayAction "},{"id":"campusTurnWalkwayActionBearRight","rule":"{비스듬히 오른쪽으로 이동합니다. }"},{"id":"campusManeuverTakeDoor","rule":"(#DoorSide) ({ } #Select(#Door(NAME), {문})) #TakeDoorAction "},{"id":"campusTurnHallwayActionKeepRight","rule":"{우측 통행합니다. }"},{"id":"campusTurnHallwayActionBearRight","rule":"{비스듬히 오른쪽으로 이동합니다. }"},{"id":"campusTurnToHallwayActionGo","rule":"{이동합니다. }"},{"id":"campusTurnHallwayActionMakeSharpLeft","rule":"{왼쪽으로 급회전합니다. }"},{"id":"campusTurnHallwayActionTurnLeft","rule":"{좌회전합니다. }"},{"id":"campusTurnHallwayActionBearLeft","rule":"{비스듬히 왼쪽으로 이동합니다. }"},{"id":"campusTurnWalkwayActionBearLeft","rule":"{비스듬히 왼쪽으로 이동합니다. }"},{"id":"campusTurnHallwayActionKeepLeft","rule":"{좌측 통행합니다. }"},{"id":"campusTurnHallwayActionContinue","rule":"{계속 이동합니다. }"},{"id":"campusTurnHallwayActionGo","rule":"{이동합니다. }"},{"id":"campusTurnWalkwayActionMakeSharpLeft","rule":"{급격히 왼쪽으로 이동합니다. }"},{"id":"DistanceShort","rule":"{< } #MinDistance(1) ({ } #DistanceUnits)"},{"id":"campusTurnWalkwayActionTurnLeft","rule":"{좌회전합니다. }"},{"id":"campusTurnWalkwayActionKeepLeft","rule":"{좌측 통행합니다. }"},{"id":"campusTurnToHallwayActionKeepRight","rule":"{우측 통행합니다. }"},{"id":"campusTurnToHallwayActionTurnRight","rule":"{우회전합니다. }"},{"id":"campusDoorToHallwayActionGoOutside","rule":"{을 통해 밖으로 나옵니다. }"},{"id":"campusTurnToHallwayActionMakeSharpRight","rule":"{급격히 오른쪽으로 이동합니다. }"},{"id":"campusTurnToHallwayActionMakeSharpLeft","rule":"{급격히 왼쪽으로 이동합니다. }"},{"id":"campusArcToWalkwayActionMakeSharpLeft","rule":"{급격히 왼쪽으로 이동합니다. }"},{"id":"campusDoorToWalkwayActionGoInside","rule":"{을 통해 안으로 들어갑니다. }"},{"id":"campusTurnToHallwayActionTurnLeft","rule":"{좌회전합니다. }"},{"id":"campusTurnToHallwayActionBearLeft","rule":"{비스듬히 왼쪽으로 이동합니다. }"},{"id":"campusTurnToWalkwayActionContinueForward","rule":"{계속 직진합니다. }"},{"id":"campusTurnToWalkwayActionKeepRight","rule":"{우측 통행합니다. }"},{"id":"campusArcToWalkwayActionMakeSharpRight","rule":"{급격히 오른쪽으로 이동합니다. }"},{"id":"campusTurnToWalkwayActionBearRight","rule":"{비스듬히 오른쪽으로 이동합니다. }"},{"id":"campusArcToHallwayActionMakeSharpLeft","rule":"{급격히 왼쪽으로 이동합니다. }"},{"id":"campusTurnToWalkwayActionTurnRight","rule":"{우회전합니다. }"},{"id":"campusTurnToWalkwayActionMakeSharpRight","rule":"{급격히 오른쪽으로 이동합니다. }"},{"id":"campusTurnToWalkwayActionMakeSharpLeft","rule":"{급격히 왼쪽으로 이동합니다. }"},{"id":"campusTurnToWalkwayActionTurnLeft","rule":"{좌회전합니다. }"},{"id":"campusDoorToHallwayActionGo","rule":"{을 통해 이동합니다. }"},{"id":"DirectionExitName","rule":"#SignpostExit"},{"id":"DirectionRestBreak","rule":"#ArriveTime ({-} #DepartTime) { 휴식}"},{"id":"campusTurnToWalkwayActionBearLeft","rule":"{비스듬히 왼쪽으로 이동합니다. }"},{"id":"campusArcToHallwayActionTurnLeft","rule":"{좌회전합니다. }"},{"id":"campusTurnToWalkwayActionKeepLeft","rule":"{좌측 통행합니다. }"},{"id":"campusTurnToWalkwayActionContinue","rule":"{계속 이동합니다. }"},{"id":"campusTurnToWalkwayActionGo","rule":"{이동합니다. }"},{"id":"campusStopSideLeft","rule":"{왼쪽, }"},{"id":"campusArcToHallwayActionKeepRight","rule":"{우측 통행합니다. }"},{"id":"campusArcToHallwayActionBearRight","rule":"{비스듬히 오른쪽으로 이동합니다. }"},{"id":"campusArcToHallwayActionTurnRight","rule":"{우회전합니다. }"},{"id":"campusArcToHallwayActionMakeSharpRight","rule":"{급격히 오른쪽으로 이동합니다. }"},{"id":"campusArcToHallwayActionBearLeft","rule":"{비스듬히 왼쪽으로 이동합니다. }"},{"id":"campusArcToHallwayActionKeepLeft","rule":"{좌측 통행합니다. }"},{"id":"campusArcToHallwayActionContinueForward","rule":"{계속 직진합니다. }"},{"id":"campusArcToWalkwayActionKeepRight","rule":"{우측 통행합니다. }"},{"id":"campusArcToWalkwayActionBearRight","rule":"{비스듬히 오른쪽으로 이동합니다. }"},{"id":"StopLength","rule":"#StopLength"},{"id":"campusArcToWalkwayActionTurnRight","rule":"{우회전합니다. }"},{"id":"campusArcToWalkwayActionTurnLeft","rule":"{좌회전합니다. }"},{"id":"campusArcToWalkwayActionBearLeft","rule":"{비스듬히 왼쪽으로 이동합니다. }"},{"id":"campusArcToWalkwayActionKeepLeft","rule":"{좌측 통행합니다. }"},{"id":"campusArcToWalkwayActionContinueForward","rule":"{계속 직진합니다. }"},{"id":"TimeShort","rule":"{< 1 분}"},{"id":"campusArcToActionKeepRight","rule":"{우측 통행합니다. }"},{"id":"campusArcToActionBearRight","rule":"{비스듬히 오른쪽으로 이동합니다. }"},{"id":"campusArcToActionTurnRight","rule":"{우회전합니다. }"},{"id":"campusArcToActionMakeSharpRight","rule":"{급격히 오른쪽으로 이동합니다. }"},{"id":"campusArcToActionMakeSharpLeft","rule":"{급격히 왼쪽으로 이동합니다. }"},{"id":"campusArcToActionTurnLeft","rule":"{좌회전합니다. }"},{"id":"campusArcToActionBearLeft","rule":"{비스듬히 왼쪽으로 이동합니다. }"},{"id":"DirectionCrossStreet","rule":"#CrossNames"},{"id":"campusArcToActionKeepLeft","rule":"{좌측 통행합니다. }"},{"id":"campusArcToActionContinueForward","rule":"{계속 직진합니다. }"},{"id":"campusFirstActionBearRight","rule":"@campusAtIntersectionNames (NAME {(으)로 }) {비스듬히 오른쪽으로 이동합니다. }"},{"id":"DistanceLong","rule":"#Distance(1) ({ } #DistanceUnits)"},{"id":"campusBeforeElevationActionBearRight","rule":"{비스듬히 오른쪽으로 이동합니다. }"},{"id":"DirectionDayEnd","rule":"(#ArriveTime { }) {일과 종료}"},{"id":"campusBeforeElevationActionTurnRight","rule":"{우회전합니다. }"},{"id":"campusBeforeElevationActionMakeSharpRight","rule":"{급격히 오른쪽으로 이동합니다. }"},{"id":"campusGoToHallwayActionGoBack","rule":"{돌아갑니다. }"},{"id":"campusBeforeElevationActionMakeSharpLeft","rule":"{급격히 왼쪽으로 이동합니다. }"},{"id":"campusBeforeElevationActionTurnLeft","rule":"{좌회전합니다. }"},{"id":"campusRightSide","rule":"{오른쪽}"},{"id":"campusLeftSide","rule":"{왼쪽}"},{"id":"campusAtIntersectionNames","rule":"#Intersection(NAME) ({ (} #Intersection(ALT_NAME) {)}) { 에서 }"},{"id":"UnitYardNeutral","rule":"{야드 }"},{"id":"campusFirstActionTurnRight","rule":"@campusAtIntersectionNames (NAME {(으)로 }) {우회전합니다. }"},{"id":"campusFirstActionMakeSharpRight","rule":"@campusAtIntersectionNames (NAME {(으)로 }) {급격히 오른쪽으로 이동합니다. }"},{"id":"campusFirstActionMakeSharpLeft","rule":"@campusAtIntersectionNames (NAME {(으)로 }) {급격히 왼쪽으로 이동합니다. }"},{"id":"campusFirstActionBearLeft","rule":"@campusAtIntersectionNames (NAME {(으)로 }) {비스듬히 왼쪽으로 이동합니다. } "},{"id":"campusFirstActionContinue","rule":"@campusAtIntersectionNames (NAME {(으)로 }) {계속 이동합니다. } "},{"id":"campusSecondActionBearRight","rule":"(NAME {(으)로 }) {바로 비스듬히 오른쪽으로 이동합니다. } "},{"id":"campusToWalkwayActionContinueForward","rule":"{계속 직진합니다. }"},{"id":"campusSecondActionTurnRight","rule":"(NAME {(으)로 }) {바로 우회전합니다. } "},{"id":"campusSecondActionMakeSharpRight","rule":"(NAME {(으)로 }) {바로 급격히 오른쪽으로 이동합니다. } "},{"id":"campusSecondActionMakeSharpLeft","rule":"(NAME {(으)로 }) {바로 급격히 왼쪽으로 이동합니다. } "},{"id":"campusSecondActionTurnLeft","rule":"(NAME {(으)로 }) {바로 좌회전합니다. } "},{"id":"campusSecondActionBearLeft","rule":"(NAME {(으)로 }) {바로 비스듬히 왼쪽으로 이동합니다. } "},{"id":"campusSecondActionContinue","rule":"(NAME {(으)로 }) {바로 계속 이동합니다. } "},{"id":"CumulativeDistanceLong","rule":"#Select(#Distance(1), {0}) ({ } #DistanceUnits)"},{"id":"campusContinueHallwayActionForward","rule":"{계속 직진합니다. }"},{"id":"campusContinueHallwayActionGoForward","rule":"{직진합니다. }"},{"id":"campusContinueHallwayActionGoBack","rule":"{돌아갑니다. }"},{"id":"campusContinueWalkwayActionForward","rule":"{계속 직진합니다. }"},{"id":"campusContinueWalkwayActionGoForward","rule":"{직진합니다. }"},{"id":"campusContinueWalkwayActionGoBack","rule":"{돌아갑니다. }"},{"id":"campusGoToHallwayActionContinueForward","rule":"{계속 직진합니다. }"},{"id":"campusGoToHallwayActionGoForward","rule":"{직진합니다. }"},{"id":"StopWaitTime","rule":"{대기 시간: } #StopWaitTime"},{"id":"campusGoToWalkwayActionContinueForward","rule":"{계속 직진합니다. }"},{"id":"campusGoToWalkwayActionGoForward","rule":"{직진합니다. }"},{"id":"campusGoToWalkwayActionGoBack","rule":"{돌아갑니다. }"},{"id":"campusToActionContinueForward","rule":"{계속 직진합니다. }"},{"id":"campusToActionGoForward","rule":"{직진합니다. }"},{"id":"campusToHallwayActionGoBack","rule":"{돌아갑니다. }"},{"id":"campusToActionGoBack","rule":"{돌아갑니다. }"},{"id":"campusToHallwayActionContinueForward","rule":"{계속 직진합니다. }"},{"id":"campusToHallwayActionGoForward","rule":"{직진합니다. }"},{"id":"UnitMeterSingular","rule":"{미터 }"},{"id":"campusToWalkwayActionGoForward","rule":"{직진합니다. }"},{"id":"campusElevationEscalator","rule":"{에스컬레이터를 타고 }"},{"id":"campusElevationStairs","rule":"{계단을 따라 }"},{"id":"campusElevationRamp","rule":"{경사로를 따라 }"},{"id":"campusElevationUp","rule":"{위}"},{"id":"StopViolationTime","rule":"{위반 시간: } #StopViolationTime"},{"id":"campusElevationDown","rule":"{아래}"},{"id":"UnitKilometerNeutral","rule":"{킬로미터 }"},{"id":"campusTakeDoorActionGoInside","rule":"{을 통해 안으로 들어갑니다. }"},{"id":"campusTakeDoorActionGoOutside","rule":"{을 통해 밖으로 나옵니다. }"},{"id":"campusTakeDoorToWalkwayActionGoInside","rule":"{을 통해 안으로 들어갑니다. }"},{"id":"campusTakeDoorActionGo","rule":"{을 통해 이동합니다. }"},{"id":"campusTakeDoorToHallwayActionGoInside","rule":"{을 통해 안으로 들어갑니다. }"},{"id":"campusTakeDoorToHallwayActionGoOutside","rule":"{을 통해 밖으로 나옵니다. }"},{"id":"campusTakeDoorToHallwayActionGo","rule":"{을 통해 이동합니다. }"},{"id":"campusTakeDoorToWalkwayActionGoOutside","rule":"{을 통해 밖으로 나옵니다. }"},{"id":"campusTakeDoorToWalkwayActionGo","rule":"{을 통해 이동합니다. }"},{"id":"campusDoorActionGoInside","rule":"{을 통해 안으로 들어갑니다. }"},{"id":"campusDoorActionGoOutside","rule":"{을 통해 밖으로 나옵니다. }"},{"id":"campusDoorActionGo","rule":"{을 통해 이동합니다. }"},{"id":"UnitNauticalNeutral","rule":"{해리 }"},{"id":"campusDoorToActionGoInside","rule":"{을 통해 안으로 들어갑니다. }"},{"id":"campusDoorToActionGoOutside","rule":"{을 통해 밖으로 나옵니다. }"},{"id":"campusDoorToActionGo","rule":"{을 통해 이동합니다. }"},{"id":"campusDoorToHallwayActionGoInside","rule":"{을 통해 안으로 들어갑니다. }"},{"id":"campusDoorToWalkwayActionGoOutside","rule":"{을 통해 밖으로 나옵니다. }"},{"id":"campusDoorToWalkwayActionGo","rule":"{을 통해 이동합니다. }"},{"id":"TimeLong","rule":"(#TotalHours(0) { 시간 }) (#RoundedMinutesOfHour(0) { 분 })"},{"id":"TravelTimeShort","rule":"{< 1 분}"},{"id":"UnitMilePlural","rule":"{마일 }"},{"id":"TravelTimeLong","rule":"(#Days(0) { 일 }) (#HoursOfDay(0) { 시간 }) (#RoundedMinutesOfHour(0) { 분 })"},{"id":"StopTimeShort","rule":"{< 1 분}"},{"id":"StopTimeLong","rule":"(#TotalHours(0) { 시간 }) (#RoundedMinutesOfHour(0) { 분})"},{"id":"TimeZoneChange","rule":"#Sign (#TotalHours(0) { 시간 }) (#RoundedMinutesOfHour(0) { 분 })"},{"id":"SignpostDestination","rule":"#String(0) ({ / } #String(1)) ({ / } #String(2)) ({ / } #String(3)) ({ / } #String(4))"},{"id":"campusStopSideRight","rule":"{오른쪽, }"},{"id":"CrossNames","rule":"#String(0) ({ / } #String(1))"},{"id":"campusLandmarkOnTheLeft","rule":"{왼쪽}"},{"id":"DirectionBranch","rule":"#Branch"},{"id":"campusLandmarkOnTheRight","rule":"{오른쪽}"},{"id":"campusLandmarkOnTheFarLeft","rule":"{왼쪽 멀리}"},{"id":"campusLandmarkOnTheFarRight","rule":"{오른쪽 멀리}"},{"id":"campusLandmarkOnTheNearLeft","rule":"{왼쪽 가까이}"},{"id":"UnitYardPlural","rule":"{야드 }"},{"id":"campusLandmarkOnTheNearRight","rule":"{오른쪽 가까이}"},{"id":"UnitMileSingular","rule":"{마일 }"},{"id":"UnitMileNeutral","rule":"{마일 }"},{"id":"UnitKilometerPlural","rule":"{킬로미터 }"},{"id":"UnitMeterNeutral","rule":"{미터 }"},{"id":"UnitFootSingular","rule":"{피트 }"},{"id":"UnitFootPlural","rule":"{피트 }"},{"id":"UnitFootNeutral","rule":"{피트 }"},{"id":"UnitYardSingular","rule":"{야드 }"},{"id":"DirectionTime","rule":"#ItemTime"},{"id":"UnitNauticalSingular","rule":"{해리 }"},{"id":"UnitNauticalPlural","rule":"{해리 }"},{"id":"UnitSecondSingular","rule":"{초 }"},{"id":"UnitSecondPlural","rule":"{초 }"},{"id":"UnitSecondNeutral","rule":"{초 }"},{"id":"StopSummary","rule":"{거리: } #StopLength"},{"id":"StopTimeWindow","rule":"{시간 창: } #StopTimeWindowStart { - } #StopTimeWindowEnd"},{"id":"StopStayTime","rule":"{서비스 시간: } #StopStayTime"},{"id":"StopFullTime","rule":"#StopFullTime"},{"id":"campusDirectionWalk","rule":"{도보} ({ } #ItemLength) ({ ~ } #ItemTime)"},{"id":"DirectionLength","rule":"#ItemLength"},{"id":"DirectionETA","rule":"#ArriveTime"},{"id":"DirectionToward","rule":"#Destination"},{"id":"DirectionStreet","rule":"NAME"},{"id":"DirectionAltNames","rule":"ALT_NAME ({ / } ALT_NAME2)"},{"id":"DirectionAfterBreak","rule":"(#DepartTime { }) NAME ({ (} ALT_NAME {)}) {로 계속 이동합니다. } "},{"id":"campusEventLandmarkManeuverGuidance","rule":"#LandmarkName {(은)는 교차로 근처에 있습니다. }"},{"id":"campusEventLandmarkPassageVerification","rule":"#LandmarkName {(을)를 지나갑니다. } (#LandmarkPosition {에 있습니다. })"}],"lookupMapping":[]}}}]}}