{"directions":{"settings":[{"style":{"id":"NA Campus","language":{"id":"lt","description":"Lietuvių","strings":[{"id":"campusManeuverContinueHallway","rule":"#ContinueHallwayAction ({ per } @@campusNames)"},{"id":"campusTurnHallwayActionMakeSharpRight","rule":"{Staigus posūkis į dešinę}"},{"id":"campusTurnToHallwayActionKeepLeft","rule":"{Likti kairėje}"},{"id":"campusTurnToHallwayActionContinue","rule":"{Tęsti toliau}"},{"id":"campusManeuverHeader","rule":"{Išvykti} ({ iš } #StopName)"},{"id":"campusEventRestrictionViolation","rule":"{Apribojimas: } #Restriction"},{"id":"campusManeuverFooter","rule":"{Atvykti} ({ } #StopArrival({per anksti},{per vėlai})) ({ į } #StopName) (#StopSide)"},{"id":"campusNames","rule":"NAME ({ (} ALT_NAME {)})"},{"id":"campusManeuverDepart","rule":"{Išvykti} ({ iš } #StopName)"},{"id":"campusManeuverArrive","rule":"{Atvykti} ({ } #StopArrival({per anksti},{per vėlai})) ({ į } #StopName) (#StopSide)"},{"id":"campusTurnToHallwayActionBearRight","rule":"{Laikytis dešinės}"},{"id":"campusManeuverDepartHallway","rule":"{Eiti pirmyn} ({ per } @@campusNames) ({ link } #CrossNames)"},{"id":"campusBeforeElevationActionBearLeft","rule":"{Likti kairėje}"},{"id":"campusManeuverContinueWalkway","rule":"#ContinueWalkwayAction ({ } @@campusNames)"},{"id":"campusManeuverTurnHallway","rule":"#TurnHallwayAction ({ per } @@campusNames)"},{"id":"campusManeuverDepartWalkway","rule":"{Eiti pirmyn} ({ } @@campusNames) ({ link } #CrossNames)"},{"id":"campusManeuverArcTo","rule":"#Select((#ArcToAction ({ ir vykti link } #Destination)), {Tęsti kelionę pirmyn})"},{"id":"campusEventLeaveBuilding","rule":"{Išeinate} ({ } #From(CROSSADMINBORDER))"},{"id":"campusManeuverArcToHallway","rule":"#FirstUpper(#Select(@campusArcToHallway, @campusStraightToHallway))"},{"id":"campusArcToHallway","rule":"#ArcToHallwayAction (#Select(({ ir eiti per } @@campusToNames), ({ ir eiti pirmyn } #Destination)))"},{"id":"UnitKilometerSingular","rule":"{km}"},{"id":"campusTurnToHallwayActionContinueForward","rule":"{Eiti pirmyn}"},{"id":"campusTurnWalkwayActionTurnRight","rule":"{Pasukti į dešinę}"},{"id":"campusStraightToHallway","rule":"{tęsti toliau pirmyn} ({ per } @@campusToNames) @campusDestination"},{"id":"campusDestination","rule":"{ link } #Destination"},{"id":"campusTurnWalkwayActionMakeSharpRight","rule":"{Staigus posūkis į dešinę}"},{"id":"campusManeuverTakeDoorToHallway","rule":"#TakeDoorToHallwayAction ({ } #Select(#Door(NAME), {durys})) ({ } #DoorSide) @@campusAndGoTrough"},{"id":"campusToNames","rule":" #To(NAME) ({ (} #To(ALT_NAME) {)})"},{"id":"campusManeuverArcToWalkway","rule":"#FirstUpper(#Select(@campusArcToWalkway, @campusStraightToWalkway))"},{"id":"campusArcToWalkway","rule":"#ArcToWalkwayAction (#Select(({ ir toliau eiti } @@campusToNames), ({ ir eiti link } #Destination)))"},{"id":"campusStraightToWalkway","rule":"{tęsti ėjimą pirmyn} ({ } @@campusToNames) @campusDestination"},{"id":"campusManeuverTurnToHallway","rule":"#TurnToHallwayAction ({ ir eiti per } @@campusNames) @campusDestination"},{"id":"campusManeuverTurnToWalkway","rule":"#TurnToWalkwayAction ({ ir toliau eiti } @@campusNames) @campusDestination"},{"id":"campusManeuverExit","rule":"{Išeiti ir tęsti toliau pirmyn} ({ } @@campusNames)"},{"id":"campusToWalkwayActionGoBack","rule":"{eiti atgal}"},{"id":"campusManeuverEnter","rule":"{Įeiti į vidų ir toliau eiti pirmyn} ({ per } @@campusNames)"},{"id":"campusManeuverTurnWalkway","rule":"#TurnWalkwayAction ({ } @@campusNames)"},{"id":"campusTurnWalkwayActionGo","rule":"{Eiti}"},{"id":"UnitMeterPlural","rule":"{m}"},{"id":"campusManeuverDoubleTurn","rule":"#FirstTurn(#FirstActionBearing) { ir } #SecondTurn(#SecondActionBearing)"},{"id":"campusTurnHallwayActionContinueForward","rule":"{Eiti toliau}"},{"id":"campusManeuverElevation","rule":"@campusBeforeElevation #ElevationName ({ } #ElevationCourse) ({ į aukštą } #To(TO_FLOOR_NAME))"},{"id":"campusBeforeElevation","rule":"#Select((#TurnActionBeforeElevation { ir }), { })"},{"id":"campusManeuverDoorToWalkway","rule":"#DoorToWalkwayAction ({ } #Select(#Door(NAME), {durys})) @@campusAndToWalkwayGoOn"},{"id":"campusEventEnterBuilding","rule":"{Įeinate} ({ } CROSSADMINBORDER)"},{"id":"campusManeuverDoor","rule":"#DoorAction ({ } #Select(#Door(NAME), {duris}))"},{"id":"campusTurnWalkwayActionKeepRight","rule":"{Likti dešinėje}"},{"id":"campusFirstActionTurnLeft","rule":"{Pasukti į kairę} @campusAtIntersectionNames ({ į } NAME)"},{"id":"campusManeuverDoorTo","rule":"#DoorToAction ({ } #Select(#Door(NAME), {duris})) @campusAndToAction"},{"id":"campusAndToWalkwayGoOn","rule":"{ ir } #ToWalkwayAction ({ ant } @@campusNames) @campusDestination"},{"id":"campusAndToAction","rule":"{ ir } #ToAction"},{"id":"campusManeuverDoorToHallway","rule":"#DoorToHallwayAction ({ } #Select(#Door(NAME), {duris})) @@campusAndToHallwayGoThroug"},{"id":"campusTurnWalkwayActionContinue","rule":"{Eiti toliau}"},{"id":"campusTurnHallwayActionTurnRight","rule":"{Pasukti į dešinę}"},{"id":"campusElevationElevator","rule":"{liftas}"},{"id":"campusAndToHallwayGoThroug","rule":"{ ir } #ToHallwayAction ({ per } @@campusNames) @campusDestination"},{"id":"campusManeuverTakeDoorToWalkway","rule":"#TakeDoorToWalkwayAction ({ } #Select(#Door(NAME), {durys})) ({ } #DoorSide) @@campusAndGoOn"},{"id":"campusTurnWalkwayActionContinueForward","rule":"{Tęsti toliau pirmyn}"},{"id":"DirectionCumulativeLength","rule":"#CumulativeDistance"},{"id":"campusAndGoOn","rule":"{ ir } #GoToWalkwayAction ({ } @@campusNames) @campusDestination"},{"id":"campusAndGoTrough","rule":"{ ir } #GoToHallwayAction ({ per } @@campusNames) @campusDestination"},{"id":"campusTurnWalkwayActionBearRight","rule":"{Laikytis dešinės}"},{"id":"campusManeuverTakeDoor","rule":"#TakeDoorAction ({ } #Select(#Door(NAME), {įėjimas})) ({ } #DoorSide)"},{"id":"campusTurnHallwayActionKeepRight","rule":"{Likti dešinėje}"},{"id":"campusTurnHallwayActionBearRight","rule":"{Laikytis dešinės}"},{"id":"campusTurnToHallwayActionGo","rule":"{Eiti}"},{"id":"campusTurnHallwayActionMakeSharpLeft","rule":"{Staigus posūkis į kairę}"},{"id":"campusTurnHallwayActionTurnLeft","rule":"{Pasukti į kairę}"},{"id":"campusTurnHallwayActionBearLeft","rule":"{Laikytis kairės}"},{"id":"campusTurnWalkwayActionBearLeft","rule":"{Laikytis kairės}"},{"id":"campusTurnHallwayActionKeepLeft","rule":"{Likti kairėje}"},{"id":"campusTurnHallwayActionContinue","rule":"{Eiti toliau}"},{"id":"campusTurnHallwayActionGo","rule":"{Eiti}"},{"id":"campusTurnWalkwayActionMakeSharpLeft","rule":"{Staigus posūkis į kairę}"},{"id":"DistanceShort","rule":"{< } #MinDistance(1) ({ } #DistanceUnits)"},{"id":"campusTurnWalkwayActionTurnLeft","rule":"{Pasukti į kairę}"},{"id":"campusTurnWalkwayActionKeepLeft","rule":"{Likti kairėje}"},{"id":"campusTurnToHallwayActionKeepRight","rule":"{Likti dešinėje}"},{"id":"campusTurnToHallwayActionTurnRight","rule":"{Pasukti į dešinę}"},{"id":"campusDoorToHallwayActionGoOutside","rule":"{Išeiti per}"},{"id":"campusTurnToHallwayActionMakeSharpRight","rule":"{Staigus posūkis į dešinę}"},{"id":"campusTurnToHallwayActionMakeSharpLeft","rule":"{Staigus posūkis į kairę}"},{"id":"campusArcToWalkwayActionMakeSharpLeft","rule":"{staigus posūkis į kairę}"},{"id":"campusDoorToWalkwayActionGoInside","rule":"{Įeiti per}"},{"id":"campusTurnToHallwayActionTurnLeft","rule":"{Pasukti į kairę}"},{"id":"campusTurnToHallwayActionBearLeft","rule":"{Laikytis kairės}"},{"id":"campusTurnToWalkwayActionContinueForward","rule":"{Tęsti ėjimą pirmyn}"},{"id":"campusTurnToWalkwayActionKeepRight","rule":"{Likti dešinėje}"},{"id":"campusArcToWalkwayActionMakeSharpRight","rule":"{staigus posūkis į dešinę}"},{"id":"campusTurnToWalkwayActionBearRight","rule":"{Laikytis dešinės}"},{"id":"campusArcToHallwayActionMakeSharpLeft","rule":"{staigus posūkis į kairę}"},{"id":"campusTurnToWalkwayActionTurnRight","rule":"{Pasukti į dešinę}"},{"id":"campusTurnToWalkwayActionMakeSharpRight","rule":"{Staigus posūkis į dešinę}"},{"id":"campusTurnToWalkwayActionMakeSharpLeft","rule":"{Staigus posūkis į kairę}"},{"id":"campusTurnToWalkwayActionTurnLeft","rule":"{Pasukti į kairę}"},{"id":"campusDoorToHallwayActionGo","rule":"{Eiti per}"},{"id":"DirectionExitName","rule":"#SignpostExit"},{"id":"DirectionRestBreak","rule":"#ArriveTime ({-} #DepartTime) { Poilsio pertrauka}"},{"id":"campusTurnToWalkwayActionBearLeft","rule":"{Laikytis kairės}"},{"id":"campusArcToHallwayActionTurnLeft","rule":"{pasukti į kairę}"},{"id":"campusTurnToWalkwayActionKeepLeft","rule":"{Likti kairėje}"},{"id":"campusTurnToWalkwayActionContinue","rule":"{Tęsti ėjimą}"},{"id":"Names","rule":"NAME ({ (} ALT_NAME {)})"},{"id":"campusTurnToWalkwayActionGo","rule":"{Eiti}"},{"id":"campusStopSideLeft","rule":"{, kairėje pusėje}"},{"id":"campusArcToHallwayActionKeepRight","rule":"{likti dešinėje}"},{"id":"campusArcToHallwayActionBearRight","rule":"{laikytis dešinės}"},{"id":"campusArcToHallwayActionTurnRight","rule":"{pasukti į dešinę}"},{"id":"campusArcToHallwayActionMakeSharpRight","rule":"{staigus posūkis į dešinę}"},{"id":"campusArcToHallwayActionBearLeft","rule":"{laikytis kairės}"},{"id":"campusArcToHallwayActionKeepLeft","rule":"{likti kairėje}"},{"id":"campusArcToHallwayActionContinueForward","rule":"{tęsti toliau pirmyn}"},{"id":"campusArcToWalkwayActionKeepRight","rule":"{likti dešinėje}"},{"id":"campusArcToWalkwayActionBearRight","rule":"{laikytis dešinės}"},{"id":"StopLength","rule":"#StopLength"},{"id":"campusArcToWalkwayActionTurnRight","rule":"{pasukti į dešinę}"},{"id":"campusArcToWalkwayActionTurnLeft","rule":"{pasukti į kairę}"},{"id":"campusArcToWalkwayActionBearLeft","rule":"{laikytis kairės}"},{"id":"campusArcToWalkwayActionKeepLeft","rule":"{likti kairėje}"},{"id":"campusArcToWalkwayActionContinueForward","rule":"{tęsti ėjimą pirmyn}"},{"id":"TimeShort","rule":"{< 1 min.}"},{"id":"campusArcToActionKeepRight","rule":"{Likti dešinėje}"},{"id":"campusArcToActionBearRight","rule":"{Laikytis dešinės}"},{"id":"campusArcToActionTurnRight","rule":"{Pasukti į dešinę}"},{"id":"campusArcToActionMakeSharpRight","rule":"{Staigus posūkis į dešinę}"},{"id":"campusArcToActionMakeSharpLeft","rule":"{Staigus posūkis į kairę}"},{"id":"campusArcToActionTurnLeft","rule":"{Pasukti į kairę}"},{"id":"campusArcToActionBearLeft","rule":"{Laikytis kairės}"},{"id":"DirectionCrossStreet","rule":"#CrossNames"},{"id":"campusArcToActionKeepLeft","rule":"{Likti kairėje}"},{"id":"campusArcToActionContinueForward","rule":"{Tęsti toliau pirmyn}"},{"id":"campusFirstActionBearRight","rule":"{Laikytis dešinės} @campusAtIntersectionNames ({ į } NAME)"},{"id":"DistanceLong","rule":"#Distance(1) ({ } #DistanceUnits)"},{"id":"campusBeforeElevationActionBearRight","rule":"{Laikytis dešinės}"},{"id":"DirectionDayEnd","rule":"(#ArriveTime { }) {Dienos pabaiga}"},{"id":"campusBeforeElevationActionTurnRight","rule":"{Pasukti į dešinę}"},{"id":"campusBeforeElevationActionMakeSharpRight","rule":"{Staigus posūkis į dešinę}"},{"id":"campusGoToHallwayActionGoBack","rule":"{grįžti atgal}"},{"id":"campusBeforeElevationActionMakeSharpLeft","rule":"{Staigus posūkis į kairę}"},{"id":"campusBeforeElevationActionTurnLeft","rule":"{Pasukti į kairę}"},{"id":"campusRightSide","rule":"{dešinėje}"},{"id":"campusLeftSide","rule":"{kairėje}"},{"id":"campusAtIntersectionNames","rule":"{ ties } #Intersection(NAME) ({ (} #Intersection(ALT_NAME) {)})"},{"id":"UnitYardNeutral","rule":"{jard.}"},{"id":"campusFirstActionTurnRight","rule":"{Pasukti į dešinę} @campusAtIntersectionNames ({ į } NAME)"},{"id":"campusFirstActionMakeSharpRight","rule":"{Staigus posūkis į dešinę} @campusAtIntersectionNames ({ į } NAME)"},{"id":"campusFirstActionMakeSharpLeft","rule":"{Staigus posūkis į kairę} @campusAtIntersectionNames ({ į } NAME)"},{"id":"campusFirstActionBearLeft","rule":"{Laikytis kairės} @campusAtIntersectionNames ({ į } NAME)"},{"id":"campusFirstActionContinue","rule":"{Tęsti toliau} @campusAtIntersectionNames ({ į } NAME)"},{"id":"campusSecondActionBearRight","rule":"{iškart laikytis kairės} ({ į } NAME)"},{"id":"campusToWalkwayActionContinueForward","rule":"{tęsti ėjimą pirmyn}"},{"id":"campusSecondActionTurnRight","rule":"{iškart pasukti į dešinę} ({ į } NAME)"},{"id":"campusSecondActionMakeSharpRight","rule":"{iškart staigus posūkis į dešinę} ({ į } NAME)"},{"id":"campusSecondActionMakeSharpLeft","rule":"{iškart staigus posūkis į kairę} ({ į } NAME)"},{"id":"campusSecondActionTurnLeft","rule":"{iškart pasukti į kairę} ({ į } NAME)"},{"id":"campusSecondActionBearLeft","rule":"{iškart laikytis kairės} ({ į } NAME)"},{"id":"campusSecondActionContinue","rule":"{iškart tęsti toliau} ({ į } NAME)"},{"id":"CumulativeDistanceLong","rule":"#Select(#Distance(1), {0}) ({ } #DistanceUnits)"},{"id":"campusContinueHallwayActionForward","rule":"{Eiti pirmyn}"},{"id":"campusContinueHallwayActionGoForward","rule":"{Eiti pirmyn}"},{"id":"campusContinueHallwayActionGoBack","rule":"{Grįžti atgal}"},{"id":"campusContinueWalkwayActionForward","rule":"{Eiti pirmyn}"},{"id":"campusContinueWalkwayActionGoForward","rule":"{Eiti pirmyn}"},{"id":"campusContinueWalkwayActionGoBack","rule":"{Grįžti atgal}"},{"id":"campusGoToHallwayActionContinueForward","rule":"{tęsti toliau pirmyn}"},{"id":"campusGoToHallwayActionGoForward","rule":"{eiti pirmyn}"},{"id":"StopWaitTime","rule":"{Laukimo laikas: } #StopWaitTime"},{"id":"campusGoToWalkwayActionContinueForward","rule":"{tęsti ėjimą pirmyn}"},{"id":"campusGoToWalkwayActionGoForward","rule":"{eiti pirmyn}"},{"id":"campusGoToWalkwayActionGoBack","rule":"{eiti atgal}"},{"id":"campusToActionContinueForward","rule":"{tęsti ėjimą pirmyn}"},{"id":"campusToActionGoForward","rule":"{eiti pirmyn}"},{"id":"campusToHallwayActionGoBack","rule":"{eiti atgal}"},{"id":"campusToActionGoBack","rule":"{eiti atgal}"},{"id":"campusToHallwayActionContinueForward","rule":"{tęsti ėjimą pirmyn}"},{"id":"campusToHallwayActionGoForward","rule":"{eiti pirmyn}"},{"id":"UnitMeterSingular","rule":"{m}"},{"id":"campusToWalkwayActionGoForward","rule":"{eiti pirmyn}"},{"id":"campusElevationEscalator","rule":"{eskalatorius}"},{"id":"campusElevationStairs","rule":"{laiptai}"},{"id":"campusElevationRamp","rule":"{rampa}"},{"id":"campusElevationUp","rule":"{aukštyn}"},{"id":"StopViolationTime","rule":"{Grafiko pažeidimų laikas: } #StopViolationTime"},{"id":"campusElevationDown","rule":"{žemyn}"},{"id":"UnitKilometerNeutral","rule":"{km}"},{"id":"campusTakeDoorActionGoInside","rule":"{Įeiti per}"},{"id":"campusTakeDoorActionGoOutside","rule":"{Išeiti per}"},{"id":"campusTakeDoorToWalkwayActionGoInside","rule":"{Įeiti per}"},{"id":"campusTakeDoorActionGo","rule":"{Eiti per}"},{"id":"campusTakeDoorToHallwayActionGoInside","rule":"{Įeiti per}"},{"id":"campusTakeDoorToHallwayActionGoOutside","rule":"{Išeiti per}"},{"id":"campusTakeDoorToHallwayActionGo","rule":"{Eiti per}"},{"id":"campusTakeDoorToWalkwayActionGoOutside","rule":"{Išeiti per}"},{"id":"campusTakeDoorToWalkwayActionGo","rule":"{Eiti per}"},{"id":"campusDoorActionGoInside","rule":"{Įeiti per}"},{"id":"campusDoorActionGoOutside","rule":"{Išeiti per}"},{"id":"campusDoorActionGo","rule":"{Eiti per}"},{"id":"UnitNauticalNeutral","rule":"{jmyl.}"},{"id":"campusDoorToActionGoInside","rule":"{Įeiti per}"},{"id":"campusDoorToActionGoOutside","rule":"{Išeiti per}"},{"id":"campusDoorToActionGo","rule":"{Eiti per}"},{"id":"campusDoorToHallwayActionGoInside","rule":"{Įeiti per}"},{"id":"campusDoorToWalkwayActionGoOutside","rule":"{Išeiti per}"},{"id":"campusDoorToWalkwayActionGo","rule":"{Eiti per}"},{"id":"TimeLong","rule":"(#TotalHours(0) { val. }) (#RoundedMinutesOfHour(0) { min.})"},{"id":"TravelTimeShort","rule":"{< 1 min.}"},{"id":"UnitMilePlural","rule":"{myl.}"},{"id":"TravelTimeLong","rule":"(#Days(0) { d. }) (#HoursOfDay(0) { val. }) (#RoundedMinutesOfHour(0) { min.})"},{"id":"StopTimeShort","rule":"{< 1 min.}"},{"id":"StopTimeLong","rule":"(#TotalHours(0) { val. }) (#RoundedMinutesOfHour(0) { min.})"},{"id":"TimeZoneChange","rule":"#Sign (#TotalHours(0) { val. }) (#RoundedMinutesOfHour(0) { min.})"},{"id":"SignpostDestination","rule":"#String(0) ({ / } #String(1)) ({ / } #String(2)) ({ / } #String(3)) ({ / } #String(4))"},{"id":"campusStopSideRight","rule":"{, dešinėje pusėje}"},{"id":"CrossNames","rule":"#String(0) ({ / } #String(1))"},{"id":"campusLandmarkOnTheLeft","rule":"{kairėje}"},{"id":"DirectionBranch","rule":"#Branch"},{"id":"campusLandmarkOnTheRight","rule":"{dešinėje}"},{"id":"campusLandmarkOnTheFarLeft","rule":"{tolėliau kairėje}"},{"id":"campusLandmarkOnTheFarRight","rule":"{tolėliau dešinėje}"},{"id":"campusLandmarkOnTheNearLeft","rule":"{netoli kairėje}"},{"id":"UnitYardPlural","rule":"{jard.}"},{"id":"campusLandmarkOnTheNearRight","rule":"{netoli dešinėje}"},{"id":"UnitMileSingular","rule":"{myl.}"},{"id":"UnitMileNeutral","rule":"{myl.}"},{"id":"UnitKilometerPlural","rule":"{km}"},{"id":"UnitMeterNeutral","rule":"{m}"},{"id":"UnitFootSingular","rule":"{pėd.}"},{"id":"UnitFootPlural","rule":"{pėd.}"},{"id":"UnitFootNeutral","rule":"{pėd.}"},{"id":"UnitYardSingular","rule":"{jard.}"},{"id":"DirectionTime","rule":"#ItemTime"},{"id":"UnitNauticalSingular","rule":"{jmyl.}"},{"id":"UnitNauticalPlural","rule":"{jmyl.}"},{"id":"UnitSecondSingular","rule":"{s}"},{"id":"UnitSecondPlural","rule":"{s}"},{"id":"UnitSecondNeutral","rule":"{s}"},{"id":"StopSummary","rule":"{Atstumas: } #StopLength"},{"id":"StopTimeWindow","rule":"{Atvykimo laiko intervalas: } #StopTimeWindowStart { - } #StopTimeWindowEnd"},{"id":"StopStayTime","rule":"{Aptarnavimo laikas: } #StopStayTime"},{"id":"StopFullTime","rule":"#StopFullTime"},{"id":"campusDirectionWalk","rule":"{Eiti} ({ } #ItemLength) ({ ~ } #ItemTime)"},{"id":"DirectionLength","rule":"#ItemLength"},{"id":"DirectionETA","rule":"#ArriveTime"},{"id":"DirectionToward","rule":"#Destination"},{"id":"DirectionStreet","rule":"NAME"},{"id":"DirectionAltNames","rule":"ALT_NAME ({ / } ALT_NAME2)"},{"id":"DirectionAfterBreak","rule":"(#DepartTime { }) {Likti} { } @@Names"},{"id":"campusEventLandmarkManeuverGuidance","rule":"#FirstUpper(#LandmarkName) { netoli suskirtimo}"},{"id":"campusEventLandmarkPassageVerification","rule":"{Tęskite kelionę pro } #LandmarkName ({. Tai bus } #LandmarkPosition)"}],"lookupMapping":[]}}}]}}