{"directions":{"settings":[{"style":{"id":"NA Campus","language":{"id":"lv","description":"Latviešu valoda","strings":[{"id":"campusManeuverContinueHallway","rule":"#ContinueHallwayAction ({ caur } @@campusNames)"},{"id":"campusTurnHallwayActionMakeSharpRight","rule":"{Straujš pagrieziens pa labi}"},{"id":"campusTurnToHallwayActionKeepLeft","rule":"{Turēties pa kreisi}"},{"id":"campusTurnToHallwayActionContinue","rule":"{Turpināt}"},{"id":"campusManeuverHeader","rule":"{Sākt} ({ at } #StopName)"},{"id":"campusEventRestrictionViolation","rule":"{Ierobežojums: } #Restriction"},{"id":"campusManeuverFooter","rule":"{Beigt} ({ } #StopArrival({ātrāk},{vēlāk})) ({ pie } #StopName) (#StopSide)"},{"id":"campusNames","rule":"NAME ({ (} ALT_NAME {)})"},{"id":"campusManeuverDepart","rule":"{Atiet} ({ } #StopName)"},{"id":"campusManeuverArrive","rule":"{Ierodas} ({ } #StopArrival({ātrāk},{vēlāk})) ({ pie } #StopName) (#StopSide)"},{"id":"campusTurnToHallwayActionBearRight","rule":"{Lēnām pagriezties pa labi}"},{"id":"campusManeuverDepartHallway","rule":"{Doties uz priekšu} ({ caur } @@campusNames) ({ pretī } #CrossNames)"},{"id":"campusBeforeElevationActionBearLeft","rule":"{Lēnām pagriezties pa kreisi}"},{"id":"campusManeuverContinueWalkway","rule":"#ContinueWalkwayAction ({ uz } @@campusNames)"},{"id":"campusManeuverTurnHallway","rule":"#TurnHallwayAction ({ caur } @@campusNames)"},{"id":"campusManeuverDepartWalkway","rule":"{Doties uz priekšu} ({ uz } @@campusNames) ({ pretī } #CrossNames)"},{"id":"campusManeuverArcTo","rule":"#Select((#ArcToAction ({ un doties pretī } #Destination)), {Turpināt uz priekšu})"},{"id":"campusEventLeaveBuilding","rule":"{Aizejot} ({ } #From(CROSSADMINBORDER))"},{"id":"campusManeuverArcToHallway","rule":"#FirstUpper(#Select(@campusArcToHallway, @campusStraightToHallway))"},{"id":"campusArcToHallway","rule":"#ArcToHallwayAction (#Select(({ un doties caur } @@campusToNames), ({ un doties pretī} #Destination)))"},{"id":"UnitKilometerSingular","rule":"{km}"},{"id":"campusTurnToHallwayActionContinueForward","rule":"{Turpināt uz priekšu}"},{"id":"campusTurnWalkwayActionTurnRight","rule":"{Pagriezties pa labi}"},{"id":"campusStraightToHallway","rule":"{turpināt uz priekšu} ({ caur } @@campusToNames) @campusDestination"},{"id":"campusDestination","rule":"{ pretī } #Destination"},{"id":"campusTurnWalkwayActionMakeSharpRight","rule":"{Straujš pagrieziens pa labi}"},{"id":"campusManeuverTakeDoorToHallway","rule":"#TakeDoorToHallwayAction ({ } #Select(#Door(NAME), {durvis})) ({  } #DoorSide) @@campusAndGoTrough"},{"id":"campusToNames","rule":" #To(NAME) ({ (} #To(ALT_NAME) {)})"},{"id":"campusManeuverArcToWalkway","rule":"#FirstUpper(#Select(@campusArcToWalkway, @campusStraightToWalkway))"},{"id":"campusArcToWalkway","rule":"#ArcToWalkwayAction (#Select(({ un doties uz } @@campusToNames), ({ un doties pretī } #Destination)))"},{"id":"campusStraightToWalkway","rule":"{turpināt pretī} ({ uz } @@campusToNames) @campusDestination"},{"id":"campusManeuverTurnToHallway","rule":"#TurnToHallwayAction ({ un doties caur } @@campusNames) @campusDestination"},{"id":"campusManeuverTurnToWalkway","rule":"#TurnToWalkwayAction ({ un doties uz } @@campusNames) @campusDestination"},{"id":"campusManeuverExit","rule":"{Dodaties ārā un turpiniet uz priekšu} ({ uz } @@campusNames)"},{"id":"campusToWalkwayActionGoBack","rule":"{dodaties atpakaļ}"},{"id":"campusManeuverEnter","rule":"{Dodaties iekšā un turpiniet uz priekšu} ({ caur } @@campusNames)"},{"id":"campusManeuverTurnWalkway","rule":"#TurnWalkwayAction ({ uz } @@campusNames)"},{"id":"campusTurnWalkwayActionGo","rule":"{Doties}"},{"id":"UnitMeterPlural","rule":"{m}"},{"id":"campusManeuverDoubleTurn","rule":"#FirstTurn(#FirstActionBearing) { un } #SecondTurn(#SecondActionBearing)"},{"id":"campusTurnHallwayActionContinueForward","rule":"{Turpināt uz priekšu}"},{"id":"campusManeuverElevation","rule":"@campusBeforeElevation #ElevationName ({ } #ElevationCourse) ({ uz līmeni } #To(TO_FLOOR_NAME))"},{"id":"campusBeforeElevation","rule":"#Select((#TurnActionBeforeElevation { un ieņemt }), {Ieņemt })"},{"id":"campusManeuverDoorToWalkway","rule":"#DoorToWalkwayAction ({ } #Select(#Door(NAME), {durvis})) @@campusAndToWalkwayGoOn"},{"id":"campusEventEnterBuilding","rule":"{Ienākot} ({ } CROSSADMINBORDER)"},{"id":"campusManeuverDoor","rule":"#DoorAction ({ } #Select(#Door(NAME), {durvis}))"},{"id":"campusTurnWalkwayActionKeepRight","rule":"{Turēties pa labi}"},{"id":"campusFirstActionTurnLeft","rule":"{Pagrieziens pa kreisi} @campusAtIntersectionNames ({ uz } NAME)"},{"id":"campusManeuverDoorTo","rule":"#DoorToAction ({ } #Select(#Door(NAME), {durvis})) @campusAndToAction"},{"id":"campusAndToWalkwayGoOn","rule":"{ un } #ToWalkwayAction ({ uz } @@campusNames) @campusDestination"},{"id":"campusAndToAction","rule":"{ un } #ToAction"},{"id":"campusManeuverDoorToHallway","rule":"#DoorToHallwayAction ({ } #Select(#Door(NAME), {durvis})) @@campusAndToHallwayGoThroug"},{"id":"campusTurnWalkwayActionContinue","rule":"{Turpināt}"},{"id":"campusTurnHallwayActionTurnRight","rule":"{Pagrieziens pa labi}"},{"id":"campusElevationElevator","rule":"{lifts}"},{"id":"campusAndToHallwayGoThroug","rule":"{ un } #ToHallwayAction ({ caur } @@campusNames) @campusDestination"},{"id":"campusManeuverTakeDoorToWalkway","rule":"#TakeDoorToWalkwayAction ({ } #Select(#Door(NAME), {durvis})) ({  } #DoorSide) @@campusAndGoOn"},{"id":"campusTurnWalkwayActionContinueForward","rule":"{Turpināt uz priekšu}"},{"id":"DirectionCumulativeLength","rule":"#CumulativeDistance"},{"id":"campusAndGoOn","rule":"{ un } #GoToWalkwayAction ({ uz } @@campusNames) @campusDestination"},{"id":"campusAndGoTrough","rule":"{ un } #GoToHallwayAction ({ caur } @@campusNames) @campusDestination"},{"id":"campusTurnWalkwayActionBearRight","rule":"{Lēnām pagriezties pa labi}"},{"id":"campusManeuverTakeDoor","rule":"#TakeDoorAction ({ } #Select(#Door(NAME), {durvis})) ({  } #DoorSide)"},{"id":"campusTurnHallwayActionKeepRight","rule":"{Turēties pa labi}"},{"id":"campusTurnHallwayActionBearRight","rule":"{Lēnām pagriezties pa labi}"},{"id":"campusTurnToHallwayActionGo","rule":"{Doties}"},{"id":"campusTurnHallwayActionMakeSharpLeft","rule":"{Straujš pagrieziens pa kreisi}"},{"id":"campusTurnHallwayActionTurnLeft","rule":"{Pagrieziens pa kreisi}"},{"id":"campusTurnHallwayActionBearLeft","rule":"{Lēnām pagriezities pa kreisi}"},{"id":"campusTurnWalkwayActionBearLeft","rule":"{Lēnām pagriezities pa kreisi}"},{"id":"campusTurnHallwayActionKeepLeft","rule":"{Turēties pa kreisi}"},{"id":"campusTurnHallwayActionContinue","rule":"{Turpināt}"},{"id":"campusTurnHallwayActionGo","rule":"{Doties}"},{"id":"campusTurnWalkwayActionMakeSharpLeft","rule":"{Straujš pagrieziens pa kreisi}"},{"id":"DistanceShort","rule":"{< } #MinDistance(1) ({ } #DistanceUnits)"},{"id":"campusTurnWalkwayActionTurnLeft","rule":"{Pagrieziens pa kreisi}"},{"id":"campusTurnWalkwayActionKeepLeft","rule":"{Turēties pa kreisi}"},{"id":"campusTurnToHallwayActionKeepRight","rule":"{Turēties pa labi}"},{"id":"campusTurnToHallwayActionTurnRight","rule":"{Pagrieziens pa labi}"},{"id":"campusDoorToHallwayActionGoOutside","rule":"{Dodaties ārā caur}"},{"id":"campusTurnToHallwayActionMakeSharpRight","rule":"{Straujš pagrieziens pa labi}"},{"id":"campusTurnToHallwayActionMakeSharpLeft","rule":"{Straujš pagrieziens pa kreisi}"},{"id":"campusArcToWalkwayActionMakeSharpLeft","rule":"{straujš pagrieziens pa kreisi}"},{"id":"campusDoorToWalkwayActionGoInside","rule":"{Dodaties iekšā caur}"},{"id":"campusTurnToHallwayActionTurnLeft","rule":"{Pagrieziens pa kreisi}"},{"id":"campusTurnToHallwayActionBearLeft","rule":"{Lēnām pagriezties pa kreisi}"},{"id":"campusTurnToWalkwayActionContinueForward","rule":"{Turpināt uz priekšu}"},{"id":"campusTurnToWalkwayActionKeepRight","rule":"{Turēties pa labi}"},{"id":"campusArcToWalkwayActionMakeSharpRight","rule":"{straujš pagrieziens pa labi}"},{"id":"campusTurnToWalkwayActionBearRight","rule":"{Lēnām pagriezties pa labi}"},{"id":"campusArcToHallwayActionMakeSharpLeft","rule":"{straujš pagrieziens pa kreisi}"},{"id":"campusTurnToWalkwayActionTurnRight","rule":"{Pagrieziens pa labi}"},{"id":"campusTurnToWalkwayActionMakeSharpRight","rule":"{Straujš pagrieziens pa labi}"},{"id":"campusTurnToWalkwayActionMakeSharpLeft","rule":"{Straujš pagrieziens pa kreisi}"},{"id":"campusTurnToWalkwayActionTurnLeft","rule":"{Pagrieziens pa kreisi}"},{"id":"campusDoorToHallwayActionGo","rule":"{Dodaties caur}"},{"id":"DirectionExitName","rule":"#SignpostExit"},{"id":"DirectionRestBreak","rule":"#ArriveTime ({-} #DepartTime) { Atpūtas pārtraukums}"},{"id":"campusTurnToWalkwayActionBearLeft","rule":"{Lēnām pagriezties pa kreisi}"},{"id":"campusArcToHallwayActionTurnLeft","rule":"{pagrieziens pa kreisi}"},{"id":"campusTurnToWalkwayActionKeepLeft","rule":"{Turēties pa kreisi}"},{"id":"campusTurnToWalkwayActionContinue","rule":"{Turpināt}"},{"id":"Names","rule":"NAME ({ (} ALT_NAME {)})"},{"id":"campusTurnToWalkwayActionGo","rule":"{Doties}"},{"id":"campusStopSideLeft","rule":"{, pa kreisi}"},{"id":"campusArcToHallwayActionKeepRight","rule":"{turēties pa labi}"},{"id":"campusArcToHallwayActionBearRight","rule":"{lēnām pagrieztie spa labi}"},{"id":"campusArcToHallwayActionTurnRight","rule":"{pagrieziens pa labi}"},{"id":"campusArcToHallwayActionMakeSharpRight","rule":"{straujš pagrieziens pa labi}"},{"id":"campusArcToHallwayActionBearLeft","rule":"{lēnām pagriezties pa kreisi}"},{"id":"campusArcToHallwayActionKeepLeft","rule":"{turēties pa kreisi}"},{"id":"campusArcToHallwayActionContinueForward","rule":"{turpināt uz priekšu}"},{"id":"campusArcToWalkwayActionKeepRight","rule":"{turēties pa labi}"},{"id":"campusArcToWalkwayActionBearRight","rule":"{lēnām pagriezties pa labi}"},{"id":"StopLength","rule":"#StopLength"},{"id":"campusArcToWalkwayActionTurnRight","rule":"{pagrieziens pa labi}"},{"id":"campusArcToWalkwayActionTurnLeft","rule":"{pagrieziens pa kreisi}"},{"id":"campusArcToWalkwayActionBearLeft","rule":"{lenām pagriezties pa kreisi}"},{"id":"campusArcToWalkwayActionKeepLeft","rule":"{turēties pa kreisi}"},{"id":"campusArcToWalkwayActionContinueForward","rule":"{turpināt pretī}"},{"id":"TimeShort","rule":"{< 1 min}"},{"id":"campusArcToActionKeepRight","rule":"{Turēties pa labi}"},{"id":"campusArcToActionBearRight","rule":"{Lēnām pagriezties pa labi}"},{"id":"campusArcToActionTurnRight","rule":"{Pagrieziens pa labi}"},{"id":"campusArcToActionMakeSharpRight","rule":"{Straujš pagrieziens pa labi}"},{"id":"campusArcToActionMakeSharpLeft","rule":"{Sraujš pagrieziens pa kreisi}"},{"id":"campusArcToActionTurnLeft","rule":"{Pagrieziens pa kreisi}"},{"id":"campusArcToActionBearLeft","rule":"{Lēnām pagriezties pa kreisi}"},{"id":"DirectionCrossStreet","rule":"#CrossNames"},{"id":"campusArcToActionKeepLeft","rule":"{Turēties pa kreisi}"},{"id":"campusArcToActionContinueForward","rule":"{Turpināt uz priekšu}"},{"id":"campusFirstActionBearRight","rule":"{Lēnām pagriezties pa labi} @campusAtIntersectionNames ({ uz } NAME)"},{"id":"DistanceLong","rule":"#Distance(1) ({ } #DistanceUnits)"},{"id":"campusBeforeElevationActionBearRight","rule":"{Lēnām pagriezties pa labi}"},{"id":"DirectionDayEnd","rule":"(#ArriveTime { }) {Dienas beigas}"},{"id":"campusBeforeElevationActionTurnRight","rule":"{Pagrieziens pa labi}"},{"id":"campusBeforeElevationActionMakeSharpRight","rule":"{Straujš pagrieziens pa labi}"},{"id":"campusGoToHallwayActionGoBack","rule":"{dodaties atpakaļ}"},{"id":"campusBeforeElevationActionMakeSharpLeft","rule":"{Straujš pagrieziens pa kreisi}"},{"id":"campusBeforeElevationActionTurnLeft","rule":"{Pagrieziens pa kreisi}"},{"id":"campusRightSide","rule":"{pa labi}"},{"id":"campusLeftSide","rule":"{pa kreisi}"},{"id":"campusAtIntersectionNames","rule":"{ pie } #Intersection(NAME) ({ (} #Intersection(ALT_NAME) {)})"},{"id":"UnitYardNeutral","rule":"{jardi}"},{"id":"campusFirstActionTurnRight","rule":"{Pagrieziens pa labi} @campusAtIntersectionNames ({ uz } NAME)"},{"id":"campusFirstActionMakeSharpRight","rule":"{Straujš pagrieziens pa labi} @campusAtIntersectionNames ({ uz } NAME)"},{"id":"campusFirstActionMakeSharpLeft","rule":"{Straujš pagrieziens pa kreisi} @campusAtIntersectionNames ({ uz } NAME)"},{"id":"campusFirstActionBearLeft","rule":"{Lēnām pagriezties pa kreisi} @campusAtIntersectionNames ({ uz } NAME)"},{"id":"campusFirstActionContinue","rule":"{Turpināt} @campusAtIntersectionNames ({ uz } NAME)"},{"id":"campusSecondActionBearRight","rule":"{uzreiz lēnām pagriezties pa labi} ({ uz } NAME)"},{"id":"campusToWalkwayActionContinueForward","rule":"{turpiniet uz priekšu}"},{"id":"campusSecondActionTurnRight","rule":"{uzreiz pagrieziens pa labi} ({ uz } NAME)"},{"id":"campusSecondActionMakeSharpRight","rule":"{uzreiz straujš pagrieziens pa labi} ({ uz } NAME)"},{"id":"campusSecondActionMakeSharpLeft","rule":"{uzreiz straujš pagrieziens pa kreisi} ({ uz } NAME)"},{"id":"campusSecondActionTurnLeft","rule":"{uzreiz pagrieziens pa kreisi} ({ uz } NAME)"},{"id":"campusSecondActionBearLeft","rule":"{uzreiz lēnām pagriezties pa kreisi} ({ uz } NAME)"},{"id":"campusSecondActionContinue","rule":"{uzreiz turpināt} ({ uz } NAME)"},{"id":"CumulativeDistanceLong","rule":"#Select(#Distance(1), {0}) ({ } #DistanceUnits)"},{"id":"campusContinueHallwayActionForward","rule":"{Turpināt uz priekšu}"},{"id":"campusContinueHallwayActionGoForward","rule":"{Doties uz priekšu}"},{"id":"campusContinueHallwayActionGoBack","rule":"{Doties atpakaļ}"},{"id":"campusContinueWalkwayActionForward","rule":"{turpināt uz priekšu}"},{"id":"campusContinueWalkwayActionGoForward","rule":"{Doties uz priekšu}"},{"id":"campusContinueWalkwayActionGoBack","rule":"{Doties atpakaļ}"},{"id":"campusGoToHallwayActionContinueForward","rule":"{turpiniet uz priekšu}"},{"id":"campusGoToHallwayActionGoForward","rule":"{dodaties uz priekšu}"},{"id":"StopWaitTime","rule":"{Gaidīšanas laiks: } #StopWaitTime"},{"id":"campusGoToWalkwayActionContinueForward","rule":"{turpiniet uz priekšu}"},{"id":"campusGoToWalkwayActionGoForward","rule":"{dodaties uz priekšu}"},{"id":"campusGoToWalkwayActionGoBack","rule":"{dodaties atpakaļ}"},{"id":"campusToActionContinueForward","rule":"{turpiniet uz priekšu}"},{"id":"campusToActionGoForward","rule":"{dodaties uz priekšu}"},{"id":"campusToHallwayActionGoBack","rule":"{dodaties atpakaļ}"},{"id":"campusToActionGoBack","rule":"{dodaties atpakaļ}"},{"id":"campusToHallwayActionContinueForward","rule":"{turpiniet uz priekšu}"},{"id":"campusToHallwayActionGoForward","rule":"{dodaties uz priekšu}"},{"id":"UnitMeterSingular","rule":"{m}"},{"id":"campusToWalkwayActionGoForward","rule":"{dodaties uz priekšu}"},{"id":"campusElevationEscalator","rule":"{eskalators}"},{"id":"campusElevationStairs","rule":"{trepes}"},{"id":"campusElevationRamp","rule":"{rampa}"},{"id":"campusElevationUp","rule":"{uz augšu}"},{"id":"StopViolationTime","rule":"{Laika pārsniegšana: } #StopViolationTime"},{"id":"campusElevationDown","rule":"{uz leju}"},{"id":"UnitKilometerNeutral","rule":"{km}"},{"id":"campusTakeDoorActionGoInside","rule":"{Dodaties iekšā caur}"},{"id":"campusTakeDoorActionGoOutside","rule":"{Dodaties ārā caur}"},{"id":"campusTakeDoorToWalkwayActionGoInside","rule":"{Dodaties iekšā caur}"},{"id":"campusTakeDoorActionGo","rule":"{Dodaties caur}"},{"id":"campusTakeDoorToHallwayActionGoInside","rule":"{Dodaties iekšā caur}"},{"id":"campusTakeDoorToHallwayActionGoOutside","rule":"{Dodaties ārā caur}"},{"id":"campusTakeDoorToHallwayActionGo","rule":"{Dodaties caur}"},{"id":"campusTakeDoorToWalkwayActionGoOutside","rule":"{Dodaties ārā caur}"},{"id":"campusTakeDoorToWalkwayActionGo","rule":"{Dodaties caur}"},{"id":"campusDoorActionGoInside","rule":"{Dodaties iekšā caur}"},{"id":"campusDoorActionGoOutside","rule":"{Dodaties ārā caur}"},{"id":"campusDoorActionGo","rule":"{Dodaties caur}"},{"id":"UnitNauticalNeutral","rule":"{jūras jūdzes}"},{"id":"campusDoorToActionGoInside","rule":"{Dodaties iekšā caur}"},{"id":"campusDoorToActionGoOutside","rule":"{Dodaties ārā caur}"},{"id":"campusDoorToActionGo","rule":"{Dodaties caur}"},{"id":"campusDoorToHallwayActionGoInside","rule":"{Dodaties iekšā caur}"},{"id":"campusDoorToWalkwayActionGoOutside","rule":"{Dodaties ārā caur}"},{"id":"campusDoorToWalkwayActionGo","rule":"{Dodaties caur}"},{"id":"TimeLong","rule":"(#TotalHours(0) { st. }) (#RoundedMinutesOfHour(0) { min})"},{"id":"TravelTimeShort","rule":"{< 1 min}"},{"id":"UnitMilePlural","rule":"{jūdzes}"},{"id":"TravelTimeLong","rule":"(#Days(0) { d }) (#HoursOfDay(0) { st. }) (#RoundedMinutesOfHour(0) { min})"},{"id":"StopTimeShort","rule":"{< 1 min}"},{"id":"StopTimeLong","rule":"(#TotalHours(0) { st. }) (#RoundedMinutesOfHour(0) { min})"},{"id":"TimeZoneChange","rule":"#Sign (#TotalHours(0) { st. }) (#RoundedMinutesOfHour(0) { min})"},{"id":"SignpostDestination","rule":"#String(0) ({ / } #String(1)) ({ / } #String(2)) ({ / } #String(3)) ({ / } #String(4))"},{"id":"campusStopSideRight","rule":"{, pa labi}"},{"id":"CrossNames","rule":"#String(0) ({ / } #String(1))"},{"id":"campusLandmarkOnTheLeft","rule":"{pa kreisi}"},{"id":"DirectionBranch","rule":"#Branch"},{"id":"campusLandmarkOnTheRight","rule":"{pa labi}"},{"id":"campusLandmarkOnTheFarLeft","rule":"{tālu pa kreisi}"},{"id":"campusLandmarkOnTheFarRight","rule":"{tālu pa labi}"},{"id":"campusLandmarkOnTheNearLeft","rule":"{tuvu pa kreisi}"},{"id":"UnitYardPlural","rule":"{jardi}"},{"id":"campusLandmarkOnTheNearRight","rule":"{tuvu pa labi}"},{"id":"UnitMileSingular","rule":"{jūdze}"},{"id":"UnitMileNeutral","rule":"{jūdzes}"},{"id":"UnitKilometerPlural","rule":"{km}"},{"id":"UnitMeterNeutral","rule":"{m}"},{"id":"UnitFootSingular","rule":"{pēda}"},{"id":"UnitFootPlural","rule":"{pēdas}"},{"id":"UnitFootNeutral","rule":"{pēdas}"},{"id":"UnitYardSingular","rule":"{jards}"},{"id":"DirectionTime","rule":"#ItemTime"},{"id":"UnitNauticalSingular","rule":"{jūras jūdze}"},{"id":"UnitNauticalPlural","rule":"{jūras jūdzes}"},{"id":"UnitSecondSingular","rule":"{sek}"},{"id":"UnitSecondPlural","rule":"{sek}"},{"id":"UnitSecondNeutral","rule":"{sek}"},{"id":"StopSummary","rule":"{Distance: } #StopLength"},{"id":"StopTimeWindow","rule":"{Laika logs: } #StopTimeWindowStart { - } #StopTimeWindowEnd"},{"id":"StopStayTime","rule":"{Apkalpošanas laiks: } #StopStayTime"},{"id":"StopFullTime","rule":"#StopFullTime"},{"id":"campusDirectionWalk","rule":"{Iet} ({ } #ItemLength) ({ ~ } #ItemTime)"},{"id":"DirectionLength","rule":"#ItemLength"},{"id":"DirectionETA","rule":"#ArriveTime"},{"id":"DirectionToward","rule":"#Destination"},{"id":"DirectionStreet","rule":"NAME"},{"id":"DirectionAltNames","rule":"ALT_NAME ({ / } ALT_NAME2)"},{"id":"DirectionAfterBreak","rule":"(#DepartTime { }) {Palikt} { uz } @@Names"},{"id":"campusEventLandmarkManeuverGuidance","rule":"#FirstUpper(#LandmarkName) { atrodas blakus krustojumam}"},{"id":"campusEventLandmarkPassageVerification","rule":"{Dodieties garām } #LandmarkName ({. Tas atradīsies } #LandmarkPosition)"}],"lookupMapping":[]}}}]}}