{"directions":{"settings":[{"style":{"id":"NA Campus","language":{"id":"nl","description":"Nederlands","strings":[{"id":"campusManeuverContinueHallway","rule":"#ContinueHallwayAction ({ door } @@campusNames)"},{"id":"campusTurnHallwayActionMakeSharpRight","rule":"{Ga scherp rechts}"},{"id":"campusTurnToHallwayActionKeepLeft","rule":"{Houd links aan}"},{"id":"campusTurnToHallwayActionContinue","rule":"{Vervolg uw weg}"},{"id":"campusManeuverHeader","rule":"{U vertrekt} ({ vanaf } #StopName)"},{"id":"campusEventRestrictionViolation","rule":"{Restrictie: } #Restriction"},{"id":"campusManeuverFooter","rule":"{U arriveert} ({ } #StopArrival({vroeg},{laat})) ({ op } #StopName) (#StopSide)"},{"id":"campusNames","rule":"NAME ({ (} ALT_NAME {)})"},{"id":"campusManeuverDepart","rule":"{U vertrekt} ({ } #StopName)"},{"id":"campusManeuverArrive","rule":"{U arriveert} ({ } #StopArrival({vroeg},{laat})) ({ op } #StopName) (#StopSide)"},{"id":"campusTurnToHallwayActionBearRight","rule":"{Houd rechts aan}"},{"id":"campusManeuverDepartHallway","rule":"{Ga rechtdoor} ({ door } @@campusNames) ({ richting } #CrossNames)"},{"id":"campusBeforeElevationActionBearLeft","rule":"{Houd links aan}"},{"id":"campusManeuverContinueWalkway","rule":"#ContinueWalkwayAction ({ naar } @@campusNames)"},{"id":"campusManeuverTurnHallway","rule":"#TurnHallwayAction ({ door } @@campusNames)"},{"id":"campusManeuverDepartWalkway","rule":"{Ga rechtdoor} ({ naar } @@campusNames) ({ richting } #CrossNames)"},{"id":"campusManeuverArcTo","rule":"#Select((#ArcToAction ({ en ga richting } #Destination)), {Vervolg uw weg rechtdoor})"},{"id":"campusEventLeaveBuilding","rule":"{Verlaat} ({ } #From(CROSSADMINBORDER))"},{"id":"campusManeuverArcToHallway","rule":"#FirstUpper(#Select(@campusArcToHallway, @campusStraightToHallway))"},{"id":"campusArcToHallway","rule":"#ArcToHallwayAction (#Select(({ en ga door } @@campusToNames), ({ en ga richting } #Destination)))"},{"id":"UnitKilometerSingular","rule":"{km}"},{"id":"campusTurnToHallwayActionContinueForward","rule":"{Vervolg uw weg rechtdoor}"},{"id":"campusTurnWalkwayActionTurnRight","rule":"{Sla rechtsaf}"},{"id":"campusStraightToHallway","rule":"{vervolg uw weg rechtdoor} ({ door } @@campusToNames) @campusDestination"},{"id":"campusDestination","rule":"{ richting } #Destination"},{"id":"campusTurnWalkwayActionMakeSharpRight","rule":"{Ga scherp rechts}"},{"id":"campusManeuverTakeDoorToHallway","rule":"#TakeDoorToHallwayAction ({ } #Select(#Door(NAME), {de deur})) ({ aan de } #DoorSide) @@campusAndGoTrough"},{"id":"campusToNames","rule":" #To(NAME) ({ (} #To(ALT_NAME) {)})"},{"id":"campusManeuverArcToWalkway","rule":"#FirstUpper(#Select(@campusArcToWalkway, @campusStraightToWalkway))"},{"id":"campusArcToWalkway","rule":"#ArcToWalkwayAction (#Select(({ en ga naar } @@campusToNames), ({ en ga richting } #Destination)))"},{"id":"campusStraightToWalkway","rule":"{vervolg uw weg rechtdoor} ({ naar } @@campusToNames) @campusDestination"},{"id":"campusManeuverTurnToHallway","rule":"#TurnToHallwayAction ({ en ga door } @@campusNames) @campusDestination"},{"id":"campusManeuverTurnToWalkway","rule":"#TurnToWalkwayAction ({ en ga naar } @@campusNames) @campusDestination"},{"id":"campusManeuverExit","rule":"{Ga naar buiten en vervolg uw weg rechtdoor} ({ naar } @@campusNames)"},{"id":"campusToWalkwayActionGoBack","rule":"{ga terug}"},{"id":"campusManeuverEnter","rule":"{Ga naar binnen en vervolg uw weg rechtdoor} ({ door } @@campusNames)"},{"id":"campusManeuverTurnWalkway","rule":"#TurnWalkwayAction ({ naar } @@campusNames)"},{"id":"campusTurnWalkwayActionGo","rule":"{Ga}"},{"id":"UnitMeterPlural","rule":"{m}"},{"id":"campusManeuverDoubleTurn","rule":"#FirstTurn(#FirstActionBearing) { en } #SecondTurn(#SecondActionBearing)"},{"id":"campusTurnHallwayActionContinueForward","rule":"{Vervolg uw weg rechtdoor}"},{"id":"campusManeuverElevation","rule":"@campusBeforeElevation #ElevationName ({ } #ElevationCourse) ({ naar verdieping } #To(TO_FLOOR_NAME))"},{"id":"campusBeforeElevation","rule":"#Select((#TurnActionBeforeElevation { en neem de }), {Neem de })"},{"id":"campusManeuverDoorToWalkway","rule":"#DoorToWalkwayAction ({ } #Select(#Door(NAME), {de deur})) @@campusAndToWalkwayGoOn"},{"id":"campusEventEnterBuilding","rule":"{Betreed} ({ } CROSSADMINBORDER)"},{"id":"campusManeuverDoor","rule":"#DoorAction ({ } #Select(#Door(NAME), {de deur}))"},{"id":"campusTurnWalkwayActionKeepRight","rule":"{Houd rechts aan}"},{"id":"campusFirstActionTurnLeft","rule":"{Sla linksaf} @campusAtIntersectionNames ({ in } NAME)"},{"id":"campusManeuverDoorTo","rule":"#DoorToAction ({ } #Select(#Door(NAME), {de deur})) @campusAndToAction"},{"id":"campusAndToWalkwayGoOn","rule":"{ en } #ToWalkwayAction ({ naar } @@campusNames) @campusDestination"},{"id":"campusAndToAction","rule":"{ en } #ToAction"},{"id":"campusManeuverDoorToHallway","rule":"#DoorToHallwayAction ({ } #Select(#Door(NAME), {de deur})) @@campusAndToHallwayGoThroug"},{"id":"campusTurnWalkwayActionContinue","rule":"{Vervolg uw weg}"},{"id":"campusTurnHallwayActionTurnRight","rule":"{Sla rechtsaf}"},{"id":"campusElevationElevator","rule":"{lift}"},{"id":"campusAndToHallwayGoThroug","rule":"{ en } #ToHallwayAction ({ door } @@campusNames) @campusDestination"},{"id":"campusManeuverTakeDoorToWalkway","rule":"#TakeDoorToWalkwayAction ({ } #Select(#Door(NAME), {de deur})) ({ aan de } #DoorSide) @@campusAndGoOn"},{"id":"campusTurnWalkwayActionContinueForward","rule":"{Vervolg uw weg}"},{"id":"DirectionCumulativeLength","rule":"#CumulativeDistance"},{"id":"campusAndGoOn","rule":"{ en } #GoToWalkwayAction ({ naar } @@campusNames) @campusDestination"},{"id":"campusAndGoTrough","rule":"{ en } #GoToHallwayAction ({ door } @@campusNames) @campusDestination"},{"id":"campusTurnWalkwayActionBearRight","rule":"{Houd rechts aan}"},{"id":"campusManeuverTakeDoor","rule":"#TakeDoorAction ({ } #Select(#Door(NAME), {de deur})) ({ aan de } #DoorSide)"},{"id":"campusTurnHallwayActionKeepRight","rule":"{Houd rechts aan}"},{"id":"campusTurnHallwayActionBearRight","rule":"{Houd rechts aan}"},{"id":"campusTurnToHallwayActionGo","rule":"{Ga}"},{"id":"campusTurnHallwayActionMakeSharpLeft","rule":"{Ga scherp links}"},{"id":"campusTurnHallwayActionTurnLeft","rule":"{Sla linksaf}"},{"id":"campusTurnHallwayActionBearLeft","rule":"{Houd links aan}"},{"id":"campusTurnWalkwayActionBearLeft","rule":"{Houd links aan}"},{"id":"campusTurnHallwayActionKeepLeft","rule":"{Houd links aan}"},{"id":"campusTurnHallwayActionContinue","rule":"{Vervolg uw weg}"},{"id":"campusTurnHallwayActionGo","rule":"{Ga}"},{"id":"campusTurnWalkwayActionMakeSharpLeft","rule":"{Ga scherp links}"},{"id":"DistanceShort","rule":"{< } #MinDistance(1) ({ } #DistanceUnits)"},{"id":"campusTurnWalkwayActionTurnLeft","rule":"{Sla linksaf}"},{"id":"campusTurnWalkwayActionKeepLeft","rule":"{Houd links aan}"},{"id":"campusTurnToHallwayActionKeepRight","rule":"{Houd rechts aan}"},{"id":"campusTurnToHallwayActionTurnRight","rule":"{Sla rechtsaf}"},{"id":"campusDoorToHallwayActionGoOutside","rule":"{Ga naar buiten door}"},{"id":"campusTurnToHallwayActionMakeSharpRight","rule":"{Ga scherp rechts}"},{"id":"campusTurnToHallwayActionMakeSharpLeft","rule":"{Ga scherp links}"},{"id":"campusArcToWalkwayActionMakeSharpLeft","rule":"{ga scherp links}"},{"id":"campusDoorToWalkwayActionGoInside","rule":"{Ga naar binnen door}"},{"id":"campusTurnToHallwayActionTurnLeft","rule":"{Sla linksaf}"},{"id":"campusTurnToHallwayActionBearLeft","rule":"{Houd links aan}"},{"id":"campusTurnToWalkwayActionContinueForward","rule":"{Vervolg uw weg rechtdoor}"},{"id":"campusTurnToWalkwayActionKeepRight","rule":"{Houd rechts aan}"},{"id":"campusArcToWalkwayActionMakeSharpRight","rule":"{ga scherp rechts}"},{"id":"campusTurnToWalkwayActionBearRight","rule":"{Houd rechts aan}"},{"id":"campusArcToHallwayActionMakeSharpLeft","rule":"{ga scherp links}"},{"id":"campusTurnToWalkwayActionTurnRight","rule":"{Sla rechtsaf}"},{"id":"campusTurnToWalkwayActionMakeSharpRight","rule":"{Ga scherp rechts}"},{"id":"campusTurnToWalkwayActionMakeSharpLeft","rule":"{Ga scherp links}"},{"id":"campusTurnToWalkwayActionTurnLeft","rule":"{Sla linksaf}"},{"id":"campusDoorToHallwayActionGo","rule":"{Ga door}"},{"id":"DirectionExitName","rule":"#SignpostExit"},{"id":"DirectionRestBreak","rule":"#ArriveTime ({-} #DepartTime) { Rustpauze}"},{"id":"campusTurnToWalkwayActionBearLeft","rule":"{Houd links aan}"},{"id":"campusArcToHallwayActionTurnLeft","rule":"{sla linksaf}"},{"id":"campusTurnToWalkwayActionKeepLeft","rule":"{Houd links aan}"},{"id":"campusTurnToWalkwayActionContinue","rule":"{Vervolg uw weg}"},{"id":"campusTurnToWalkwayActionGo","rule":"{Ga}"},{"id":"campusStopSideLeft","rule":"{, de bestemming vindt u aan uw rechterhand}"},{"id":"campusArcToHallwayActionKeepRight","rule":"{houd rechts aan}"},{"id":"campusArcToHallwayActionBearRight","rule":"{houd rechts aan}"},{"id":"campusArcToHallwayActionTurnRight","rule":"{sla rechtsaf}"},{"id":"campusArcToHallwayActionMakeSharpRight","rule":"{ga scherp rechts}"},{"id":"campusArcToHallwayActionBearLeft","rule":"{houd links aan}"},{"id":"campusArcToHallwayActionKeepLeft","rule":"{houd links aan}"},{"id":"campusArcToHallwayActionContinueForward","rule":"{vervolg uw weg rechtdoor}"},{"id":"campusArcToWalkwayActionKeepRight","rule":"{houd rechts aan}"},{"id":"campusArcToWalkwayActionBearRight","rule":"{houd rechts aan}"},{"id":"StopLength","rule":"#StopLength"},{"id":"campusArcToWalkwayActionTurnRight","rule":"{sla rechtsaf}"},{"id":"campusArcToWalkwayActionTurnLeft","rule":"{sla linksaf}"},{"id":"campusArcToWalkwayActionBearLeft","rule":"{houd links aan}"},{"id":"campusArcToWalkwayActionKeepLeft","rule":"{houd links aan}"},{"id":"campusArcToWalkwayActionContinueForward","rule":"{vervolg uw weg rechtdoor}"},{"id":"TimeShort","rule":"{< 1 min}"},{"id":"campusArcToActionKeepRight","rule":"{Houd rechts aan}"},{"id":"campusArcToActionBearRight","rule":"{Houd rechts aan}"},{"id":"campusArcToActionTurnRight","rule":"{Sla rechtsaf}"},{"id":"campusArcToActionMakeSharpRight","rule":"{Ga scherp rechts}"},{"id":"campusArcToActionMakeSharpLeft","rule":"{Ga scherp links}"},{"id":"campusArcToActionTurnLeft","rule":"{Sla linksaf}"},{"id":"campusArcToActionBearLeft","rule":"{Houd links aan}"},{"id":"DirectionCrossStreet","rule":"#CrossNames"},{"id":"campusArcToActionKeepLeft","rule":"{Houd links aan}"},{"id":"campusArcToActionContinueForward","rule":"{Vervolg uw weg rechtdoor}"},{"id":"campusFirstActionBearRight","rule":"{Houd rechts aan} @campusAtIntersectionNames ({ in } NAME)"},{"id":"DistanceLong","rule":"#Distance(1) ({ } #DistanceUnits)"},{"id":"campusBeforeElevationActionBearRight","rule":"{Houd rechts aan}"},{"id":"DirectionDayEnd","rule":"(#ArriveTime { }) {Einde van de dag}"},{"id":"campusBeforeElevationActionTurnRight","rule":"{Sla rechtsaf}"},{"id":"campusBeforeElevationActionMakeSharpRight","rule":"{Ga scherp rechts}"},{"id":"campusGoToHallwayActionGoBack","rule":"{ga terug}"},{"id":"campusBeforeElevationActionMakeSharpLeft","rule":"{Ga scherp links}"},{"id":"campusBeforeElevationActionTurnLeft","rule":"{Sla linksaf}"},{"id":"campusRightSide","rule":"{rechterkant}"},{"id":"campusLeftSide","rule":"{linkerkant}"},{"id":"campusAtIntersectionNames","rule":"{ bij } #Intersection(NAME) ({ (} #Intersection(ALT_NAME) {)})"},{"id":"UnitYardNeutral","rule":"{yd}"},{"id":"campusFirstActionTurnRight","rule":"{Sla rechtsaf} @campusAtIntersectionNames ({ in } NAME)"},{"id":"campusFirstActionMakeSharpRight","rule":"{Ga scherp rechts} @campusAtIntersectionNames ({ in } NAME)"},{"id":"campusFirstActionMakeSharpLeft","rule":"{Ga scherp links} @campusAtIntersectionNames ({ in } NAME)"},{"id":"campusFirstActionBearLeft","rule":"{Houd links aan} @campusAtIntersectionNames ({ in } NAME)"},{"id":"campusFirstActionContinue","rule":"{Vervolg uw weg} @campusAtIntersectionNames ({ in } NAME)"},{"id":"campusSecondActionBearRight","rule":"{houd direct rechts aan} ({ in } NAME)"},{"id":"campusToWalkwayActionContinueForward","rule":"{vervolg uw weg rechtdoor}"},{"id":"campusSecondActionTurnRight","rule":"{sla direct rechtsaf} ({ in } NAME)"},{"id":"campusSecondActionMakeSharpRight","rule":"{ga direct scherp rechts} ({ in } NAME)"},{"id":"campusSecondActionMakeSharpLeft","rule":"{ga direct scherp links} ({ in } NAME)"},{"id":"campusSecondActionTurnLeft","rule":"{sla direct linksaf} ({ in } NAME)"},{"id":"campusSecondActionBearLeft","rule":"{houd direct links aan} ({ in } NAME)"},{"id":"campusSecondActionContinue","rule":"{vervolg direct uw weg} ({ in } NAME)"},{"id":"CumulativeDistanceLong","rule":"#Select(#Distance(1), {0}) ({ } #DistanceUnits)"},{"id":"campusContinueHallwayActionForward","rule":"{Vervolg rechtdoor}"},{"id":"campusContinueHallwayActionGoForward","rule":"{Ga rechtdoor}"},{"id":"campusContinueHallwayActionGoBack","rule":"{Ga terug}"},{"id":"campusContinueWalkwayActionForward","rule":"{Vervolg rechtdoor}"},{"id":"campusContinueWalkwayActionGoForward","rule":"{Ga rechtdoor}"},{"id":"campusContinueWalkwayActionGoBack","rule":"{Ga terug}"},{"id":"campusGoToHallwayActionContinueForward","rule":"{vervolg uw weg rechtdoor}"},{"id":"campusGoToHallwayActionGoForward","rule":"{ga rechtdoor}"},{"id":"StopWaitTime","rule":"{Wachttijd: } #StopWaitTime"},{"id":"campusGoToWalkwayActionContinueForward","rule":"{vervolg uw weg rechtdoor}"},{"id":"campusGoToWalkwayActionGoForward","rule":"{ga rechtdoor}"},{"id":"campusGoToWalkwayActionGoBack","rule":"{ga terug}"},{"id":"campusToActionContinueForward","rule":"{vervolg uw weg rechtdoor}"},{"id":"campusToActionGoForward","rule":"{ga rechtdoor}"},{"id":"campusToHallwayActionGoBack","rule":"{ga terug}"},{"id":"campusToActionGoBack","rule":"{ga terug}"},{"id":"campusToHallwayActionContinueForward","rule":"{vervolg uw weg rechtdoor}"},{"id":"campusToHallwayActionGoForward","rule":"{ga rechtdoor}"},{"id":"UnitMeterSingular","rule":"{m}"},{"id":"campusToWalkwayActionGoForward","rule":"{ga rechtdoor}"},{"id":"campusElevationEscalator","rule":"{roltrap}"},{"id":"campusElevationStairs","rule":"{trap}"},{"id":"campusElevationRamp","rule":"{helling}"},{"id":"campusElevationUp","rule":"{naar boven}"},{"id":"StopViolationTime","rule":"{Tijdsoverschrijding: } #StopViolationTime"},{"id":"campusElevationDown","rule":"{naar beneden}"},{"id":"UnitKilometerNeutral","rule":"{km}"},{"id":"campusTakeDoorActionGoInside","rule":"{Ga naar binnen door}"},{"id":"campusTakeDoorActionGoOutside","rule":"{Ga naar buiten door}"},{"id":"campusTakeDoorToWalkwayActionGoInside","rule":"{Ga naar binnen door}"},{"id":"campusTakeDoorActionGo","rule":"{Ga door}"},{"id":"campusTakeDoorToHallwayActionGoInside","rule":"{Ga naar binnen door}"},{"id":"campusTakeDoorToHallwayActionGoOutside","rule":"{Ga naar buiten door}"},{"id":"campusTakeDoorToHallwayActionGo","rule":"{Ga door}"},{"id":"campusTakeDoorToWalkwayActionGoOutside","rule":"{Ga naar buiten door}"},{"id":"campusTakeDoorToWalkwayActionGo","rule":"{Ga door}"},{"id":"campusDoorActionGoInside","rule":"{Ga naar binnen door}"},{"id":"campusDoorActionGoOutside","rule":"{Ga naar buiten door}"},{"id":"campusDoorActionGo","rule":"{Ga door}"},{"id":"UnitNauticalNeutral","rule":"{nmi}"},{"id":"campusDoorToActionGoInside","rule":"{Ga naar binnen door}"},{"id":"campusDoorToActionGoOutside","rule":"{Ga naar buiten door}"},{"id":"campusDoorToActionGo","rule":"{Ga door}"},{"id":"campusDoorToHallwayActionGoInside","rule":"{Ga naar binnen door}"},{"id":"campusDoorToWalkwayActionGoOutside","rule":"{Ga naar buiten door}"},{"id":"campusDoorToWalkwayActionGo","rule":"{Ga door}"},{"id":"TimeLong","rule":"(#TotalHours(0) { uur }) (#RoundedMinutesOfHour(0) { min})"},{"id":"TravelTimeShort","rule":"{< 1 min}"},{"id":"UnitMilePlural","rule":"{mi}"},{"id":"TravelTimeLong","rule":"(#Days(0) { d }) (#HoursOfDay(0) { uur }) (#RoundedMinutesOfHour(0) { min})"},{"id":"StopTimeShort","rule":"{< 1 min}"},{"id":"StopTimeLong","rule":"(#TotalHours(0) { uur }) (#RoundedMinutesOfHour(0) { min})"},{"id":"TimeZoneChange","rule":"#Sign (#TotalHours(0) { uur }) (#RoundedMinutesOfHour(0) { min})"},{"id":"SignpostDestination","rule":"#String(0) ({ / } #String(1)) ({ / } #String(2)) ({ / } #String(3)) ({ / } #String(4))"},{"id":"campusStopSideRight","rule":"{, de bestemming vindt u aan uw rechterhand}"},{"id":"CrossNames","rule":"#String(0) ({ / } #String(1))"},{"id":"campusLandmarkOnTheLeft","rule":"{links}"},{"id":"DirectionBranch","rule":"#Branch"},{"id":"campusLandmarkOnTheRight","rule":"{rechts}"},{"id":"campusLandmarkOnTheFarLeft","rule":"{uiterst links}"},{"id":"campusLandmarkOnTheFarRight","rule":"{uiterst rechts}"},{"id":"campusLandmarkOnTheNearLeft","rule":"{direct links}"},{"id":"UnitYardPlural","rule":"{yd}"},{"id":"campusLandmarkOnTheNearRight","rule":"{direct rechts}"},{"id":"UnitMileSingular","rule":"{mi}"},{"id":"UnitMileNeutral","rule":"{mi}"},{"id":"UnitKilometerPlural","rule":"{km}"},{"id":"UnitMeterNeutral","rule":"{m}"},{"id":"UnitFootSingular","rule":"{ft}"},{"id":"UnitFootPlural","rule":"{ft}"},{"id":"UnitFootNeutral","rule":"{ft}"},{"id":"UnitYardSingular","rule":"{yd}"},{"id":"DirectionTime","rule":"#ItemTime"},{"id":"UnitNauticalSingular","rule":"{nmi}"},{"id":"UnitNauticalPlural","rule":"{nmi}"},{"id":"UnitSecondSingular","rule":"{sec}"},{"id":"UnitSecondPlural","rule":"{sec}"},{"id":"UnitSecondNeutral","rule":"{sec}"},{"id":"StopSummary","rule":"{Afstand: } #StopLength"},{"id":"StopTimeWindow","rule":"{Tijdsbestek: } #StopTimeWindowStart { - } #StopTimeWindowEnd"},{"id":"StopStayTime","rule":"{Servicetijd: } #StopStayTime"},{"id":"StopFullTime","rule":"#StopFullTime"},{"id":"campusDirectionWalk","rule":"{Wandel} ({ } #ItemLength) ({ ~ } #ItemTime)"},{"id":"DirectionLength","rule":"#ItemLength"},{"id":"DirectionETA","rule":"#ArriveTime"},{"id":"DirectionToward","rule":"#Destination"},{"id":"DirectionStreet","rule":"NAME"},{"id":"DirectionAltNames","rule":"ALT_NAME ({ / } ALT_NAME2)"},{"id":"DirectionAfterBreak","rule":"(#DepartTime { }) {Blijf} { op } NAME ({ (} ALT_NAME {)})"},{"id":"campusEventLandmarkManeuverGuidance","rule":"#FirstUpper(#LandmarkName) { is vlakbij de kruising}"},{"id":"campusEventLandmarkPassageVerification","rule":"{Loop langs } #LandmarkName ({. U ziet deze } #LandmarkPosition)"}],"lookupMapping":[]}}}]}}