{"directions":{"settings":[{"style":{"id":"NA Campus","language":{"id":"pt-BR","description":"Português (Brasil)","strings":[{"id":"campusManeuverContinueHallway","rule":"#ContinueHallwayAction ({ através de } @@campusNames)"},{"id":"campusTurnHallwayActionMakeSharpRight","rule":"{Curva acentuada à direita}"},{"id":"campusTurnToHallwayActionKeepLeft","rule":"{Manter à esquerda}"},{"id":"campusTurnToHallwayActionContinue","rule":"{Continuar}"},{"id":"campusManeuverHeader","rule":"{Início} ({ em } #StopName)"},{"id":"campusEventRestrictionViolation","rule":"{Restrição: } #Restriction"},{"id":"campusManeuverFooter","rule":"{Término} ({ } #StopArrival({cedo},{tarde})) ({ em } #StopName) (#StopSide)"},{"id":"campusNames","rule":"NAME ({ (} ALT_NAME {)})"},{"id":"campusManeuverDepart","rule":"{Partida} ({ } #StopName)"},{"id":"campusManeuverArrive","rule":"{Arrive} ({ } #StopArrival({cedo},{tarde})) ({ em } #StopName) (#StopSide)"},{"id":"campusTurnToHallwayActionBearRight","rule":"{Manter à direita}"},{"id":"campusManeuverDepartHallway","rule":"{Avançar} ({ através de } @@campusNames) ({ em direção a } #CrossNames)"},{"id":"campusBeforeElevationActionBearLeft","rule":"{Manter à esquerda}"},{"id":"campusManeuverContinueWalkway","rule":"#ContinueWalkwayAction ({ em } @@campusNames)"},{"id":"campusManeuverTurnHallway","rule":"#TurnHallwayAction ({ através de } @@campusNames)"},{"id":"campusManeuverDepartWalkway","rule":"{Avançar} ({ em} @@campusNames) ({ através de } #CrossNames)"},{"id":"campusManeuverArcTo","rule":"(#Select((#ArcToAction ({ e seguir na direção de } #Destination)), {Continuar em frente}))"},{"id":"campusEventLeaveBuilding","rule":"{Deixando} ({ } #From(CROSSADMINBORDER))"},{"id":"campusManeuverArcToHallway","rule":"#FirstUpper(#Select(@campusArcToHallway, @campusStraightToHallway))"},{"id":"campusArcToHallway","rule":"#ArcToHallwayAction (#Select(({ e seguir através de } @@campusToNames), ({ e seguir na direção de } #Destination)))"},{"id":"UnitKilometerSingular","rule":"{km}"},{"id":"campusTurnToHallwayActionContinueForward","rule":"{Continuar em frente}"},{"id":"campusTurnWalkwayActionTurnRight","rule":"{Virar à direita}"},{"id":"campusStraightToHallway","rule":"{continuar em frente} ({ através de } @@campusToNames)"},{"id":"campusTurnWalkwayActionMakeSharpRight","rule":"{Curva acentuada à direita}"},{"id":"campusManeuverTakeDoorToHallway","rule":"#TakeDoorToHallwayAction ({ } #Select(#Door(NAME), {a porta})) ({ na } #DoorSide) @@campusAndGoTrough"},{"id":"campusToNames","rule":" #To(NAME) ({ (} #To(ALT_NAME) {)})"},{"id":"campusManeuverArcToWalkway","rule":"#FirstUpper(#Select(@campusArcToWalkway, @campusStraightToWalkway))"},{"id":"campusArcToWalkway","rule":"#ArcToWalkwayAction (#Select(({ e seguir } @@campusToNames), ({ e seguir na direção de } #Destination)))"},{"id":"campusStraightToWalkway","rule":"{continuar em frente} ({ em } @@campusToNames) @campusDestination"},{"id":"campusDestination","rule":"{ em direção a } #Destination"},{"id":"campusManeuverTurnToHallway","rule":"#TurnToHallwayAction ({ e passar por } @@campusNames) @campusDestination"},{"id":"campusManeuverTurnToWalkway","rule":"#TurnToWalkwayAction ({ e continuar } NAME @@campusNames) @campusDestination"},{"id":"campusManeuverExit","rule":"{Sair e continuar em frente} ({ em } @@campusNames)"},{"id":"campusToWalkwayActionGoBack","rule":"{voltar}"},{"id":"campusManeuverEnter","rule":"{Entrar e continuar em frente} ({ através de } @@campusNames)"},{"id":"campusManeuverTurnWalkway","rule":"#TurnWalkwayAction ({ em } @@campusNames)"},{"id":"campusTurnWalkwayActionGo","rule":"{Seguir}"},{"id":"UnitMeterPlural","rule":"{m}"},{"id":"campusManeuverDoubleTurn","rule":"((#FirstTurn(#FirstActionBearing) { e } #SecondTurn(#SecondActionBearing)))"},{"id":"campusTurnHallwayActionContinueForward","rule":"{Continuar em frente}"},{"id":"campusManeuverElevation","rule":"@campusBeforeElevation #ElevationName ({ } #ElevationCourse) ({ para o nível } #To(TO_FLOOR_NAME))"},{"id":"campusBeforeElevation","rule":"#Select((#TurnActionBeforeElevation { e utilizar }), {Utilizar })"},{"id":"campusManeuverDoorToWalkway","rule":"#DoorToWalkwayAction ({ } #Select(#Door(NAME), {a porta})) @@campusAndToWalkwayGoOn"},{"id":"campusEventEnterBuilding","rule":"{Entrando} ({ } CROSSADMINBORDER)"},{"id":"campusManeuverDoor","rule":"#DoorAction ({ } #Select(#Door(NAME), {a porta}))"},{"id":"campusTurnWalkwayActionKeepRight","rule":"{Manter à direita}"},{"id":"campusFirstActionTurnLeft","rule":"{Manter à esquerda} @campusAtIntersectionNames ({ em } NAME)"},{"id":"campusManeuverDoorTo","rule":"#DoorToAction ({ } #Select(#Door(NAME), {a porta})) @campusAndToAction"},{"id":"campusAndToWalkwayGoOn","rule":"{ e } #ToWalkwayAction ({ em } @@campusNames) @campusDestination"},{"id":"campusAndToAction","rule":"{ e } #ToAction"},{"id":"campusManeuverDoorToHallway","rule":"#DoorToHallwayAction ({ } #Select(#Door(NAME), {a porta})) @@campusAndToHallwayGoThroug"},{"id":"campusTurnWalkwayActionContinue","rule":"{Continuar}"},{"id":"campusTurnHallwayActionTurnRight","rule":"{Virar à direita}"},{"id":"campusElevationElevator","rule":"{elevador}"},{"id":"campusAndToHallwayGoThroug","rule":"{ e } #ToHallwayAction ({ através de } @@campusNames) @campusDestination"},{"id":"campusManeuverTakeDoorToWalkway","rule":"#TakeDoorToWalkwayAction ({ } #Select(#Door(NAME), {a porta})) ({ na } #DoorSide) @@campusAndGoOn"},{"id":"campusTurnWalkwayActionContinueForward","rule":"{Continuar em frente}"},{"id":"DirectionCumulativeLength","rule":"#CumulativeDistance"},{"id":"campusAndGoOn","rule":"{ e } #GoToWalkwayAction ({ em } @@campusNames) @campusDestination"},{"id":"campusAndGoTrough","rule":"{ e } #GoToHallwayAction ({ através de } @@campusNames) @campusDestination"},{"id":"campusTurnWalkwayActionBearRight","rule":"{Manter à direita}"},{"id":"campusManeuverTakeDoor","rule":"#TakeDoorAction ({ } #Select(#Door(NAME), {a porta})) ({ na } #DoorSide)"},{"id":"campusTurnHallwayActionKeepRight","rule":"{Manter à direita}"},{"id":"campusTurnHallwayActionBearRight","rule":"{Manter à direita}"},{"id":"campusTurnToHallwayActionGo","rule":"{Seguir}"},{"id":"campusTurnHallwayActionMakeSharpLeft","rule":"{Curva acentuada à esquerda}"},{"id":"campusTurnHallwayActionTurnLeft","rule":"{Virar à esquerda}"},{"id":"campusTurnHallwayActionBearLeft","rule":"{Manter à esquerda}"},{"id":"campusTurnWalkwayActionBearLeft","rule":"{Manter à esquerda}"},{"id":"campusTurnHallwayActionKeepLeft","rule":"{Manter à esquerda}"},{"id":"campusTurnHallwayActionContinue","rule":"{Continuar}"},{"id":"campusTurnHallwayActionGo","rule":"{Seguir}"},{"id":"campusTurnWalkwayActionMakeSharpLeft","rule":"{Curva acentuada à esquerda}"},{"id":"DistanceShort","rule":"{< } #MinDistance(1) ({ } #DistanceUnits)"},{"id":"campusTurnWalkwayActionTurnLeft","rule":"{Virar à esquerda}"},{"id":"campusTurnWalkwayActionKeepLeft","rule":"{Manter à esquerda}"},{"id":"campusTurnToHallwayActionKeepRight","rule":"{Manter à direita}"},{"id":"campusTurnToHallwayActionTurnRight","rule":"{Virar à direita}"},{"id":"campusDoorToHallwayActionGoOutside","rule":"{Sair através de}"},{"id":"campusTurnToHallwayActionMakeSharpRight","rule":"{Curva acentuada à direita}"},{"id":"campusTurnToHallwayActionMakeSharpLeft","rule":"{Curva acentuada à esquerda}"},{"id":"campusArcToWalkwayActionMakeSharpLeft","rule":"{curva acentuada à esquerda}"},{"id":"campusDoorToWalkwayActionGoInside","rule":"{Entrar através de}"},{"id":"campusTurnToHallwayActionTurnLeft","rule":"{Virar à esquerda}"},{"id":"campusTurnToHallwayActionBearLeft","rule":"{Manter à esquerda}"},{"id":"campusTurnToWalkwayActionContinueForward","rule":"{Continuar em frente}"},{"id":"campusTurnToWalkwayActionKeepRight","rule":"{Manter à direita}"},{"id":"campusArcToWalkwayActionMakeSharpRight","rule":"{curva acentuada à direita}"},{"id":"campusTurnToWalkwayActionBearRight","rule":"{Manter à direita}"},{"id":"campusArcToHallwayActionMakeSharpLeft","rule":"{Curva acentuada à esquerda}"},{"id":"campusTurnToWalkwayActionTurnRight","rule":"{Virar à direita}"},{"id":"campusTurnToWalkwayActionMakeSharpRight","rule":"{Curva acentuada à direita}"},{"id":"campusTurnToWalkwayActionMakeSharpLeft","rule":"{Curva acentuada à esquerda}"},{"id":"campusTurnToWalkwayActionTurnLeft","rule":"{Virar à esquerda}"},{"id":"campusDoorToHallwayActionGo","rule":"{Passar por}"},{"id":"DirectionExitName","rule":"#SignpostExit"},{"id":"DirectionRestBreak","rule":"#ArriveTime ({-} #DepartTime) { Parada para descanso}"},{"id":"campusTurnToWalkwayActionBearLeft","rule":"{Manter à esquerda}"},{"id":"campusArcToHallwayActionTurnLeft","rule":"{virar à esquerda}"},{"id":"campusTurnToWalkwayActionKeepLeft","rule":"{Manter à esquerda}"},{"id":"campusTurnToWalkwayActionContinue","rule":"{Continuar}"},{"id":"campusTurnToWalkwayActionGo","rule":"{Seguir}"},{"id":"campusStopSideLeft","rule":"{, na esquerda}"},{"id":"campusArcToHallwayActionKeepRight","rule":"{manter à direita}"},{"id":"campusArcToHallwayActionBearRight","rule":"{manter à direita}"},{"id":"campusArcToHallwayActionTurnRight","rule":"{virar à direita}"},{"id":"campusArcToHallwayActionMakeSharpRight","rule":"{Curva acentuada à direita}"},{"id":"campusArcToHallwayActionBearLeft","rule":"{manter à esquerda}"},{"id":"campusArcToHallwayActionKeepLeft","rule":"{manter à esquerda}"},{"id":"campusArcToHallwayActionContinueForward","rule":"{continuar em frente}"},{"id":"campusArcToWalkwayActionKeepRight","rule":"{manter à direita}"},{"id":"campusArcToWalkwayActionBearRight","rule":"{manter à direita}"},{"id":"StopLength","rule":"#StopLength"},{"id":"campusArcToWalkwayActionTurnRight","rule":"{virar à direita}"},{"id":"campusArcToWalkwayActionTurnLeft","rule":"{virar à esquerda}"},{"id":"campusArcToWalkwayActionBearLeft","rule":"{manter à esquerda}"},{"id":"campusArcToWalkwayActionKeepLeft","rule":"{manter à esquerda}"},{"id":"campusArcToWalkwayActionContinueForward","rule":"{continuar em frente}"},{"id":"TimeShort","rule":"{< 1 min}"},{"id":"campusArcToActionKeepRight","rule":"{Manter à direita}"},{"id":"campusArcToActionBearRight","rule":"{Manter à direita}"},{"id":"campusArcToActionTurnRight","rule":"{Virar à direita}"},{"id":"campusArcToActionMakeSharpRight","rule":"{Curva acentuada à direita}"},{"id":"campusArcToActionMakeSharpLeft","rule":"{Curva acentuada à esquerda}"},{"id":"campusArcToActionTurnLeft","rule":"{Virar à esquerda}"},{"id":"campusArcToActionBearLeft","rule":"{Manter à esquerda}"},{"id":"DirectionCrossStreet","rule":"#CrossNames"},{"id":"campusArcToActionKeepLeft","rule":"{Manter à esquerda}"},{"id":"campusArcToActionContinueForward","rule":"{Continuar em frente}"},{"id":"campusFirstActionBearRight","rule":"{Manter à direita} @campusAtIntersectionNames ({ em } NAME)"},{"id":"DistanceLong","rule":"#Distance(1) ({ } #DistanceUnits)"},{"id":"campusBeforeElevationActionBearRight","rule":"{Manter à direita}"},{"id":"DirectionDayEnd","rule":"(#ArriveTime { }) {Fim do dia}"},{"id":"campusBeforeElevationActionTurnRight","rule":"{Virar à direita}"},{"id":"campusBeforeElevationActionMakeSharpRight","rule":"{curva acentuada à direita}"},{"id":"campusGoToHallwayActionGoBack","rule":"{voltar}"},{"id":"campusBeforeElevationActionMakeSharpLeft","rule":"{curva acentuada à esqueda}"},{"id":"campusBeforeElevationActionTurnLeft","rule":"{Virar à esquerda}"},{"id":"campusRightSide","rule":"{direita}"},{"id":"campusLeftSide","rule":"{esquerda}"},{"id":"campusAtIntersectionNames","rule":"{ na } #Intersection(NAME) ({ (} #Intersection(ALT_NAME) {)})"},{"id":"UnitYardNeutral","rule":"{yd}"},{"id":"campusFirstActionTurnRight","rule":"{Virar à direita} @campusAtIntersectionNames ({ em } NAME)"},{"id":"campusFirstActionMakeSharpRight","rule":"{Curva acentuada à direita} @campusAtIntersectionNames ({ em } NAME)"},{"id":"campusFirstActionMakeSharpLeft","rule":"{Curva acentuada à direita} @campusAtIntersectionNames ({ em } NAME)"},{"id":"campusFirstActionBearLeft","rule":"{Manter à esquerda} @campusAtIntersectionNames ({ em } NAME)"},{"id":"campusFirstActionContinue","rule":"{Continuar} @campusAtIntersectionNames ({ em } NAME)"},{"id":"campusSecondActionBearRight","rule":"{imediatamente manter à direita} ({ em } NAME)"},{"id":"campusToWalkwayActionContinueForward","rule":"{continuar em frente}"},{"id":"campusSecondActionTurnRight","rule":"{imediatamente virar à direita} ({ em } NAME)"},{"id":"campusSecondActionMakeSharpRight","rule":"{imediatamente curva acentuada à direita} ({ em } NAME)"},{"id":"campusSecondActionMakeSharpLeft","rule":"{imediatamente curva acentuada à esquerda} ({ em } NAME)"},{"id":"campusSecondActionTurnLeft","rule":"{imediatamente virar à esquerda} ({ em } NAME)"},{"id":"campusSecondActionBearLeft","rule":"{imediatamente manter à esquerda} ({ em } NAME)"},{"id":"campusSecondActionContinue","rule":"{imediatamente continuar} ({ em } NAME)"},{"id":"CumulativeDistanceLong","rule":"#Select(#Distance(1), {0}) ({ } #DistanceUnits)"},{"id":"campusContinueHallwayActionForward","rule":"{Continuar em frente}"},{"id":"campusContinueHallwayActionGoForward","rule":"{Avançar}"},{"id":"campusContinueHallwayActionGoBack","rule":"{Voltar}"},{"id":"campusContinueWalkwayActionForward","rule":"{Continuar em frente}"},{"id":"campusContinueWalkwayActionGoForward","rule":"{Avançar}"},{"id":"campusContinueWalkwayActionGoBack","rule":"{Voltar}"},{"id":"campusGoToHallwayActionContinueForward","rule":"{continuar em frente}"},{"id":"campusGoToHallwayActionGoForward","rule":"{seguir em frente}"},{"id":"StopWaitTime","rule":"{Tempo de espera: } #StopWaitTime"},{"id":"campusGoToWalkwayActionContinueForward","rule":"{continuar em frente}"},{"id":"campusGoToWalkwayActionGoForward","rule":"{seguir em frente}"},{"id":"campusGoToWalkwayActionGoBack","rule":"{voltar}"},{"id":"campusToActionContinueForward","rule":"{continuar em frente}"},{"id":"campusToActionGoForward","rule":"{seguir em frente}"},{"id":"campusToHallwayActionGoBack","rule":"{voltar}"},{"id":"campusToActionGoBack","rule":"{voltar}"},{"id":"campusToHallwayActionContinueForward","rule":"{continuar em frente}"},{"id":"campusToHallwayActionGoForward","rule":"{seguir em frente}"},{"id":"UnitMeterSingular","rule":"{m}"},{"id":"campusToWalkwayActionGoForward","rule":"{seguir em frente}"},{"id":"campusElevationEscalator","rule":"{escada rolante}"},{"id":"campusElevationStairs","rule":"{escadas}"},{"id":"campusElevationRamp","rule":"{rampa}"},{"id":"campusElevationUp","rule":"{para cima}"},{"id":"StopViolationTime","rule":"{Violação de tempo: } #StopViolationTime"},{"id":"campusElevationDown","rule":"{para baixo}"},{"id":"UnitKilometerNeutral","rule":"{km}"},{"id":"campusTakeDoorActionGoInside","rule":"{Entrar através de}"},{"id":"campusTakeDoorActionGoOutside","rule":"{Sair através de}"},{"id":"campusTakeDoorToWalkwayActionGoInside","rule":"{Entrar através de}"},{"id":"campusTakeDoorActionGo","rule":"{Passar por}"},{"id":"campusTakeDoorToHallwayActionGoInside","rule":"{Entrar através de}"},{"id":"campusTakeDoorToHallwayActionGoOutside","rule":"{Sair através de}"},{"id":"campusTakeDoorToHallwayActionGo","rule":"{Passar por}"},{"id":"campusTakeDoorToWalkwayActionGoOutside","rule":"{Sair através de}"},{"id":"campusTakeDoorToWalkwayActionGo","rule":"{Passar por}"},{"id":"campusDoorActionGoInside","rule":"{Entrar através de}"},{"id":"campusDoorActionGoOutside","rule":"{Sair através de}"},{"id":"campusDoorActionGo","rule":"{Passar por}"},{"id":"UnitNauticalNeutral","rule":"{nmi}"},{"id":"campusDoorToActionGoInside","rule":"{Entrar através de}"},{"id":"campusDoorToActionGoOutside","rule":"{Sair através de}"},{"id":"campusDoorToActionGo","rule":"{Passar por}"},{"id":"campusDoorToHallwayActionGoInside","rule":"{Entrar através de}"},{"id":"campusDoorToWalkwayActionGoOutside","rule":"{Sair através de}"},{"id":"campusDoorToWalkwayActionGo","rule":"{Passar por}"},{"id":"TimeLong","rule":"(#TotalHours(0) { h }) (#RoundedMinutesOfHour(0) { min})"},{"id":"TravelTimeShort","rule":"{< 1 min}"},{"id":"UnitMilePlural","rule":"{mi}"},{"id":"TravelTimeLong","rule":"(#Days(0) { d }) (#HoursOfDay(0) { h }) (#RoundedMinutesOfHour(0) { min})"},{"id":"StopTimeShort","rule":"{< 1 min}"},{"id":"StopTimeLong","rule":"(#TotalHours(0) { h }) (#RoundedMinutesOfHour(0) { min})"},{"id":"TimeZoneChange","rule":"#Sign (#TotalHours(0) { h }) (#RoundedMinutesOfHour(0) { min})"},{"id":"SignpostDestination","rule":"#String(0) ({ / } #String(1)) ({ / } #String(2)) ({ / } #String(3)) ({ / } #String(4))"},{"id":"campusStopSideRight","rule":"{, na direita}"},{"id":"CrossNames","rule":"#String(0) ({ / } #String(1))"},{"id":"campusLandmarkOnTheLeft","rule":"{ à esquerda}"},{"id":"DirectionBranch","rule":"#Branch"},{"id":"campusLandmarkOnTheRight","rule":"{ à direita}"},{"id":"campusLandmarkOnTheFarLeft","rule":"{extrema esquerda}"},{"id":"campusLandmarkOnTheFarRight","rule":"{extrema direita}"},{"id":"campusLandmarkOnTheNearLeft","rule":"{próxima esquerda}"},{"id":"UnitYardPlural","rule":"{yd}"},{"id":"campusLandmarkOnTheNearRight","rule":"{próxima direita}"},{"id":"UnitMileSingular","rule":"{mi}"},{"id":"UnitMileNeutral","rule":"{mi}"},{"id":"UnitKilometerPlural","rule":"{km}"},{"id":"UnitMeterNeutral","rule":"{m}"},{"id":"UnitFootSingular","rule":"{ft}"},{"id":"UnitFootPlural","rule":"{ft}"},{"id":"UnitFootNeutral","rule":"{ft}"},{"id":"UnitYardSingular","rule":"{yd}"},{"id":"DirectionTime","rule":"#ItemTime"},{"id":"UnitNauticalSingular","rule":"{nmi}"},{"id":"UnitNauticalPlural","rule":"{nmi}"},{"id":"UnitSecondSingular","rule":"{s}"},{"id":"UnitSecondPlural","rule":"{s}"},{"id":"UnitSecondNeutral","rule":"{s}"},{"id":"StopSummary","rule":"{Distância: } #StopLength"},{"id":"StopTimeWindow","rule":"{Janela de tempo: } #StopTimeWindowStart { - } #StopTimeWindowEnd"},{"id":"StopStayTime","rule":"{Tempo de serviço: } #StopStayTime"},{"id":"StopFullTime","rule":"#StopFullTime"},{"id":"campusDirectionWalk","rule":"{Caminhar} ({ } #ItemLength) ({ ~ } #ItemTime)"},{"id":"DirectionLength","rule":"#ItemLength"},{"id":"DirectionETA","rule":"#ArriveTime"},{"id":"DirectionToward","rule":"#Destination"},{"id":"DirectionStreet","rule":"NAME"},{"id":"DirectionAltNames","rule":"ALT_NAME ({ / } ALT_NAME2)"},{"id":"DirectionAfterBreak","rule":"(#DepartTime { }) {Permanecer} { em } NAME ({ (} ALT_NAME {)})"},{"id":"campusEventLandmarkManeuverGuidance","rule":"#FirstUpper(#LandmarkName) { está próximo à intersecção}"},{"id":"campusEventLandmarkPassageVerification","rule":"{Passar por } #LandmarkName ({. Passar por } #LandmarkPosition)"}],"lookupMapping":[]}}}]}}