{"directions":{"settings":[{"style":{"id":"NA Campus","language":{"id":"pt-PT","description":"Português","strings":[{"id":"campusManeuverContinueHallway","rule":"#ContinueHallwayAction ({ através de } @@campusNames)"},{"id":"campusTurnHallwayActionMakeSharpRight","rule":"{Faça a curva apertada à direita}"},{"id":"campusTurnToHallwayActionKeepLeft","rule":"{Mantenha-se à esquerda}"},{"id":"campusTurnToHallwayActionContinue","rule":"{Continue}"},{"id":"campusManeuverHeader","rule":"{Saia} ({ na } #StopName)"},{"id":"campusEventRestrictionViolation","rule":"{Restricção: } #Restriction"},{"id":"campusManeuverFooter","rule":"{Termine} ({ } #StopArrival({cedo},{tarde})) ({ em } #StopName) (#StopSide)"},{"id":"campusNames","rule":"NAME ({ (} ALT_NAME {)})"},{"id":"campusManeuverDepart","rule":"{Parta} ({ } #StopName)"},{"id":"campusManeuverArrive","rule":"{Chegue} ({ } #StopArrival({cedo},{tarde})) ({ a } #StopName) (#StopSide)"},{"id":"campusTurnToHallwayActionBearRight","rule":"{Desloque-se pela direita}"},{"id":"campusManeuverDepartHallway","rule":"{Siga em frente} ({ através de } @@campusNames) ({ em direcção a } #CrossNames)"},{"id":"campusBeforeElevationActionBearLeft","rule":"{Desloque-se pela esquerda}"},{"id":"campusManeuverContinueWalkway","rule":"#ContinueWalkwayAction ({ em } @@campusNames)"},{"id":"campusManeuverTurnHallway","rule":"#TurnHallwayAction ({ através de } @@campusNames)"},{"id":"campusManeuverDepartWalkway","rule":"{Siga em frente} ({ em } @@campusNames) ({ em direcção a } #CrossNames)"},{"id":"campusManeuverArcTo","rule":"#Select((#ArcToAction ({ e siga em direcção a } #Destination)), {Continue em frente})"},{"id":"campusEventLeaveBuilding","rule":"{Saindo} ({ } #From(CROSSADMINBORDER))"},{"id":"campusManeuverArcToHallway","rule":"#FirstUpper(#Select(@campusArcToHallway, @campusStraightToHallway))"},{"id":"campusArcToHallway","rule":"#ArcToHallwayAction (#Select(({ e siga através de } @@campusToNames), ({ e siga em direcção a } #Destination)))"},{"id":"UnitKilometerSingular","rule":"{km}"},{"id":"campusTurnToHallwayActionContinueForward","rule":"{Continue em frente}"},{"id":"campusTurnWalkwayActionTurnRight","rule":"{Vire à direita}"},{"id":"campusStraightToHallway","rule":"{continue em frente} ({ através de } @@campusToNames) @campusDestination"},{"id":"campusDestination","rule":"{ em direcção a } #Destination"},{"id":"campusTurnWalkwayActionMakeSharpRight","rule":"{Faça a curva apertada à direita}"},{"id":"campusManeuverTakeDoorToHallway","rule":"#TakeDoorToHallwayAction ({ } #Select(#Door(NAME), {porta})) ({ à sua } #DoorSide) @@campusAndGoTrough"},{"id":"campusToNames","rule":" #To(NAME) ({ (} #To(ALT_NAME) {)})"},{"id":"campusManeuverArcToWalkway","rule":"#FirstUpper(#Select(@campusArcToWalkway, @campusStraightToWalkway))"},{"id":"campusArcToWalkway","rule":"#ArcToWalkwayAction (#Select(({ e siga em frente } @@campusToNames), ({ e siga em direcção a } #Destination)))"},{"id":"campusStraightToWalkway","rule":"{continue em frente} ({ em } @@campusToNames) @campusDestination"},{"id":"campusManeuverTurnToHallway","rule":"#TurnToHallwayAction ({ e siga através de } @@campusNames) @campusDestination"},{"id":"campusManeuverTurnToWalkway","rule":"#TurnToWalkwayAction ({ e siga em frente } @@campusNames) @campusDestination"},{"id":"campusManeuverExit","rule":"{Saia e continue em frente} ({ em } @@campusNames)"},{"id":"campusToWalkwayActionGoBack","rule":"{volte para trás}"},{"id":"campusManeuverEnter","rule":"{Entre e continue em frente} ({ através de } @@campusNames)"},{"id":"campusManeuverTurnWalkway","rule":"#TurnWalkwayAction ({ em } @@campusNames)"},{"id":"campusTurnWalkwayActionGo","rule":"{Siga para}"},{"id":"UnitMeterPlural","rule":"{m}"},{"id":"campusManeuverDoubleTurn","rule":"#FirstTurn(#FirstActionBearing) { e } #SecondTurn(#SecondActionBearing)"},{"id":"campusTurnHallwayActionContinueForward","rule":"{Continue em frente}"},{"id":"campusManeuverElevation","rule":"@campusBeforeElevation #ElevationName ({ } #ElevationCourse) ({ para o andar } #To(TO_FLOOR_NAME))"},{"id":"campusBeforeElevation","rule":"#Select((#TurnActionBeforeElevation { e apanhe }), {Apanhe })"},{"id":"campusManeuverDoorToWalkway","rule":"#DoorToWalkwayAction ({ } #Select(#Door(NAME), {porta})) @@campusAndToWalkwayGoOn"},{"id":"campusEventEnterBuilding","rule":"{Entrando} ({ } CROSSADMINBORDER)"},{"id":"campusManeuverDoor","rule":"#DoorAction ({ } #Select(#Door(NAME), {porta}))"},{"id":"campusTurnWalkwayActionKeepRight","rule":"{Mantenha-se à direita}"},{"id":"campusFirstActionTurnLeft","rule":"{Vire à esquerda} @campusAtIntersectionNames ({ para } NAME)"},{"id":"campusManeuverDoorTo","rule":"#DoorToAction ({ } #Select(#Door(NAME), {porta})) @campusAndToAction"},{"id":"campusAndToWalkwayGoOn","rule":"{ e } #ToWalkwayAction ({ em } @@campusNames) @campusDestination"},{"id":"campusAndToAction","rule":"{ e } #ToAction"},{"id":"campusManeuverDoorToHallway","rule":"#DoorToHallwayAction ({ } #Select(#Door(NAME), {porta})) @@campusAndToHallwayGoThroug"},{"id":"campusTurnWalkwayActionContinue","rule":"{Continue}"},{"id":"campusTurnHallwayActionTurnRight","rule":"{Vire à direita}"},{"id":"campusElevationElevator","rule":"{elevador}"},{"id":"campusAndToHallwayGoThroug","rule":"{ e } #ToHallwayAction ({ através da } @@campusNames) @campusDestination"},{"id":"campusManeuverTakeDoorToWalkway","rule":"#TakeDoorToWalkwayAction ({ } #Select(#Door(NAME), {porta})) ({ à sua } #DoorSide) @@campusAndGoOn"},{"id":"campusTurnWalkwayActionContinueForward","rule":"{Continue em frente}"},{"id":"DirectionCumulativeLength","rule":"#CumulativeDistance"},{"id":"campusAndGoOn","rule":"{ e } #GoToWalkwayAction ({ em } @@campusNames) @campusDestination"},{"id":"campusAndGoTrough","rule":"{ e } #GoToHallwayAction ({ através da } @@campusNames) @campusDestination"},{"id":"campusTurnWalkwayActionBearRight","rule":"{Desloque-se pela direita}"},{"id":"campusManeuverTakeDoor","rule":"#TakeDoorAction ({ } #Select(#Door(NAME), {porta})) ({ à sua } #DoorSide)"},{"id":"campusTurnHallwayActionKeepRight","rule":"{Mantenha-se à direita}"},{"id":"campusTurnHallwayActionBearRight","rule":"{Desloque-se pela direita}"},{"id":"campusTurnToHallwayActionGo","rule":"{Siga para}"},{"id":"campusTurnHallwayActionMakeSharpLeft","rule":"{Faça a curva apertada à esquerda}"},{"id":"campusTurnHallwayActionTurnLeft","rule":"{Vire à esquerda}"},{"id":"campusTurnHallwayActionBearLeft","rule":"{Desloque-se pela esquerda}"},{"id":"campusTurnWalkwayActionBearLeft","rule":"{Desloque-se pela esquerda}"},{"id":"campusTurnHallwayActionKeepLeft","rule":"{Mantenha-se à esquerda}"},{"id":"campusTurnHallwayActionContinue","rule":"{Continue}"},{"id":"campusTurnHallwayActionGo","rule":"{Siga para}"},{"id":"campusTurnWalkwayActionMakeSharpLeft","rule":"{Faça a curva apertada à esquerda}"},{"id":"DistanceShort","rule":"{< } #MinDistance(1) ({ } #DistanceUnits)"},{"id":"campusTurnWalkwayActionTurnLeft","rule":"{Vire à esquerda}"},{"id":"campusTurnWalkwayActionKeepLeft","rule":"{Mantenha-se à esquerda}"},{"id":"campusTurnToHallwayActionKeepRight","rule":"{Mantenha-se à direita}"},{"id":"campusTurnToHallwayActionTurnRight","rule":"{Vire à direita}"},{"id":"campusDoorToHallwayActionGoOutside","rule":"{Saia através da}"},{"id":"campusTurnToHallwayActionMakeSharpRight","rule":"{Faça a curva apertada à direita}"},{"id":"campusTurnToHallwayActionMakeSharpLeft","rule":"{Faça a curva apertada à esquerda}"},{"id":"campusArcToWalkwayActionMakeSharpLeft","rule":"{faça a curva apertada à esquerda}"},{"id":"campusDoorToWalkwayActionGoInside","rule":"{Entre através da}"},{"id":"campusTurnToHallwayActionTurnLeft","rule":"{Vire à esquerda}"},{"id":"campusTurnToHallwayActionBearLeft","rule":"{Desloque-se pela esquerda}"},{"id":"campusTurnToWalkwayActionContinueForward","rule":"{Continue em frente}"},{"id":"campusTurnToWalkwayActionKeepRight","rule":"{Mantenha-se à direita}"},{"id":"campusArcToWalkwayActionMakeSharpRight","rule":"{faça a curva apertada à direita}"},{"id":"campusTurnToWalkwayActionBearRight","rule":"{Desloque-se pela direita}"},{"id":"campusArcToHallwayActionMakeSharpLeft","rule":"{faça a curva apertada à esquerda}"},{"id":"campusTurnToWalkwayActionTurnRight","rule":"{Vire à direita}"},{"id":"campusTurnToWalkwayActionMakeSharpRight","rule":"{Faça a curva apertada à direita}"},{"id":"campusTurnToWalkwayActionMakeSharpLeft","rule":"{Faça a curva apertada à esquerda}"},{"id":"campusTurnToWalkwayActionTurnLeft","rule":"{Vire à esquerda}"},{"id":"campusDoorToHallwayActionGo","rule":"{Siga através da}"},{"id":"DirectionExitName","rule":"#SignpostExit"},{"id":"DirectionRestBreak","rule":"#ArriveTime ({-} #DepartTime) {Pausa para descanso}"},{"id":"campusTurnToWalkwayActionBearLeft","rule":"{Desloque-se pela esquerda}"},{"id":"campusArcToHallwayActionTurnLeft","rule":"{vire à esquerda}"},{"id":"campusTurnToWalkwayActionKeepLeft","rule":"{Mantenha-se à esquerda}"},{"id":"campusTurnToWalkwayActionContinue","rule":"{Continue}"},{"id":"campusTurnToWalkwayActionGo","rule":"{Siga para}"},{"id":"campusStopSideLeft","rule":"{, à esquerda}"},{"id":"campusArcToHallwayActionKeepRight","rule":"{mantenha-se à direita}"},{"id":"campusArcToHallwayActionBearRight","rule":"{desloque-se pela direita}"},{"id":"campusArcToHallwayActionTurnRight","rule":"{vire à direita}"},{"id":"campusArcToHallwayActionMakeSharpRight","rule":"{faça a curva apertada à direita}"},{"id":"campusArcToHallwayActionBearLeft","rule":"{desloque-se pela esquerda}"},{"id":"campusArcToHallwayActionKeepLeft","rule":"{mantenha-se à esquerda}"},{"id":"campusArcToHallwayActionContinueForward","rule":"{continue em frente}"},{"id":"campusArcToWalkwayActionKeepRight","rule":"{mantenha-se à direita}"},{"id":"campusArcToWalkwayActionBearRight","rule":"{desloque-se pela direita}"},{"id":"StopLength","rule":"#StopLength"},{"id":"campusArcToWalkwayActionTurnRight","rule":"{vire à direita}"},{"id":"campusArcToWalkwayActionTurnLeft","rule":"{vire à esquerda}"},{"id":"campusArcToWalkwayActionBearLeft","rule":"{desloque-se pela esquerda}"},{"id":"campusArcToWalkwayActionKeepLeft","rule":"{mantenha-se à esquerda}"},{"id":"campusArcToWalkwayActionContinueForward","rule":"{continue em frente}"},{"id":"TimeShort","rule":"{< 1 min}"},{"id":"campusArcToActionKeepRight","rule":"{Mantenha-se à direita}"},{"id":"campusArcToActionBearRight","rule":"{Desloque-se pela direita}"},{"id":"campusArcToActionTurnRight","rule":"{Vire à direita}"},{"id":"campusArcToActionMakeSharpRight","rule":"{Faça a curva apertada à direita}"},{"id":"campusArcToActionMakeSharpLeft","rule":"{Faça a curva apertada à esquerda}"},{"id":"campusArcToActionTurnLeft","rule":"{Vire à esquerda}"},{"id":"campusArcToActionBearLeft","rule":"{Desloque-se pela esquerda}"},{"id":"DirectionCrossStreet","rule":"#CrossNames"},{"id":"campusArcToActionKeepLeft","rule":"{Mantenha-se à esquerda}"},{"id":"campusArcToActionContinueForward","rule":"{Continue em frente}"},{"id":"campusFirstActionBearRight","rule":"{Desloque-se pela direita} @campusAtIntersectionNames ({ para } NAME)"},{"id":"DistanceLong","rule":"#Distance(1) ({ } #DistanceUnits)"},{"id":"campusBeforeElevationActionBearRight","rule":"{Desloque-se pela direita}"},{"id":"DirectionDayEnd","rule":"(#ArriveTime { }) {Fim do dia}"},{"id":"campusBeforeElevationActionTurnRight","rule":"{Vire à direita}"},{"id":"campusBeforeElevationActionMakeSharpRight","rule":"{Faça a curva apertada à direita}"},{"id":"campusGoToHallwayActionGoBack","rule":"{volte para trás}"},{"id":"campusBeforeElevationActionMakeSharpLeft","rule":"{Faça a curva apertada à esquerda}"},{"id":"campusBeforeElevationActionTurnLeft","rule":"{Vire à esquerda}"},{"id":"campusRightSide","rule":"{à direita}"},{"id":"campusLeftSide","rule":"{à esquerda}"},{"id":"campusAtIntersectionNames","rule":"{ na } #Intersection(NAME) ({ (} #Intersection(ALT_NAME) {)})"},{"id":"UnitYardNeutral","rule":"{yd}"},{"id":"campusFirstActionTurnRight","rule":"{Vire à direita} @campusAtIntersectionNames ({ para } NAME)"},{"id":"campusFirstActionMakeSharpRight","rule":"{Faça a curva apertada à direita} @campusAtIntersectionNames ({ para } NAME)"},{"id":"campusFirstActionMakeSharpLeft","rule":"{Faça a curva apertada à esquerda} @campusAtIntersectionNames ({ para } NAME)"},{"id":"campusFirstActionBearLeft","rule":"{Desloque-se pela esquerda} @campusAtIntersectionNames ({ para } NAME)"},{"id":"campusFirstActionContinue","rule":"{Continue} @campusAtIntersectionNames ({ para } NAME)"},{"id":"campusSecondActionBearRight","rule":"{desloque-se imediatamente pela direita} ({ para } NAME)"},{"id":"campusToWalkwayActionContinueForward","rule":"{continue em frente}"},{"id":"campusSecondActionTurnRight","rule":"{vire imediatamente à direita} ({ para } NAME)"},{"id":"campusSecondActionMakeSharpRight","rule":"{faça a curva apertada imediatamente à direita} ({ para } NAME)"},{"id":"campusSecondActionMakeSharpLeft","rule":"{faça a curva apertada imediatamente à esquerda} ({ para } NAME)"},{"id":"campusSecondActionTurnLeft","rule":"{vire imediatamente à esquerda} ({ para } NAME)"},{"id":"campusSecondActionBearLeft","rule":"{desloque-se imediatamente pela esquerda} ({ para } NAME)"},{"id":"campusSecondActionContinue","rule":"{continue imediatamente} ({ para } NAME)"},{"id":"CumulativeDistanceLong","rule":"#Select(#Distance(1), {0}) ({ } #DistanceUnits)"},{"id":"campusContinueHallwayActionForward","rule":"{Continue em frente}"},{"id":"campusContinueHallwayActionGoForward","rule":"{Siga em frente}"},{"id":"campusContinueHallwayActionGoBack","rule":"{Volte para trás}"},{"id":"campusContinueWalkwayActionForward","rule":"{Continue em frente}"},{"id":"campusContinueWalkwayActionGoForward","rule":"{Siga em frente}"},{"id":"campusContinueWalkwayActionGoBack","rule":"{Volte para trás}"},{"id":"campusGoToHallwayActionContinueForward","rule":"{continue em frente}"},{"id":"campusGoToHallwayActionGoForward","rule":"{siga em frente}"},{"id":"StopWaitTime","rule":"{Tempo de espera: } #StopWaitTime"},{"id":"campusGoToWalkwayActionContinueForward","rule":"{continue em frente}"},{"id":"campusGoToWalkwayActionGoForward","rule":"{siga em frente}"},{"id":"campusGoToWalkwayActionGoBack","rule":"{volte para trás}"},{"id":"campusToActionContinueForward","rule":"{continue em frente}"},{"id":"campusToActionGoForward","rule":"{siga em frente}"},{"id":"campusToHallwayActionGoBack","rule":"{volte para trás}"},{"id":"campusToActionGoBack","rule":"{volte para trás}"},{"id":"campusToHallwayActionContinueForward","rule":"{continue em frente}"},{"id":"campusToHallwayActionGoForward","rule":"{siga em frente}"},{"id":"UnitMeterSingular","rule":"{m}"},{"id":"campusToWalkwayActionGoForward","rule":"{siga em frente}"},{"id":"campusElevationEscalator","rule":"{escada rolante}"},{"id":"campusElevationStairs","rule":"{escadas}"},{"id":"campusElevationRamp","rule":"{rampa}"},{"id":"campusElevationUp","rule":"{cima}"},{"id":"StopViolationTime","rule":"{Tempo de violação: } #StopViolationTime"},{"id":"campusElevationDown","rule":"{baixo}"},{"id":"UnitKilometerNeutral","rule":"{km}"},{"id":"campusTakeDoorActionGoInside","rule":"{Entre através da}"},{"id":"campusTakeDoorActionGoOutside","rule":"{Saia através da}"},{"id":"campusTakeDoorToWalkwayActionGoInside","rule":"{Entre através da}"},{"id":"campusTakeDoorActionGo","rule":"{Siga através da}"},{"id":"campusTakeDoorToHallwayActionGoInside","rule":"{Entre através da}"},{"id":"campusTakeDoorToHallwayActionGoOutside","rule":"{Saia através da}"},{"id":"campusTakeDoorToHallwayActionGo","rule":"{Siga através da}"},{"id":"campusTakeDoorToWalkwayActionGoOutside","rule":"{Saia através da}"},{"id":"campusTakeDoorToWalkwayActionGo","rule":"{Siga através da}"},{"id":"campusDoorActionGoInside","rule":"{Entre através da}"},{"id":"campusDoorActionGoOutside","rule":"{Saia através da}"},{"id":"campusDoorActionGo","rule":"{Siga através da}"},{"id":"UnitNauticalNeutral","rule":"{mi.n.}"},{"id":"campusDoorToActionGoInside","rule":"{Entre através da}"},{"id":"campusDoorToActionGoOutside","rule":"{Saia através da}"},{"id":"campusDoorToActionGo","rule":"{Siga através da}"},{"id":"campusDoorToHallwayActionGoInside","rule":"{Entre através da}"},{"id":"campusDoorToWalkwayActionGoOutside","rule":"{Saia através da}"},{"id":"campusDoorToWalkwayActionGo","rule":"{Siga através da}"},{"id":"TimeLong","rule":"(#TotalHours(0) { hr }) (#RoundedMinutesOfHour(0) { min})"},{"id":"TravelTimeShort","rule":"{< 1 min}"},{"id":"UnitMilePlural","rule":"{mi}"},{"id":"TravelTimeLong","rule":"(#Days(0) { d }) (#HoursOfDay(0) { hr }) (#RoundedMinutesOfHour(0) { min})"},{"id":"StopTimeShort","rule":"{< 1 min}"},{"id":"StopTimeLong","rule":"(#TotalHours(0) { hr }) (#RoundedMinutesOfHour(0) { min})"},{"id":"TimeZoneChange","rule":"#Sign (#TotalHours(0) { hr }) (#RoundedMinutesOfHour(0) { min})"},{"id":"SignpostDestination","rule":"#String(0) ({ / } #String(1)) ({ / } #String(2)) ({ / } #String(3)) ({ / } #String(4))"},{"id":"campusStopSideRight","rule":"{, à direita}"},{"id":"CrossNames","rule":"#String(0) ({ / } #String(1))"},{"id":"campusLandmarkOnTheLeft","rule":"{à sua esquerda}"},{"id":"DirectionBranch","rule":"#Branch"},{"id":"campusLandmarkOnTheRight","rule":"{à sua direita}"},{"id":"campusLandmarkOnTheFarLeft","rule":"{distante da sua esquerda}"},{"id":"campusLandmarkOnTheFarRight","rule":"{distante da sua direita}"},{"id":"campusLandmarkOnTheNearLeft","rule":"{próximo da sua esquerda}"},{"id":"UnitYardPlural","rule":"{yd}"},{"id":"campusLandmarkOnTheNearRight","rule":"{próximo da sua direita}"},{"id":"UnitMileSingular","rule":"{mi}"},{"id":"UnitMileNeutral","rule":"{mi}"},{"id":"UnitKilometerPlural","rule":"{km}"},{"id":"UnitMeterNeutral","rule":"{m}"},{"id":"UnitFootSingular","rule":"{pé}"},{"id":"UnitFootPlural","rule":"{pés}"},{"id":"UnitFootNeutral","rule":"{pé}"},{"id":"UnitYardSingular","rule":"{yd}"},{"id":"DirectionTime","rule":"#ItemTime"},{"id":"UnitNauticalSingular","rule":"{mi.n.}"},{"id":"UnitNauticalPlural","rule":"{mi.n.}"},{"id":"UnitSecondSingular","rule":"{seg}"},{"id":"UnitSecondPlural","rule":"{seg}"},{"id":"UnitSecondNeutral","rule":"{seg}"},{"id":"StopSummary","rule":"{Distância: } #StopLength"},{"id":"StopTimeWindow","rule":"{Janela temporal: } #StopTimeWindowStart { - } #StopTimeWindowEnd"},{"id":"StopStayTime","rule":"{Tempo de serviço: } #StopStayTime"},{"id":"StopFullTime","rule":"#StopFullTime"},{"id":"campusDirectionWalk","rule":"{Caminhar} ({ } #ItemLength) ({ ~ } #ItemTime)"},{"id":"DirectionLength","rule":"#ItemLength"},{"id":"DirectionETA","rule":"#ArriveTime"},{"id":"DirectionToward","rule":"#Destination"},{"id":"DirectionStreet","rule":"NAME"},{"id":"DirectionAltNames","rule":"ALT_NAME ({ / } ALT_NAME2)"},{"id":"DirectionAfterBreak","rule":"(#DepartTime { }) {Fique} { em } NAME ({ (} ALT_NAME {)})"},{"id":"campusEventLandmarkManeuverGuidance","rule":"#FirstUpper(#LandmarkName) { está próximo da intersecção}"},{"id":"campusEventLandmarkPassageVerification","rule":"{Passe por } #LandmarkName ({. Irá estar } #LandmarkPosition)"}],"lookupMapping":[]}}}]}}