{"directions":{"settings":[{"style":{"id":"NA Campus","language":{"id":"tr","description":"Türkçe","strings":[{"id":"campusManeuverContinueHallway","rule":"(@@campusNames { üzerine } ) #ContinueHallwayAction"},{"id":"campusTurnHallwayActionMakeSharpRight","rule":"{ sağa keskin dönüş yap}"},{"id":"campusTurnToHallwayActionKeepLeft","rule":"{ solda kal}"},{"id":"campusTurnToHallwayActionContinue","rule":"{ devam et}"},{"id":"campusManeuverHeader","rule":" ( #StopName { da }) {başla}"},{"id":"campusEventRestrictionViolation","rule":"{Kısıtlama: } #Restriction"},{"id":"campusManeuverFooter","rule":"  (#StopSide) (  #StopName { da }) ({ } #StopArrival({varmadan },{geçince})) {bitir}"},{"id":"campusNames","rule":"NAME ({ (} ALT_NAME {)})"},{"id":"campusManeuverDepart","rule":" ({ } #StopName) { Çık }"},{"id":"campusManeuverArrive","rule":"  (#StopSide) (  #StopName { da }) ({ } #StopArrival({varmadan },{geçince}))"},{"id":"campusTurnToHallwayActionBearRight","rule":"{ sağa gir}"},{"id":"campusManeuverDepartHallway","rule":"( @@campusNames { üzerine }) (#CrossNames { yönünde }) {ilerle} "},{"id":"campusBeforeElevationActionBearLeft","rule":"{ sola gir}"},{"id":"campusManeuverContinueWalkway","rule":"(@@campusNames { üzerinde } ) #ContinueWalkwayAction"},{"id":"campusManeuverTurnHallway","rule":"(@@campusNames { üzerine }) #TurnHallwayAction"},{"id":"campusManeuverDepartWalkway","rule":" ( @@campusNames { üzerinde }) (#CrossNames { yönünde }) {ilerle}"},{"id":"campusManeuverArcTo","rule":"#Select((#ArcToAction ({ ve } #Destination {yönüne ilerle } )), {ileri devam et})"},{"id":"campusEventLeaveBuilding","rule":"(#From(CROSSADMINBORDER)) { Ayrıl}"},{"id":"campusManeuverArcToHallway","rule":"#FirstUpper(#Select(@campusArcToHallway, @campusStraightToHallway))"},{"id":"campusArcToHallway","rule":"#ArcToHallwayAction (#Select(({ ve } @@campusToNames { üzerinden ilerle } ), ({ ve } #Destination { yönüne ilerle })))"},{"id":"UnitKilometerSingular","rule":"{km}"},{"id":"campusTurnToHallwayActionContinueForward","rule":"{ ileri devam et}"},{"id":"campusTurnWalkwayActionTurnRight","rule":"{ sağa dön}"},{"id":"campusStraightToHallway","rule":"{İleri devam et} ({ üzerine } @@campusToNames) @campusDestination"},{"id":"campusDestination","rule":"#Destination { yönünde}"},{"id":"campusTurnWalkwayActionMakeSharpRight","rule":"{ sağa keskin dönüş yap}"},{"id":"campusManeuverTakeDoorToHallway","rule":"#Select(#Door(NAME), {kapı}) ({ üzerinde } #DoorSide) #TakeDoorToHallwayAction @@campusAndGoTrough "},{"id":"campusToNames","rule":" #To(NAME) ({ (} #To(ALT_NAME) {)})"},{"id":"campusManeuverArcToWalkway","rule":"#FirstUpper(#Select(@campusArcToWalkway, @campusStraightToWalkway))"},{"id":"campusArcToWalkway","rule":"#ArcToWalkwayAction (#Select(({ ve } @@campusToNames { konumunda devam et } ), ({ ve } #Destination { yönüne ilerle} )))"},{"id":"campusStraightToWalkway","rule":"{İleri devam et} (@@campusToNames { üzerinde } ) @campusDestination"},{"id":"campusManeuverTurnToHallway","rule":"(@@campusNames { üzerinden ilerle ve }) @campusDestination #TurnToHallwayAction"},{"id":"campusManeuverTurnToWalkway","rule":"(@@campusNames { üzerinde devam et ve }) @campusDestination #TurnToWalkwayAction "},{"id":"campusManeuverExit","rule":" (@@campusNames { konumundan }) {içeri gir ve ileri devam et}"},{"id":"campusToWalkwayActionGoBack","rule":"{ geri gel}"},{"id":"campusManeuverEnter","rule":" ( @@campusNames { konumundan }) {içeri gir ve ileri devam et}"},{"id":"campusManeuverTurnWalkway","rule":" (@@campusNames { üzerinde }) #TurnWalkwayAction"},{"id":"campusTurnWalkwayActionGo","rule":"{ ilerle}"},{"id":"UnitMeterPlural","rule":"{m}"},{"id":"campusManeuverDoubleTurn","rule":"#FirstTurn(#FirstActionBearing) { ve } #SecondTurn(#SecondActionBearing)"},{"id":"campusTurnHallwayActionContinueForward","rule":"{ileri devam et}"},{"id":"campusManeuverElevation","rule":"#ElevationName ({ } #ElevationCourse { } #To(TO_FLOOR_NAME ))  { seviyeye } @campusBeforeElevation  "},{"id":"campusBeforeElevation","rule":"#Select({al }) #TurnActionBeforeElevation"},{"id":"campusManeuverDoorToWalkway","rule":"#Select(#Door(NAME), {kapı}) #DoorToWalkwayAction @@campusAndToWalkwayGoOn"},{"id":"campusEventEnterBuilding","rule":"(CROSSADMINBORDER) { Gir} "},{"id":"campusManeuverDoor","rule":"#Select(#Door(NAME), {kapı}) #DoorAction "},{"id":"campusTurnWalkwayActionKeepRight","rule":"{ sağda kal}"},{"id":"campusFirstActionTurnLeft","rule":"@campusAtIntersectionNames (NAME { konumuna doğru }) { sola dön}"},{"id":"campusManeuverDoorTo","rule":"#Select(#Door(NAME), {kapı}) #DoorToAction  @campusAndToAction "},{"id":"campusAndToWalkwayGoOn","rule":"{ ve } ( @@campusNames { üzerinde }) @campusDestination #ToWalkwayAction"},{"id":"campusAndToAction","rule":"{ ve } #ToAction"},{"id":"campusManeuverDoorToHallway","rule":"#Select(#Door(NAME), {kapı}) #DoorToHallwayAction @@campusAndToHallwayGoThroug   "},{"id":"campusTurnWalkwayActionContinue","rule":"{ devam et}"},{"id":"campusTurnHallwayActionTurnRight","rule":"{ sağa dön}"},{"id":"campusElevationElevator","rule":"{Asansörü}"},{"id":"campusAndToHallwayGoThroug","rule":"{ ve } ( @@campusNames { üzerine }) @campusDestination #ToHallwayAction "},{"id":"campusManeuverTakeDoorToWalkway","rule":"#Select(#Door(NAME), {kapı})  ({ üzerinde } #DoorSide { }) #TakeDoorToWalkwayAction @@campusAndGoOn  "},{"id":"campusTurnWalkwayActionContinueForward","rule":"{İleri devam et}"},{"id":"DirectionCumulativeLength","rule":"#CumulativeDistance"},{"id":"campusAndGoOn","rule":"{ ve }  ( @@campusNames { üzerinde }) @campusDestination #GoToWalkwayAction"},{"id":"campusAndGoTrough","rule":"{ ve } @campusDestination ({ } @@campusNames { üzerine }) #GoToHallwayAction"},{"id":"campusTurnWalkwayActionBearRight","rule":"{ sağa gir}"},{"id":"campusManeuverTakeDoor","rule":"#Select(#Door(NAME), {Kapı}) ({ üzerinde } #DoorSide) #TakeDoorAction"},{"id":"campusTurnHallwayActionKeepRight","rule":"{ sağda kal}"},{"id":"campusTurnHallwayActionBearRight","rule":"{ Ssağa gir}"},{"id":"campusTurnToHallwayActionGo","rule":"{ ilerle}"},{"id":"campusTurnHallwayActionMakeSharpLeft","rule":"{ sola keskin dönüş yap}"},{"id":"campusTurnHallwayActionTurnLeft","rule":"{ sola dön}"},{"id":"campusTurnHallwayActionBearLeft","rule":"{ sola gir}"},{"id":"campusTurnWalkwayActionBearLeft","rule":"{ sola gir}"},{"id":"campusTurnHallwayActionKeepLeft","rule":"{ solda kal}"},{"id":"campusTurnHallwayActionContinue","rule":"{ devam et}"},{"id":"campusTurnHallwayActionGo","rule":"{ ilerle}"},{"id":"campusTurnWalkwayActionMakeSharpLeft","rule":"{ sola keskin dönüş yap}"},{"id":"DistanceShort","rule":"{< } #MinDistance(1) ({ } #DistanceUnits)"},{"id":"campusTurnWalkwayActionTurnLeft","rule":"{ sola dön}"},{"id":"campusTurnWalkwayActionKeepLeft","rule":"{ solda kal}"},{"id":"campusTurnToHallwayActionKeepRight","rule":"{ sağda kal}"},{"id":"campusTurnToHallwayActionTurnRight","rule":"{ sağa dön}"},{"id":"campusDoorToHallwayActionGoOutside","rule":"{ dışarı boyunca ilerle}"},{"id":"campusTurnToHallwayActionMakeSharpRight","rule":"{ sağa keskin dönüş yap}"},{"id":"campusTurnToHallwayActionMakeSharpLeft","rule":"{ sola keskin dönüş yap}"},{"id":"campusArcToWalkwayActionMakeSharpLeft","rule":"{ sola keskin dönüş yap}"},{"id":"campusDoorToWalkwayActionGoInside","rule":"{ içeri boyunca ilerle}"},{"id":"campusTurnToHallwayActionTurnLeft","rule":"{ sola dön}"},{"id":"campusTurnToHallwayActionBearLeft","rule":"{ sola gir}"},{"id":"campusTurnToWalkwayActionContinueForward","rule":"{İleri devam et}"},{"id":"campusTurnToWalkwayActionKeepRight","rule":"{ sağda kal}"},{"id":"campusArcToWalkwayActionMakeSharpRight","rule":"{ sağa keskin dönüş yap}"},{"id":"campusTurnToWalkwayActionBearRight","rule":"{ sağa gir}"},{"id":"campusArcToHallwayActionMakeSharpLeft","rule":"{ sola keskin dönüş yap}"},{"id":"campusTurnToWalkwayActionTurnRight","rule":"{ sağa dön}"},{"id":"campusTurnToWalkwayActionMakeSharpRight","rule":"{ sağa keskin dönüş yap}"},{"id":"campusTurnToWalkwayActionMakeSharpLeft","rule":"{ sola keskin dönüş yap}"},{"id":"campusTurnToWalkwayActionTurnLeft","rule":"{ sola dön}"},{"id":"campusDoorToHallwayActionGo","rule":"{ boyunca ilerle}"},{"id":"DirectionExitName","rule":"#SignpostExit"},{"id":"DirectionRestBreak","rule":"#ArriveTime ({-} #DepartTime) { Ara dinlenme}"},{"id":"campusTurnToWalkwayActionBearLeft","rule":"{ sola gir}"},{"id":"campusArcToHallwayActionTurnLeft","rule":"{ sola dön}"},{"id":"campusTurnToWalkwayActionKeepLeft","rule":"{ solda kal}"},{"id":"campusTurnToWalkwayActionContinue","rule":"{ devam et}"},{"id":"Names","rule":"NAME ({ (} ALT_NAME {)})"},{"id":"campusTurnToWalkwayActionGo","rule":"{ ilerle}"},{"id":"campusStopSideLeft","rule":"{ soldaki }"},{"id":"campusArcToHallwayActionKeepRight","rule":"{ sağda kal}"},{"id":"campusArcToHallwayActionBearRight","rule":"{ sağa gir}"},{"id":"campusArcToHallwayActionTurnRight","rule":"{ sağa dön}"},{"id":"campusArcToHallwayActionMakeSharpRight","rule":"{ sağa keskin dönüş yap}"},{"id":"campusArcToHallwayActionBearLeft","rule":"{ sola gir}"},{"id":"campusArcToHallwayActionKeepLeft","rule":"{ solda kal}"},{"id":"campusArcToHallwayActionContinueForward","rule":"{İleri devam et}"},{"id":"campusArcToWalkwayActionKeepRight","rule":"{ sağda kal}"},{"id":"campusArcToWalkwayActionBearRight","rule":"{ sağa gir}"},{"id":"StopLength","rule":"#StopLength"},{"id":"campusArcToWalkwayActionTurnRight","rule":"{ sağa dön}"},{"id":"campusArcToWalkwayActionTurnLeft","rule":"{ sola dön}"},{"id":"campusArcToWalkwayActionBearLeft","rule":"{ sola gir}"},{"id":"campusArcToWalkwayActionKeepLeft","rule":"{ solda kal}"},{"id":"campusArcToWalkwayActionContinueForward","rule":"{İleri devam et}"},{"id":"TimeShort","rule":"{< 1 dk}"},{"id":"campusArcToActionKeepRight","rule":"{ Sağda kal}"},{"id":"campusArcToActionBearRight","rule":"{ Sağa gir}"},{"id":"campusArcToActionTurnRight","rule":"{ Sağa dön}"},{"id":"campusArcToActionMakeSharpRight","rule":"{ Sağa keskin dönüş yap}"},{"id":"campusArcToActionMakeSharpLeft","rule":"{ Sola keskin dönüş yap}"},{"id":"campusArcToActionTurnLeft","rule":"{ Sola dön}"},{"id":"campusArcToActionBearLeft","rule":"{ Sola gir}"},{"id":"DirectionCrossStreet","rule":"#CrossNames"},{"id":"campusArcToActionKeepLeft","rule":"{ Solda kal}"},{"id":"campusArcToActionContinueForward","rule":"{İleri devam et}"},{"id":"campusFirstActionBearRight","rule":"@campusAtIntersectionNames (NAME { konumuna doğru }) { sağa gir}"},{"id":"DistanceLong","rule":"#Distance(1) ({ } #DistanceUnits)"},{"id":"campusBeforeElevationActionBearRight","rule":"{ sağa gir}"},{"id":"DirectionDayEnd","rule":"(#ArriveTime { }) { Günün Sonu}"},{"id":"campusBeforeElevationActionTurnRight","rule":"{ sağa dön}"},{"id":"campusBeforeElevationActionMakeSharpRight","rule":"{ sağa keskin dönüş yap}"},{"id":"campusGoToHallwayActionGoBack","rule":"{ geri gel}"},{"id":"campusBeforeElevationActionMakeSharpLeft","rule":"{ sola keskin dönüş yap}"},{"id":"campusBeforeElevationActionTurnLeft","rule":"{ sola dön}"},{"id":"campusRightSide","rule":"{sağ}"},{"id":"campusLeftSide","rule":"{sol}"},{"id":"campusAtIntersectionNames","rule":" #Intersection(NAME) { konumunda } ({ (} #Intersection(ALT_NAME) {)})"},{"id":"UnitYardNeutral","rule":"{yd}"},{"id":"campusFirstActionTurnRight","rule":"@campusAtIntersectionNames (NAME { konumuna doğru }) { sağa dön}"},{"id":"campusFirstActionMakeSharpRight","rule":" @campusAtIntersectionNames (NAME { konumuna doğru }) { sağa keskin dönüş yap}"},{"id":"campusFirstActionMakeSharpLeft","rule":" @campusAtIntersectionNames (NAME { konumuna doğru }) { sola keskin dönüş yap}"},{"id":"campusFirstActionBearLeft","rule":" @campusAtIntersectionNames (NAME { konumuna doğru }) { sola gir}"},{"id":"campusFirstActionContinue","rule":"@campusAtIntersectionNames (NAME { konumuna doğru }) { devam et} "},{"id":"campusSecondActionBearRight","rule":" (NAME { konumuna doğru}) { hemen sağa gir}"},{"id":"campusToWalkwayActionContinueForward","rule":"{ ileri devam et}"},{"id":"campusSecondActionTurnRight","rule":" (NAME { konumuna doğru }) { hemen sağa dön}"},{"id":"campusSecondActionMakeSharpRight","rule":" (NAME { konumuna doğru }) { hemen sağa keskin dönüş yap}"},{"id":"campusSecondActionMakeSharpLeft","rule":" (NAME { konumuna doğru }) { hemen sola keskin dönüş yap}"},{"id":"campusSecondActionTurnLeft","rule":" (NAME { konumuna doğru }) { hemen sola dön}"},{"id":"campusSecondActionBearLeft","rule":" (NAME { konumuna doğru }) { hemen sola gir}"},{"id":"campusSecondActionContinue","rule":"(NAME { konumuna doğru }) { hemen devam et} "},{"id":"CumulativeDistanceLong","rule":"#Select(#Distance(1), {0}) ({ } #DistanceUnits)"},{"id":"campusContinueHallwayActionForward","rule":"{ileri devam et}"},{"id":"campusContinueHallwayActionGoForward","rule":"{ilerle}"},{"id":"campusContinueHallwayActionGoBack","rule":"{geri dön}"},{"id":"campusContinueWalkwayActionForward","rule":"{ileri devam et}"},{"id":"campusContinueWalkwayActionGoForward","rule":"{ilerle}"},{"id":"campusContinueWalkwayActionGoBack","rule":"{geri dön}"},{"id":"campusGoToHallwayActionContinueForward","rule":"{ İleri devam et}"},{"id":"campusGoToHallwayActionGoForward","rule":"{ ilerle}"},{"id":"StopWaitTime","rule":"{ Bekleme Zamanı: } #StopWaitTime"},{"id":"campusGoToWalkwayActionContinueForward","rule":"{ ileri devam et}"},{"id":"campusGoToWalkwayActionGoForward","rule":"{ ilerle}"},{"id":"campusGoToWalkwayActionGoBack","rule":"{ geri gel}"},{"id":"campusToActionContinueForward","rule":"{ ileri devam et}"},{"id":"campusToActionGoForward","rule":"{ ilerle}"},{"id":"campusToHallwayActionGoBack","rule":"{ geri gel}"},{"id":"campusToActionGoBack","rule":"{ geri gel}"},{"id":"campusToHallwayActionContinueForward","rule":"{ ileri devam et}"},{"id":"campusToHallwayActionGoForward","rule":"{ ilerle}"},{"id":"UnitMeterSingular","rule":"{m}"},{"id":"campusToWalkwayActionGoForward","rule":"{ ilerle}"},{"id":"campusElevationEscalator","rule":"{yürüyen merdiveni}"},{"id":"campusElevationStairs","rule":"{Merdivenleri}"},{"id":"campusElevationRamp","rule":"{Rampayı}"},{"id":"campusElevationUp","rule":"{yukarı}"},{"id":"StopViolationTime","rule":"{ Aksama Zamani: } #StopViolationTime"},{"id":"campusElevationDown","rule":"{aşağı}"},{"id":"UnitKilometerNeutral","rule":"{km}"},{"id":"campusTakeDoorActionGoInside","rule":"{ içeri boyunca ilerle}"},{"id":"campusTakeDoorActionGoOutside","rule":"{ dışarı boyunca ilerle}"},{"id":"campusTakeDoorToWalkwayActionGoInside","rule":"{ İçeri boyunca ilerle}"},{"id":"campusTakeDoorActionGo","rule":"{ boyunca ilerle}"},{"id":"campusTakeDoorToHallwayActionGoInside","rule":"{ içeri boyunca ilerle}"},{"id":"campusTakeDoorToHallwayActionGoOutside","rule":"{ dışarı boyunca ilerle}"},{"id":"campusTakeDoorToHallwayActionGo","rule":"{ boyunca ilerle}"},{"id":"campusTakeDoorToWalkwayActionGoOutside","rule":"{ dışarı boyunca ilerle}"},{"id":"campusTakeDoorToWalkwayActionGo","rule":"{ boyunca ilerle}"},{"id":"campusDoorActionGoInside","rule":"{ içeri boyunca ilerle}"},{"id":"campusDoorActionGoOutside","rule":"{ dışarı boyunca ilerle}"},{"id":"campusDoorActionGo","rule":"{ boyunca ilerle}"},{"id":"UnitNauticalNeutral","rule":"{nmi}"},{"id":"campusDoorToActionGoInside","rule":"{ içeri boyunca ilerle}"},{"id":"campusDoorToActionGoOutside","rule":"{ dışarı boyunca ilerle}"},{"id":"campusDoorToActionGo","rule":"{ boyunca ilerle}"},{"id":"campusDoorToHallwayActionGoInside","rule":"{ içeri boyunca ilerle}"},{"id":"campusDoorToWalkwayActionGoOutside","rule":"{ dışarı boyunca ilerle}"},{"id":"campusDoorToWalkwayActionGo","rule":"{ boyunca ilerle}"},{"id":"TimeLong","rule":"(#TotalHours(0) { s }) (#RoundedMinutesOfHour(0) { dk})"},{"id":"TravelTimeShort","rule":"{< 1 dk}"},{"id":"UnitMilePlural","rule":"{mi}"},{"id":"TravelTimeLong","rule":"(#Days(0) { g }) (#HoursOfDay(0) { s }) (#RoundedMinutesOfHour(0) { dk})"},{"id":"StopTimeShort","rule":"{< 1 dk}"},{"id":"StopTimeLong","rule":"(#TotalHours(0) { s }) (#RoundedMinutesOfHour(0) { dk})"},{"id":"TimeZoneChange","rule":"#Sign (#TotalHours(0) { s }) (#RoundedMinutesOfHour(0) { dk})"},{"id":"SignpostDestination","rule":"#String(0) ({ / } #String(1)) ({ / } #String(2)) ({ / } #String(3)) ({ / } #String(4))"},{"id":"campusStopSideRight","rule":"{ sağdaki }"},{"id":"CrossNames","rule":"#String(0) ({ / } #String(1))"},{"id":"campusLandmarkOnTheLeft","rule":"{ sol}"},{"id":"DirectionBranch","rule":"#Branch"},{"id":"campusLandmarkOnTheRight","rule":"{ sağ}"},{"id":"campusLandmarkOnTheFarLeft","rule":"{ daha sol}"},{"id":"campusLandmarkOnTheFarRight","rule":"{ daha sağ}"},{"id":"campusLandmarkOnTheNearLeft","rule":"{ yakın sol}"},{"id":"UnitYardPlural","rule":"{yd}"},{"id":"campusLandmarkOnTheNearRight","rule":"{ yakın sağ}"},{"id":"UnitMileSingular","rule":"{mi}"},{"id":"UnitMileNeutral","rule":"{mi}"},{"id":"UnitKilometerPlural","rule":"{km}"},{"id":"UnitMeterNeutral","rule":"{m}"},{"id":"UnitFootSingular","rule":"{ft}"},{"id":"UnitFootPlural","rule":"{ft}"},{"id":"UnitFootNeutral","rule":"{ft}"},{"id":"UnitYardSingular","rule":"{yd}"},{"id":"DirectionTime","rule":"#ItemTime"},{"id":"UnitNauticalSingular","rule":"{nmi}"},{"id":"UnitNauticalPlural","rule":"{nmi}"},{"id":"UnitSecondSingular","rule":"{ sn}"},{"id":"UnitSecondPlural","rule":"{ sn}"},{"id":"UnitSecondNeutral","rule":"{ sn}"},{"id":"StopSummary","rule":"{ Mesafe: } #StopLength"},{"id":"StopTimeWindow","rule":"{ Zaman Penceresi: } #StopTimeWindowStart { - } #StopTimeWindowEnd"},{"id":"StopStayTime","rule":"{ Servis Süresi: } #StopStayTime"},{"id":"StopFullTime","rule":"#StopFullTime"},{"id":"campusDirectionWalk","rule":"{Yürü} ({ } #ItemLength) ({ ~ } #ItemTime)"},{"id":"DirectionLength","rule":"#ItemLength"},{"id":"DirectionETA","rule":"#ArriveTime"},{"id":"DirectionToward","rule":"#Destination"},{"id":"DirectionStreet","rule":"NAME"},{"id":"DirectionAltNames","rule":"ALT_NAME ({ / } ALT_NAME2)"},{"id":"DirectionAfterBreak","rule":"(#DepartTime { }) @@Names { üzerinde } { bekle} "},{"id":"campusEventLandmarkManeuverGuidance","rule":"#FirstUpper(#LandmarkName) { kesişime yakın}"},{"id":"campusEventLandmarkPassageVerification","rule":" #LandmarkName ({ üzerinde } #LandmarkPosition) {a geçip git }"}],"lookupMapping":[]}}}]}}