{"directions":{"settings":[{"style":{"id":"NA Desktop","language":{"id":"cs","description":"čeština","strings":[{"id":"AzimuthSE","rule":"{jihovýchod}"},{"id":"ManeuverStopOnRoundabout","rule":"{Projeďte kruhový objezd}"},{"id":"ManeuverHeader","rule":"{Start} ({ v } #StopName)"},{"id":"ManeuverAnyRoad","rule":"#FirstUpper(({jeďte ve směru} ({ } #Azimuth) ({ na } @@Names) ({ ve směru } #CrossNames)))"},{"id":"ForkSideStraight","rule":"{rovně}"},{"id":"RoadSplitSideToStayStraight","rule":"{rovně}"},{"id":"ManeuverFooter","rule":"{Cíl} @StopArrival ({ v } #StopName) (#StopSide)"},{"id":"EventLandmarkManeuverGuidance","rule":"{Proveďte změnu směru } @@LandmarkPrepositionString(#LandmarkPreposition) { } #FirstUpper(#LandmarkName)"},{"id":"StopArrival","rule":"{ } #StopArrival({brzy},{pozdě})"},{"id":"ManeuverDepart","rule":"{Odjezd z} ({ } #StopName)"},{"id":"ManeuverFerryBypass","rule":"{Cesta trajektem} ({ ~ } #ItemTime) ({ } #ItemLength)"},{"id":"Names","rule":"NAME ({ (} ALT_NAME {)})"},{"id":"AzimuthNE","rule":"{severovýchod}"},{"id":"ManeuverFerry","rule":"{Nastupte na} ({ } @@Names) { trajekt}"},{"id":"ManeuverUTurn","rule":"{Otočte se} @AtIntersectionOrCrossNames { a jeďte zpět} ({ na } @@Names)"},{"id":"ManeuverArrive","rule":"{Příjezd} @StopArrival ({ do } #StopName) (#StopSide)"},{"id":"ManeuverStopArrive","rule":"#FirstUpper((#StopArriveAction ({ } #Azimuth) ({ na } @@Names)))"},{"id":"ManeuverTurnOntoLocalRoad","rule":"#FirstUpper( (@AtExit #LocalRoadAction @AtIntersectionNames ({ na } @@Names) ({ ve směru } #Destination)) )"},{"id":"AtExit","rule":"{na výjezdu } #SignpostExit { }"},{"id":"AtIntersectionNames","rule":"{ na } #Intersection(NAME) ({ (} #Intersection(ALT_NAME) {)})"},{"id":"FirstActionMakeSharpRight","rule":"{odbočte ostře vpravo} @AtIntersectionNames ({ na } NAME)"},{"id":"ManeuverPathCurves","rule":"#FirstUpper( (@AtExit #PathCurveAction @AtIntersectionOrCrossNames ({ a zůstaňte na silnici } @@Names) ({ ve směru } #Destination)) )"},{"id":"UTurnRampActionTurnLeft","rule":"{odbočte vlevo na nájezd}"},{"id":"AtIntersectionOrCrossNames","rule":"#Select(@AtIntersectionNames, ({ na } #CrossNames))"},{"id":"PathCurveActionTurnLeft","rule":"{odbočte vlevo}"},{"id":"TimeZoneChange","rule":"#Sign (#TotalHours(0) { h }) (#RoundedMinutesOfHour(0) { min})"},{"id":"ManeuverOntoHighway","rule":"#FirstUpper( @AtExit #HighwayAction @AtIntersectionNames #Select(@OnBranchDestination, ({ na } @@Names)) )"},{"id":"OnBranchDestination","rule":"({ na } #Branch) ({ ve směru } #Destination)"},{"id":"ManeuverDoubleTurn","rule":"#FirstUpper((#FirstTurn(#FirstActionBearing) { a } #SecondTurn(#SecondActionBearing)))"},{"id":"UnitFootPlural","rule":"{ft}"},{"id":"LocalRoadActionTurnRight","rule":"{odbočte vpravo}"},{"id":"ManeuverUTurnViaRamp","rule":"#FirstUpper( (#UTurnRampAction { , otočte se a jeďte zpět} ({ na } @@Names)) )"},{"id":"ManeuverUTurnViaRoundabout","rule":"@RoundaboutHeaderGoBack ({ na } @@Names)"},{"id":"RoundaboutHeaderGoBack","rule":"#Select(({Z kruhového objezdu vyjeďte } @@ExitNumberString(#ExitNumber) { výjezdem a jeďte zpět}), {Projeďte kruhový objezd a jeďte zpět})"},{"id":"AzimuthS","rule":"{jih}"},{"id":"ManeuverEndOfFerry","rule":"#FirstUpper( @AtExit #EndOfFerryAction #Select(@OnBranchDestination,  ({ na } @@Names)) )"},{"id":"UnitNauticalPlural","rule":"{nmi}"},{"id":"PathCurveActionMakeSharpRight","rule":"{odbočte ostře vpravo}"},{"id":"ManeuverFork","rule":"#FirstUpper( (#Select(@AtExit, {na rozdvojení }) #ForkAction ({ } #ForkSide) #Select(@OnBranchDestination, ({ na } @@Names))) )"},{"id":"LocalRoadActionBearRight","rule":"{zahněte vpravo}"},{"id":"ManeuverSkipSignpostRamps","rule":"#FirstUpper( @AtExit #SkipSignpostRampAction #Select(@ToBranchDestination, ({ do } @@Names)) )"},{"id":"TravelTimeShort","rule":"{< 1 min}"},{"id":"UnitMilePlural","rule":"{mil}"},{"id":"ManeuverRoadSplitToProceed","rule":"#FirstUpper( (@AtExit #RoadSplitActionToProceed ({ } #RoadSplitSideToProceed) { pro pokračování} #Select(@OnBranchDestination, ({ na } @@Names))) ) "},{"id":"FirstActionTurnRight","rule":"{odbočte vpravo} @AtIntersectionNames ({ na } NAME)"},{"id":"ManeuverRoadSplitToStay","rule":"#FirstUpper( (@AtExit #RoadSplitActionToStay ({ } #RoadSplitSideToStay) { pro setrvání} #Select(@OnBranchDestination, ({ na } @@Names))) ) "},{"id":"UTurnRampActionAtForkRight","rule":"{jeďte nájezdem vpravo}"},{"id":"LocalRoadActionGo","rule":"{jeďte na}"},{"id":"EventTakeRoundaboutToStay","rule":"{Projeďte kruhový objezd} ({ a zůstaňte na silnici } @@Names)"},{"id":"DirectionCumulativeLength","rule":"#CumulativeDistance"},{"id":"AzimuthSW","rule":"{jihozápad}"},{"id":"ToProceed","rule":"{ a pokračujte} #Select(@OnBranchDestination, ({ na } @@Names))"},{"id":"ManeuverSkipRoundabout","rule":"@RoundaboutHeader @ToProceed"},{"id":"AzimuthW","rule":"{západ}"},{"id":"RoundaboutHeader","rule":"#Select(({Z kruhového objezdu vyjeďte } @@ExitNumberString(#ExitNumber) { výjezdem}), {Projeďte kruhový objezd})"},{"id":"ManeuverSkipRoundaboutRamp","rule":"@RoundaboutHeader #Select(@ToBranchDestination, ({ do } @@Names))"},{"id":"ToBranchDestination","rule":"({ do } #Branch) ({ ve směru } #Destination)"},{"id":"EventRestrictionViolation","rule":"{Omezení: } #Restriction"},{"id":"ManeuverSkipHighwayRamps","rule":"#FirstUpper( @AtExit #SkipHighwayRampAction #Select(@AndGoOnBranchDestination, ({ a jeďte po } @@Names)) )"},{"id":"AndGoOnBranchDestination","rule":"({ a jeďte po silnici } #Branch) ({ ve směru } #Destination)"},{"id":"EventTimeChanged","rule":"{Vjíždíte do jiné časové zóny.} ({ Změna času: } #TZChange)"},{"id":"FirstActionBearRight","rule":"{držte se vpravo} @AtIntersectionNames ({ na } NAME)"},{"id":"PathCurveActionContinue","rule":"{pokračujte}"},{"id":"EventCrossingBorder","rule":"{Vjíždíte do} ({ } CROSSADMINBORDER)"},{"id":"AzimuthN","rule":"{sever}"},{"id":"AzimuthE","rule":"{východ}"},{"id":"AzimuthNW","rule":"{severozápad}"},{"id":"RoadSplitSideToStayLeft","rule":"{vlevo}"},{"id":"PathCurveActionBearRight","rule":"{držte se vpravo}"},{"id":"LocalRoadActionContinue","rule":"{pokračujte}"},{"id":"LocalRoadActionMakeSharpRight","rule":"{odbočte ostře vpravo}"},{"id":"LocalRoadActionMakeSharpLeft","rule":"{odbočte ostře vlevo}"},{"id":"PathCurveActionBearLeft","rule":"{držte se vlevo}"},{"id":"LocalRoadActionTurnLeft","rule":"{odbočte vlevo}"},{"id":"LandmarkOnTheNearRight","rule":"{mírně vpravo}"},{"id":"LocalRoadActionBearLeft","rule":"{zahněte vlevo}"},{"id":"PathCurveActionTurnRight","rule":"{odbočte vpravo}"},{"id":"PathCurveActionMakeSharpLeft","rule":"{odbočte ostře vlevo}"},{"id":"FirstActionMakeSharpLeft","rule":"{odbočte ostře vlevo} @AtIntersectionNames ({ na } NAME)"},{"id":"FirstActionTurnLeft","rule":"{odbočte vlevo} @AtIntersectionNames ({ na } NAME)"},{"id":"FirstActionBearLeft","rule":"{držte se vlevo} @AtIntersectionNames ({na } NAME)"},{"id":"FirstActionContinue","rule":"{pokračujte} @AtIntersectionNames ({ na } NAME)"},{"id":"SecondActionBearRight","rule":"{poté se ihned držte vpravo} ({ na } NAME)"},{"id":"DirectionAfterBreak","rule":"(#DepartTime { }) {Zůstaňte} { na silnici } @@Names"},{"id":"SecondActionTurnRight","rule":"{poté ihned odbočte vpravo} ({ na } NAME)"},{"id":"SecondActionMakeSharpRight","rule":"{poté ihned odbočte ostře vpravo} ({ na } NAME)"},{"id":"SkipHighwayRampActionAtForkRight","rule":"{jeďte nájezdem vpravo}"},{"id":"SecondActionMakeSharpLeft","rule":"{poté ihned odbočte ostře vlevo} ({ na } NAME)"},{"id":"EndOfFerryActionTurnLeft","rule":"{odbočte vlevo}"},{"id":"SecondActionTurnLeft","rule":"{poté ihned odbočte vlevo} ({ na } NAME)"},{"id":"SecondActionBearLeft","rule":"{poté se ihned držte vlevo} ({ na } NAME)"},{"id":"SecondActionContinue","rule":"{poté ihned pokračujte} ({ na } NAME)"},{"id":"HighwayActionBearRight","rule":"{držte se vpravo}"},{"id":"DistanceLong","rule":"#Distance(1) ({ } #DistanceUnits)"},{"id":"SkipHighwayRampActionAtFork","rule":"#Select(#SkipHighwayRampActionAtFork, {jeďte nájezdem})"},{"id":"UnitNauticalNeutral","rule":"{nmi}"},{"id":"SkipHighwayRampActionBearRight","rule":"{držte se vpravo na nájezd}"},{"id":"SkipHighwayRampActionTurnRight","rule":"{odbočte vpravo na nájezd}"},{"id":"SkipHighwayRampActionMakeSharpRight","rule":"{odbočte ostře vpravo na nájezd}"},{"id":"SkipHighwayRampActionMakeSharpLeft","rule":"{odbočte ostře vlevo na nájezd}"},{"id":"SkipHighwayRampActionTurnLeft","rule":"{odbočte vlevo na nájezd}"},{"id":"SkipHighwayRampActionBearLeft","rule":"{držte se vlevo na nájezd}"},{"id":"SkipHighwayRampActionTakeRamp","rule":"{jeďte nájezdem}"},{"id":"SkipHighwayRampActionAtForkLeft","rule":"{jeďte nájezdem vlevo}"},{"id":"SkipSignpostRampActionAtFork","rule":"#Select(#SkipSignpostRampActionAtFork, {jeďte nájezdem})"},{"id":"SkipSignpostRampActionBearRight","rule":"{držte se vpravo na nájezd}"},{"id":"SkipSignpostRampActionTurnRight","rule":"{odbočte vpravo na nájezd}"},{"id":"UnitYardNeutral","rule":"{yd}"},{"id":"SkipSignpostRampActionMakeSharpRight","rule":"{odbočte ostře vpravo na nájezd}"},{"id":"UTurnRampActionTakeRamp","rule":"{jeďte nájezdem}"},{"id":"SkipSignpostRampActionMakeSharpLeft","rule":"{odbočte ostře vlevo na nájezd}"},{"id":"SkipSignpostRampActionTurnLeft","rule":"{odbočte vlevo na nájezd}"},{"id":"SkipSignpostRampActionBearLeft","rule":"{držte se vlevo na nájezd}"},{"id":"SkipSignpostRampActionTakeRamp","rule":"{jeďte nájezdem}"},{"id":"SkipSignpostRampActionAtForkLeft","rule":"{jeďte nájezdem vlevo}"},{"id":"SkipSignpostRampActionAtForkRight","rule":"{jeďte nájezdem vpravo}"},{"id":"UTurnRampActionFork","rule":"#Select(#UTurnRampActionAtFork, {jeďte nájezdem})"},{"id":"UTurnRampActionBearRight","rule":"{držte se vpravo na nájezd}"},{"id":"UTurnRampActionTurnRight","rule":"{odbočte vpravo na nájezd}"},{"id":"LandmarkOnTheFarRight","rule":"{úplně vpravo}"},{"id":"UTurnRampActionMakeSharpRight","rule":"{odbočte ostře vpravo na nájezd}"},{"id":"UTurnRampActionMakeSharpLeft","rule":"{odbočte ostře vlevo na nájezd}"},{"id":"UTurnRampActionBearLeft","rule":"{držte se vlevo na nájezd}"},{"id":"UTurnRampActionAtForkLeft","rule":"{jeďte nájezdem vlevo}"},{"id":"HighwayActionGo","rule":"{jeďte na}"},{"id":"LandmarkOnTheFarLeft","rule":"{úplně vlevo}"},{"id":"HighwayActionTurnRight","rule":"{odbočte vpravo}"},{"id":"HighwayActionMakeSharpRight","rule":"{odbočte ostře vpravo}"},{"id":"ForkActionLeft","rule":"{držte se}"},{"id":"HighwayActionMakeSharpLeft","rule":"{odbočte ostře vlevo}"},{"id":"HighwayActionTurnLeft","rule":"{odbočte vlevo}"},{"id":"HighwayActionBearLeft","rule":"{držte se vlevo}"},{"id":"CrossNames","rule":"#String(0) ({/} #String(1))"},{"id":"EndOfFerryActionGo","rule":"{jeďte na}"},{"id":"EndOfFerryActionBearRight","rule":"{držte se vpravo}"},{"id":"EndOfFerryActionTurnRight","rule":"{odbočte vpravo}"},{"id":"EndOfFerryActionMakeSharpRight","rule":"{odbočte ostře vpravo}"},{"id":"EndOfFerryActionMakeSharpLeft","rule":"{odbočte ostře vlevo}"},{"id":"EndOfFerryActionBearLeft","rule":"{držte se vlevo}"},{"id":"StopArriveActionContinue","rule":"{pokračujte}"},{"id":"StopArriveActionGo","rule":"{jeďte na}"},{"id":"StopArriveActionBack","rule":"{vraťte se}"},{"id":"ForkActionRight","rule":"{držte se}"},{"id":"ForkActionStraight","rule":"{jeďte}"},{"id":"UnitSecondNeutral","rule":"{sec}"},{"id":"ForkSideLeft","rule":"{vlevo}"},{"id":"RoadSplitSideToProceedLeft","rule":"{vlevo}"},{"id":"ForkSideRight","rule":"{vpravo}"},{"id":"RoadSplitActionToProceedLeft","rule":"{držte se}"},{"id":"RoadSplitActionToProceedRight","rule":"{držte se}"},{"id":"RoadSplitActionToProceedStraight","rule":"{jeďte}"},{"id":"RoadSplitSideToProceedRight","rule":"{vpravo}"},{"id":"RoadSplitSideToProceedStraight","rule":"{rovně}"},{"id":"RoadSplitActionToStayLeft","rule":"{držte se}"},{"id":"RoadSplitActionToStayRight","rule":"{držte se}"},{"id":"RoadSplitActionToStayStraight","rule":"{jeďte}"},{"id":"RoadSplitSideToStayRight","rule":"{vpravo}"},{"id":"DistanceShort","rule":"{< } #MinDistance(1) ({ } #DistanceUnits)"},{"id":"CumulativeDistanceLong","rule":"#Select(#Distance(1), {0}) ({ } #DistanceUnits)"},{"id":"TimeShort","rule":"{< 1 min}"},{"id":"TimeLong","rule":"(#TotalHours(0) { h }) (#RoundedMinutesOfHour(0) { min})"},{"id":"TravelTimeLong","rule":"(#Days(0) { d }) (#HoursOfDay(0) { h }) (#RoundedMinutesOfHour(0) { min})"},{"id":"StopTimeShort","rule":"{< 1 min}"},{"id":"StopTimeLong","rule":"(#TotalHours(0) { h }) (#RoundedMinutesOfHour(0) { min})"},{"id":"SignpostDestination","rule":"#String(0) ({/} #String(1)) ({/} #String(2)) ({/} #String(3)) ({/} #String(4))"},{"id":"StopSideLeft","rule":"{ vlevo}"},{"id":"StopSideRight","rule":"{ vpravo}"},{"id":"LandmarkOnTheLeft","rule":"{po levé straně}"},{"id":"LandmarkOnTheRight","rule":"{po pravé straně}"},{"id":"LandmarkOnTheNearLeft","rule":"{mírně vlevo}"},{"id":"UnitMileSingular","rule":"{mil}"},{"id":"UnitMileNeutral","rule":"{mil}"},{"id":"UnitKilometerSingular","rule":"{km}"},{"id":"UnitKilometerPlural","rule":"{km}"},{"id":"UnitKilometerNeutral","rule":"{km}"},{"id":"UnitMeterSingular","rule":"{m}"},{"id":"UnitMeterPlural","rule":"{m}"},{"id":"UnitMeterNeutral","rule":"{m}"},{"id":"UnitFootSingular","rule":"{ft}"},{"id":"UnitFootNeutral","rule":"{ft}"},{"id":"UnitYardSingular","rule":"{yd}"},{"id":"DirectionTime","rule":"#ItemTime"},{"id":"UnitYardPlural","rule":"{yd}"},{"id":"UnitNauticalSingular","rule":"{nmi}"},{"id":"UnitSecondSingular","rule":"{sec}"},{"id":"UnitSecondPlural","rule":"{sec}"},{"id":"StopSummary","rule":"{Vzdálenost: } #StopLength"},{"id":"StopTimeWindow","rule":"{Časové okno: } #StopTimeWindowStart { - } #StopTimeWindowEnd"},{"id":"StopStayTime","rule":"{Doba obsloužení: } #StopStayTime"},{"id":"StopFullTime","rule":"#StopFullTime"},{"id":"StopWaitTime","rule":"{Čekací doba: } #StopWaitTime"},{"id":"StopViolationTime","rule":"{Zpoždění: } #StopViolationTime"},{"id":"StopLength","rule":"#StopLength"},{"id":"DirectionDrive","rule":"{Jízda} ({ } #ItemLength) ({ ~ } #ItemTime)"},{"id":"DirectionLength","rule":"#ItemLength"},{"id":"DirectionETA","rule":"#ArriveTime"},{"id":"DirectionBranch","rule":"#Branch"},{"id":"DirectionToward","rule":"#Destination"},{"id":"DirectionCrossStreet","rule":"#CrossNames"},{"id":"DirectionExitName","rule":"#SignpostExit"},{"id":"DirectionRestBreak","rule":"#ArriveTime ({-} #DepartTime) { Přestávka}"},{"id":"DirectionStreet","rule":"NAME"},{"id":"DirectionAltNames","rule":"ALT_NAME ({/} ALT_NAME2)"},{"id":"DirectionDayEnd","rule":"(#ArriveTime { }) {Konec dne}"},{"id":"EventLandmarkPassageVerification","rule":"{Projedete @@LandmarkPrepositionString(#LandmarkPreposition) { } #LandmarkName ({. Bude } #LandmarkPosition)"}],"lookupMapping":[{"id":"ExitNumberString","value":[{"key":"1","value":"{1.}"},{"key":"2","value":"{2.}"},{"key":"3","value":"{3.}"},{"key":"4","value":"{4.}"},{"key":"5","value":"{5.}"},{"key":"6","value":"{6.}"},{"key":"7","value":"{7.}"},{"key":"8","value":"{8.}"},{"key":"9","value":"{9.}"},{"key":"10","value":"{10.}"}]},{"id":"LandmarkPrepositionString","value":[{"key":"AFTER","value":"{po}"},{"key":"AT","value":"{u}"},{"key":"BEFORE","value":"{před}"},{"key":"ONTO","value":"{na}"},{"key":"OVER","value":"{nad}"},{"key":"PAST","value":"{kolem}"},{"key":"THROUGH","value":"{skrz}"},{"key":"UNDER","value":"{pod}"},{"key":"BY","value":"{do}"},{"key":"NEAR","value":"{blízko}"}]}]}}}]}}