{"directions":{"settings":[{"style":{"id":"NA Desktop","language":{"id":"el","description":"Ελληνικά","strings":[{"id":"AzimuthSE","rule":"{νοτιοανατολικά}"},{"id":"ManeuverStopOnRoundabout","rule":"{Ακολουθήστε τον κυκλικό κόμβο}"},{"id":"ManeuverHeader","rule":"{Ξεκινήστε} ({ από } #StopName)"},{"id":"ManeuverAnyRoad","rule":"#FirstUpper(({κατευθυνθείτε} ({ } #Azimuth) ({ στην } @@Names) ({ προς την } #CrossNames)))"},{"id":"ForkSideStraight","rule":"{ευθεία}"},{"id":"RoadSplitSideToStayStraight","rule":"{ευθεία}"},{"id":"ManeuverFooter","rule":"{Φτάνετε στον προορισμό σας} @StopArrival ({ στην } #StopName) (#StopSide)"},{"id":"EventLandmarkManeuverGuidance","rule":"{Κάντε ελιγμό } @@LandmarkPrepositionString(#LandmarkPreposition) { } #FirstUpper(#LandmarkName)"},{"id":"StopArrival","rule":"{ } #StopArrival({νωρίτερα},{με καθυστέρηση})"},{"id":"ManeuverDepart","rule":"{Αναχωρήστε από} ({ } #StopName)"},{"id":"ManeuverFerryBypass","rule":"{Μείνετε στο ferry για} ({ ~ } #ItemTime) ({ } #ItemLength)"},{"id":"Names","rule":"NAME ({ (} ALT_NAME {)})"},{"id":"AzimuthNE","rule":"{βορειοανατολικά}"},{"id":"ManeuverFerry","rule":"{Πάρτε το ferry} ({ } @@Names) {}"},{"id":"ManeuverUTurn","rule":"{Κάνετε αναστροφή} @AtIntersectionOrCrossNames { και επιστρέψτε} ({ στην } @@Names)"},{"id":"ManeuverArrive","rule":"{Φτάνετε} @StopArrival ({ στην } #StopName) (#StopSide)"},{"id":"ManeuverStopArrive","rule":"#FirstUpper((#StopArriveAction ({ } #Azimuth) ({ στην } @@Names)))"},{"id":"ManeuverTurnOntoLocalRoad","rule":"#FirstUpper( (@AtExit #LocalRoadAction @AtIntersectionNames ({ στην } @@Names) ({ προς } #Destination)) )"},{"id":"AtExit","rule":"{στην έξοδο } #SignpostExit { }"},{"id":"AtIntersectionNames","rule":"{ στην } #Intersection(NAME) ({ (} #Intersection(ALT_NAME) {)})"},{"id":"FirstActionMakeSharpRight","rule":"{κάνετε απότομη στροφή δεξιά} @AtIntersectionNames ({ στην } NAME)"},{"id":"ManeuverPathCurves","rule":"#FirstUpper( (@AtExit #PathCurveAction @AtIntersectionOrCrossNames ({ για να παραμείνετε στην } @@Names) ({ προς } #Destination)) )"},{"id":"UTurnRampActionTurnLeft","rule":"{στρίψτε αριστερά πάνω στη ράμπα}"},{"id":"AtIntersectionOrCrossNames","rule":"#Select(@AtIntersectionNames, ({ στην } #CrossNames))"},{"id":"PathCurveActionTurnLeft","rule":"{στρίψτε αριστερά}"},{"id":"TimeZoneChange","rule":"#Sign (#TotalHours(0) { ώρες }) (#RoundedMinutesOfHour(0) { λεπτά})"},{"id":"ManeuverOntoHighway","rule":"#FirstUpper( @AtExit #HighwayAction @AtIntersectionNames #Select(@OnBranchDestination, ({ στην } @@Names)) )"},{"id":"OnBranchDestination","rule":"({ στην } #Branch) ({ προς } #Destination)"},{"id":"ManeuverDoubleTurn","rule":"#FirstUpper( (#FirstTurn(#FirstActionBearing) { και } #SecondTurn(#SecondActionBearing)) )"},{"id":"UnitFootPlural","rule":"{πόδ.}"},{"id":"LocalRoadActionTurnRight","rule":"{στρίψτε δεξιά}"},{"id":"ManeuverUTurnViaRamp","rule":"#FirstUpper( (#UTurnRampAction { για να κάνετε αναστροφή και να επιστρέψετε} ({ στην } @@Names)) )"},{"id":"ManeuverUTurnViaRoundabout","rule":"@RoundaboutHeaderGoBack ({ στην } @@Names)"},{"id":"RoundaboutHeaderGoBack","rule":"#Select(({Στον κυκλικό κόμβο, πάρτε την } @@ExitNumberString(#ExitNumber) { έξοδο για να επιστρέψετε}), {Ακολουθήστε τον κυκλικό κόμβο και επιστρέψτε})"},{"id":"AzimuthS","rule":"{νότια}"},{"id":"ManeuverEndOfFerry","rule":"#FirstUpper( @AtExit #EndOfFerryAction #Select(@OnBranchDestination,  ({ στην } @@Names)) )"},{"id":"UnitNauticalPlural","rule":"{ν.μίλ.}"},{"id":"PathCurveActionMakeSharpRight","rule":"{κάνετε απότομη στροφή δεξιά}"},{"id":"ManeuverFork","rule":"#FirstUpper( (#Select(@AtExit, {στη διχάλα }) #ForkAction ({ } #ForkSide) #Select(@OnBranchDestination, ({ στην } @@Names))) )"},{"id":"LocalRoadActionBearRight","rule":"{πηγαίνετε δεξιά}"},{"id":"ManeuverSkipSignpostRamps","rule":"#FirstUpper( @AtExit #SkipSignpostRampAction #Select(@ToBranchDestination, ({ στην } @@Names)) )"},{"id":"TravelTimeShort","rule":"{< 1 λεπτό}"},{"id":"UnitMilePlural","rule":"{μίλ.}"},{"id":"ManeuverRoadSplitToProceed","rule":"#FirstUpper( (@AtExit #RoadSplitActionToProceed ({ } #RoadSplitSideToProceed) { για να κατευθυνθείτε} #Select(@OnBranchDestination, ({ στην } @@Names))) ) "},{"id":"FirstActionTurnRight","rule":"{στρίψτε δεξιά} @AtIntersectionNames ({ στην } NAME)"},{"id":"ManeuverRoadSplitToStay","rule":"#FirstUpper( (@AtExit #RoadSplitActionToStay ({ } #RoadSplitSideToStay) { για να παραμείνετε} #Select(@OnBranchDestination, ({ στην } @@Names))) ) "},{"id":"UTurnRampActionAtForkRight","rule":"{πάρτε τη ράμπα στα δεξιά}"},{"id":"LocalRoadActionGo","rule":"{προχωρήστε}"},{"id":"EventTakeRoundaboutToStay","rule":"{Ακολουθήστε τον κυκλικό κόμβο} ({ για να παραμείνετε στην } @@Names)"},{"id":"DirectionCumulativeLength","rule":"#CumulativeDistance"},{"id":"AzimuthSW","rule":"{νοτιοδυτικά}"},{"id":"ToProceed","rule":"{ για να κατευθυνθείτε} #Select(@OnBranchDestination, ({ στην } @@Names))"},{"id":"ManeuverSkipRoundabout","rule":"@RoundaboutHeader @ToProceed"},{"id":"AzimuthW","rule":"{δυτικά}"},{"id":"RoundaboutHeader","rule":"#Select(({Στον κυκλικό κόμβο, πάρτε την } @@ExitNumberString(#ExitNumber) { έξοδο}), {Ακολουθήστε τον κυκλικό κόμβο})"},{"id":"ManeuverSkipRoundaboutRamp","rule":"@RoundaboutHeader #Select(@ToBranchDestination, ({ στην } @@Names))"},{"id":"ToBranchDestination","rule":"({ στην } #Branch) ({ προς } #Destination)"},{"id":"EventRestrictionViolation","rule":"{Περιορισμός: } #Restriction"},{"id":"ManeuverSkipHighwayRamps","rule":"#FirstUpper( @AtExit #SkipHighwayRampAction #Select(@AndGoOnBranchDestination, ({ και πηγαίνετε στην } @@Names)) )"},{"id":"AndGoOnBranchDestination","rule":"({ και συνεχίστε } #Branch) ({ προς } #Destination)"},{"id":"EventTimeChanged","rule":"{Εισέρχεστε σε νέα ζώνη ώρας.} ({ Αλλαγή ώρας: } #TZChange)"},{"id":"FirstActionBearRight","rule":"{πηγαίνετε δεξιά} @AtIntersectionNames ({ στην } NAME)"},{"id":"PathCurveActionContinue","rule":"{συνεχίστε}"},{"id":"EventCrossingBorder","rule":"{Εισέρχεστε} ({ στην } CROSSADMINBORDER)"},{"id":"AzimuthN","rule":"{βόρεια}"},{"id":"AzimuthE","rule":"{ανατολικά}"},{"id":"AzimuthNW","rule":"{βορειοδυτικά}"},{"id":"RoadSplitSideToStayLeft","rule":"{αριστερά}"},{"id":"PathCurveActionBearRight","rule":"{πηγαίνετε δεξιά}"},{"id":"LocalRoadActionContinue","rule":"{συνεχίστε}"},{"id":"LocalRoadActionMakeSharpRight","rule":"{κάνετε απότομη στροφή δεξιά}"},{"id":"LocalRoadActionMakeSharpLeft","rule":"{κάνετε απότομη στροφή αριστερά}"},{"id":"PathCurveActionBearLeft","rule":"{πηγαίνετε αριστερά}"},{"id":"LocalRoadActionTurnLeft","rule":"{στρίψτε αριστερά}"},{"id":"LandmarkOnTheNearRight","rule":"{δεξιά, σε κοντινή απόσταση}"},{"id":"LocalRoadActionBearLeft","rule":"{πηγαίνετε αριστερά}"},{"id":"PathCurveActionTurnRight","rule":"{στρίψτε δεξιά}"},{"id":"PathCurveActionMakeSharpLeft","rule":"{κάνετε απότομη στροφή αριστερά}"},{"id":"FirstActionMakeSharpLeft","rule":"{κάνετε απότομη στροφή αριστερά} @AtIntersectionNames ({ στην } NAME)"},{"id":"FirstActionTurnLeft","rule":"{στρίψτε αριστερά} @AtIntersectionNames ({ στην } NAME)"},{"id":"FirstActionBearLeft","rule":"{πηγαίνετε αριστερά} @AtIntersectionNames ({ στην } NAME)"},{"id":"FirstActionContinue","rule":"{συνεχίστε} @AtIntersectionNames ({ στην } NAME)"},{"id":"SecondActionBearRight","rule":"{πηγαίνετε απευθείας δεξιά} ({ στην } NAME)"},{"id":"DirectionAfterBreak","rule":"(#DepartTime { }) {Παραμείνετε} { στην } @@Names"},{"id":"SecondActionTurnRight","rule":"{στρίψτε απευθείας δεξιά} ({ στην } NAME)"},{"id":"SecondActionMakeSharpRight","rule":"{κάνετε απευθείας απότομη στροφή δεξιά} ({ στην } NAME)"},{"id":"SkipHighwayRampActionAtForkRight","rule":"{πάρτε τη ράμπα στα δεξιά}"},{"id":"SecondActionMakeSharpLeft","rule":"{κάνετε απευθείας απότομη στροφή δεξιά} ({ στην } NAME)"},{"id":"EndOfFerryActionTurnLeft","rule":"{στρίψτε αριστερά}"},{"id":"SecondActionTurnLeft","rule":"{στρίψτε απευθείας αριστερά} ({ στην } NAME)"},{"id":"SecondActionBearLeft","rule":"{πηγαίνετε απευθείας αριστερά} ({ στην } NAME)"},{"id":"SecondActionContinue","rule":"{συνεχίστε απευθείας} ({ στην } NAME)"},{"id":"HighwayActionBearRight","rule":"{πηγαίνετε δεξιά}"},{"id":"DistanceLong","rule":"#Distance(1) ({ } #DistanceUnits)"},{"id":"SkipHighwayRampActionAtFork","rule":"#Select(#SkipHighwayRampActionAtFork, {πάρτε τη ράμπα})"},{"id":"UnitNauticalNeutral","rule":"{ν.μίλ.}"},{"id":"SkipHighwayRampActionBearRight","rule":"{πηγαίνετε δεξιά πάνω στη ράμπα}"},{"id":"SkipHighwayRampActionTurnRight","rule":"{στρίψτε δεξιά πάνω στη ράμπα}"},{"id":"SkipHighwayRampActionMakeSharpRight","rule":"{κάνετε απότομη στροφή δεξιά πάνω στη ράμπα}"},{"id":"SkipHighwayRampActionMakeSharpLeft","rule":"{κάνετε απότομη στροφή αριστερά πάνω στη ράμπα}"},{"id":"SkipHighwayRampActionTurnLeft","rule":"{στρίψτε αριστερά πάνω στη ράμπα}"},{"id":"SkipHighwayRampActionBearLeft","rule":"{πηγαίνετε αριστερά πάνω στη ράμπα}"},{"id":"SkipHighwayRampActionTakeRamp","rule":"{πάρτε τη ράμπα}"},{"id":"SkipHighwayRampActionAtForkLeft","rule":"{πάρτε τη ράμπα στα αριστερά}"},{"id":"SkipSignpostRampActionAtFork","rule":"#Select(#SkipSignpostRampActionAtFork, {πάρτε τη ράμπα})"},{"id":"SkipSignpostRampActionBearRight","rule":"{πηγαίνετε δεξιά πάνω στη ράμπα}"},{"id":"SkipSignpostRampActionTurnRight","rule":"{στρίψτε δεξιά πάνω στη ράμπα}"},{"id":"UnitYardNeutral","rule":"{γρδ.}"},{"id":"SkipSignpostRampActionMakeSharpRight","rule":"{κάνετε απότομη στροφή δεξιά πάνω στη ράμπα}"},{"id":"UTurnRampActionTakeRamp","rule":"{πάρτε τη ράμπα}"},{"id":"SkipSignpostRampActionMakeSharpLeft","rule":"{κάνετε απότομη στροφή αριστερά πάνω στη ράμπα}"},{"id":"SkipSignpostRampActionTurnLeft","rule":"{στρίψτε αριστερά πάνω στη ράμπα}"},{"id":"SkipSignpostRampActionBearLeft","rule":"{πηγαίνετε αριστερά πάνω στη ράμπα}"},{"id":"SkipSignpostRampActionTakeRamp","rule":"{πάρτε τη ράμπα}"},{"id":"SkipSignpostRampActionAtForkLeft","rule":"{πάρτε τη ράμπα στα αριστερά}"},{"id":"SkipSignpostRampActionAtForkRight","rule":"{πάρτε τη ράμπα στα δεξιά}"},{"id":"UTurnRampActionFork","rule":"#Select(#UTurnRampActionAtFork, {πάρτε τη ράμπα})"},{"id":"UTurnRampActionBearRight","rule":"{πηγαίνετε δεξιά πάνω στη ράμπα}"},{"id":"UTurnRampActionTurnRight","rule":"{στρίψτε δεξιά πάνω στη ράμπα}"},{"id":"LandmarkOnTheFarRight","rule":"{δεξιά, σε μακρινή απόσταση}"},{"id":"UTurnRampActionMakeSharpRight","rule":"{κάνετε απότομη στροφή δεξιά πάνω στη ράμπα}"},{"id":"UTurnRampActionMakeSharpLeft","rule":"{κάνετε απότομη στροφή αριστερά πάνω στη ράμπα}"},{"id":"UTurnRampActionBearLeft","rule":"{πηγαίνετε αριστερά πάνω στη ράμπα}"},{"id":"UTurnRampActionAtForkLeft","rule":"{πάρτε τη ράμπα στα αριστερά}"},{"id":"HighwayActionGo","rule":"{προχωρήστε}"},{"id":"LandmarkOnTheFarLeft","rule":"{αριστερά, σε μακρινή απόσταση}"},{"id":"HighwayActionTurnRight","rule":"{στρίψτε δεξιά}"},{"id":"HighwayActionMakeSharpRight","rule":"{κάνετε απότομη στροφή δεξιά}"},{"id":"ForkActionLeft","rule":"{παραμείνετε}"},{"id":"HighwayActionMakeSharpLeft","rule":"{κάνετε απότομη στροφή αριστερά}"},{"id":"HighwayActionTurnLeft","rule":"{στρίψτε αριστερά}"},{"id":"HighwayActionBearLeft","rule":"{πηγαίνετε αριστερά}"},{"id":"CrossNames","rule":"#String(0) ({ / } #String(1))"},{"id":"EndOfFerryActionGo","rule":"{προχωρήστε}"},{"id":"EndOfFerryActionBearRight","rule":"{πηγαίνετε δεξιά}"},{"id":"EndOfFerryActionTurnRight","rule":"{στρίψτε δεξιά}"},{"id":"EndOfFerryActionMakeSharpRight","rule":"{κάνετε απότομη στροφή δεξιά}"},{"id":"EndOfFerryActionMakeSharpLeft","rule":"{κάνετε απότομη στροφή αριστερά}"},{"id":"EndOfFerryActionBearLeft","rule":"{πηγαίνετε αριστερά}"},{"id":"StopArriveActionContinue","rule":"{συνεχίστε}"},{"id":"StopArriveActionGo","rule":"{κατευθυνθείτε}"},{"id":"StopArriveActionBack","rule":"{επιστρέψτε}"},{"id":"ForkActionRight","rule":"{παραμείνετε}"},{"id":"ForkActionStraight","rule":"{πηγαίνετε}"},{"id":"UnitSecondNeutral","rule":"{δευτ.}"},{"id":"ForkSideLeft","rule":"{αριστερά}"},{"id":"RoadSplitSideToProceedLeft","rule":"{αριστερά}"},{"id":"ForkSideRight","rule":"{δεξιά}"},{"id":"RoadSplitActionToProceedLeft","rule":"{παραμείνετε}"},{"id":"RoadSplitActionToProceedRight","rule":"{παραμείνετε}"},{"id":"RoadSplitActionToProceedStraight","rule":"{πηγαίνετε}"},{"id":"RoadSplitSideToProceedRight","rule":"{δεξιά}"},{"id":"RoadSplitSideToProceedStraight","rule":"{ευθεία}"},{"id":"RoadSplitActionToStayLeft","rule":"{συνεχίστε}"},{"id":"RoadSplitActionToStayRight","rule":"{συνεχίστε}"},{"id":"RoadSplitActionToStayStraight","rule":"{πηγαίνετε}"},{"id":"RoadSplitSideToStayRight","rule":"{δεξιά}"},{"id":"DistanceShort","rule":"{< } #MinDistance(1) ({ } #DistanceUnits)"},{"id":"CumulativeDistanceLong","rule":"#Select(#Distance(1), {0}) ({ } #DistanceUnits)"},{"id":"TimeShort","rule":"{< 1 λεπτό}"},{"id":"TimeLong","rule":"(#TotalHours(0) { ώρες }) (#RoundedMinutesOfHour(0) { λεπτά})"},{"id":"TravelTimeLong","rule":"(#Days(0) { ημέρες }) (#HoursOfDay(0) { ώρες }) (#RoundedMinutesOfHour(0) { λεπτά})"},{"id":"StopTimeShort","rule":"{< 1 λεπτό}"},{"id":"StopTimeLong","rule":"(#TotalHours(0) { ώρες }) (#RoundedMinutesOfHour(0) { λεπτά})"},{"id":"SignpostDestination","rule":"#String(0) ({ / } #String(1)) ({ / } #String(2)) ({ / } #String(3)) ({ / } #String(4))"},{"id":"StopSideLeft","rule":"{, στα αριστερά}"},{"id":"StopSideRight","rule":"{, στα δεξιά}"},{"id":"LandmarkOnTheLeft","rule":"{αριστερά}"},{"id":"LandmarkOnTheRight","rule":"{δεξιά}"},{"id":"LandmarkOnTheNearLeft","rule":"{αριστερά, σε κοντινή απόσταση}"},{"id":"UnitMileSingular","rule":"{μίλ.}"},{"id":"UnitMileNeutral","rule":"{μίλ.}"},{"id":"UnitKilometerSingular","rule":"{χλμ.}"},{"id":"UnitKilometerPlural","rule":"{χλμ.}"},{"id":"UnitKilometerNeutral","rule":"{χλμ.}"},{"id":"UnitMeterSingular","rule":"{μ.}"},{"id":"UnitMeterPlural","rule":"{μ.}"},{"id":"UnitMeterNeutral","rule":"{μ.}"},{"id":"UnitFootSingular","rule":"{πόδ.}"},{"id":"UnitFootNeutral","rule":"{πόδ.}"},{"id":"UnitYardSingular","rule":"{γρδ.}"},{"id":"DirectionTime","rule":"#ItemTime"},{"id":"UnitYardPlural","rule":"{γρδ.}"},{"id":"UnitNauticalSingular","rule":"{ν.μίλ.}"},{"id":"UnitSecondSingular","rule":"{δευτ.}"},{"id":"UnitSecondPlural","rule":"{δευτ.}"},{"id":"StopSummary","rule":"{Απόσταση: } #StopLength"},{"id":"StopTimeWindow","rule":"{Χρονικό περιθώριο: } #StopTimeWindowStart { - } #StopTimeWindowEnd"},{"id":"StopStayTime","rule":"{Χρόνος παραμονής: } #StopStayTime"},{"id":"StopFullTime","rule":"#StopFullTime"},{"id":"StopWaitTime","rule":"{Χρόνος αναμονής: } #StopWaitTime"},{"id":"StopViolationTime","rule":"{Χρόνος παραβίασης: } #StopViolationTime"},{"id":"StopLength","rule":"#StopLength"},{"id":"DirectionDrive","rule":"{Οδήγηση} ({ } #ItemLength) ({ ~ } #ItemTime)"},{"id":"DirectionLength","rule":"#ItemLength"},{"id":"DirectionETA","rule":"#ArriveTime"},{"id":"DirectionBranch","rule":"#Branch"},{"id":"DirectionToward","rule":"#Destination"},{"id":"DirectionCrossStreet","rule":"#CrossNames"},{"id":"DirectionExitName","rule":"#SignpostExit"},{"id":"DirectionRestBreak","rule":"#ArriveTime ({-} #DepartTime) { Διάλειμμα για ξεκούραση}"},{"id":"DirectionStreet","rule":"NAME"},{"id":"DirectionAltNames","rule":"ALT_NAME ({ / } ALT_NAME2)"},{"id":"DirectionDayEnd","rule":"(#ArriveTime { }) {Τέλος της ημέρας}"},{"id":"EventLandmarkPassageVerification","rule":"{Περάστε } @@LandmarkPrepositionString2(#LandmarkPreposition) { } #LandmarkName ({. Θα είναι στα } #LandmarkPosition)"}],"lookupMapping":[{"id":"ExitNumberString","value":[{"key":"1","value":"{πρώτη}"},{"key":"2","value":"{δεύτερη}"},{"key":"3","value":"{τρίτη}"},{"key":"4","value":"{τέταρτη}"},{"key":"5","value":"{πέμπτη}"},{"key":"6","value":"{έκτη}"},{"key":"7","value":"{έβδομη}"},{"key":"8","value":"{όγδοη}"},{"key":"9","value":"{ένατη}"},{"key":"10","value":"{δέκατη}"}]},{"id":"LandmarkPrepositionString","defaultValue":"{στο}","value":[{"key":"AFTER","value":"{μετά το}"},{"key":"AT","value":"{στο}"},{"key":"BEFORE","value":"{πριν το}"},{"key":"ONTO","value":"{στο}"},{"key":"OVER","value":"{πάνω από το}"},{"key":"PAST","value":"{μετά το}"},{"key":"THROUGH","value":"{μέσω του}"},{"key":"UNDER","value":"{κάτω από το}"},{"key":"BY","value":"{από το}"},{"key":"NEAR","value":"{κοντά στο}"}]},{"id":"LandmarkPrepositionString2","defaultValue":"{το}","value":[{"key":"AFTER","value":"{μετά το}"},{"key":"AT","value":"{στο}"},{"key":"BEFORE","value":"{πριν το}"},{"key":"ONTO","value":"{στο}"},{"key":"OVER","value":"{πάνω από το}"},{"key":"PAST","value":"{μετά το}"},{"key":"THROUGH","value":"{μέσω του}"},{"key":"UNDER","value":"{κάτω από το}"},{"key":"BY","value":"{από το}"},{"key":"NEAR","value":"{κοντά στο}"}]}]}}}]}}