{"directions":{"settings":[{"style":{"id":"NA Desktop","language":{"id":"it","description":"italiano","strings":[{"id":"AzimuthSE","rule":"{sud est}"},{"id":"ManeuverStopOnRoundabout","rule":"{Prendere la rotatoria}"},{"id":"ManeuverHeader","rule":"{Inizio} ({ a } #StopName)"},{"id":"ManeuverAnyRoad","rule":"#FirstUpper(({andare} ({ } #Azimuth) ({ per } @@Names) ({ in direzione di } #CrossNames)))"},{"id":"ForkSideStraight","rule":"{diritto}"},{"id":"RoadSplitSideToStayStraight","rule":"{dritto}"},{"id":"ManeuverFooter","rule":"{Fine} @StopArrival ({ a } #StopName) (#StopSide)"},{"id":"EventLandmarkManeuverGuidance","rule":"{Effettuare la manovra } @@LandmarkPrepositionString(#LandmarkPreposition) { } #FirstUpper(#LandmarkName)"},{"id":"StopArrival","rule":"{ } #StopArrival({in anticipo},{in ritardo})"},{"id":"ManeuverDepart","rule":"{Partenza} ({ } #StopName)"},{"id":"ManeuverFerryBypass","rule":"{Rimanere sul traghetto per} ({ ~ } #ItemTime) ({ } #ItemLength)"},{"id":"Names","rule":"NAME ({ (} ALT_NAME {)})"},{"id":"AzimuthNE","rule":"{nord est}"},{"id":"ManeuverFerry","rule":"{Imbarcarsi sul} { traghetto} ({ } @@Names)"},{"id":"ManeuverUTurn","rule":"{Fare inversione a U} @AtIntersectionOrCrossNames { e tornare indietro} ({ per } @@Names)"},{"id":"ManeuverArrive","rule":"{Arrivo} @StopArrival ({ a } #StopName) (#StopSide)"},{"id":"ManeuverStopArrive","rule":"#FirstUpper((#StopArriveAction ({ } #Azimuth) ({ per } @@Names)))"},{"id":"ManeuverTurnOntoLocalRoad","rule":"#FirstUpper( (@AtExit #LocalRoadAction @AtIntersectionNames ({ per } @@Names) ({ in direzione di } #Destination)) )"},{"id":"AtExit","rule":"{all'uscita } #SignpostExit { }"},{"id":"AtIntersectionNames","rule":"{ a } #Intersection(NAME) ({ (} #Intersection(ALT_NAME) {)})"},{"id":"FirstActionMakeSharpRight","rule":"{fare una curva accentuata a destra} @AtIntersectionNames ({ per } NAME)"},{"id":"ManeuverPathCurves","rule":"#FirstUpper( (@AtExit #PathCurveAction @AtIntersectionOrCrossNames ({ per rimanere per } @@Names) ({ in direzione di } #Destination)) )"},{"id":"UTurnRampActionTurnLeft","rule":"{girare a sinistra sulla rampa}"},{"id":"AtIntersectionOrCrossNames","rule":"#Select(@AtIntersectionNames, ({ a } #CrossNames))"},{"id":"PathCurveActionTurnLeft","rule":"{girare a sinistra}"},{"id":"TimeZoneChange","rule":"#Sign (#TotalHours(0) { ore }) (#RoundedMinutesOfHour(0) { minuti})"},{"id":"ManeuverOntoHighway","rule":"#FirstUpper( @AtExit #HighwayAction @AtIntersectionNames #Select(@OnBranchDestination, ({ per } @@Names)) )"},{"id":"OnBranchDestination","rule":"({ verso } #Branch) ({ in direzione di } #Destination)"},{"id":"ManeuverDoubleTurn","rule":"#FirstUpper( (#FirstTurn(#FirstActionBearing) { e } #SecondTurn(#SecondActionBearing)) )"},{"id":"UnitFootPlural","rule":"{ft}"},{"id":"LocalRoadActionTurnRight","rule":"{girare a destra}"},{"id":"ManeuverUTurnViaRamp","rule":"#FirstUpper( (#UTurnRampAction { per fare inversione a U e tornare indietro} ({ per } @@Names)) )"},{"id":"ManeuverUTurnViaRoundabout","rule":"@RoundaboutHeaderGoBack ({ per } @@Names)"},{"id":"RoundaboutHeaderGoBack","rule":"#Select(({Alla rotatoria prendere la } @@ExitNumberString(#ExitNumber) { uscita per tornare indietro}), {Prendere la rotatoria e tornare indietro})"},{"id":"AzimuthS","rule":"{sud}"},{"id":"ManeuverEndOfFerry","rule":"#FirstUpper( @AtExit #EndOfFerryAction #Select(@OnBranchDestination,  ({ per } @@Names)) )"},{"id":"UnitNauticalPlural","rule":"{nmi}"},{"id":"PathCurveActionMakeSharpRight","rule":"{fare una curva accentuata a destra}"},{"id":"ManeuverFork","rule":"#FirstUpper( (#Select(@AtExit, {al bivio }) #ForkAction ({ } #ForkSide) #Select(@OnBranchDestination, ({ per } @@Names))) )"},{"id":"LocalRoadActionBearRight","rule":"{svoltare a destra}"},{"id":"ManeuverSkipSignpostRamps","rule":"#FirstUpper( @AtExit #SkipSignpostRampAction #Select(@ToBranchDestination, ({ per } @@Names)) )"},{"id":"TravelTimeShort","rule":"{< 1 min}"},{"id":"UnitMilePlural","rule":"{mi}"},{"id":"ManeuverRoadSplitToProceed","rule":"#FirstUpper( (@AtExit #RoadSplitActionToProceed ({ } #RoadSplitSideToProceed) { to proceed} #Select(@OnBranchDestination, ({ on } @@Names))) ) "},{"id":"FirstActionTurnRight","rule":"{girare a destra} @AtIntersectionNames ({ per } NAME)"},{"id":"ManeuverRoadSplitToStay","rule":"#FirstUpper( (@AtExit #RoadSplitActionToStay ({ } #RoadSplitSideToStay) { to stay} #Select(@OnBranchDestination, ({ on } @@Names))) ) "},{"id":"UTurnRampActionAtForkRight","rule":"{prendere lo svincolo sulla destra}"},{"id":"LocalRoadActionGo","rule":"{andare}"},{"id":"EventTakeRoundaboutToStay","rule":"{Prendere la rotatoria} ({ per rimanere per } @@Names)"},{"id":"DirectionCumulativeLength","rule":"#CumulativeDistance"},{"id":"AzimuthSW","rule":"{sud ovest}"},{"id":"ToProceed","rule":"{ per procedere} #Select(@OnBranchDestination, ({ per } @@Names))"},{"id":"ManeuverSkipRoundabout","rule":"@RoundaboutHeader @ToProceed"},{"id":"AzimuthW","rule":"{ovest}"},{"id":"RoundaboutHeader","rule":"#Select(({Alla rotatoria prendere la } @@ExitNumberString(#ExitNumber) { uscita}), {Prendere la rotatoria})"},{"id":"ManeuverSkipRoundaboutRamp","rule":"@RoundaboutHeader #Select(@ToBranchDestination, ({ per } @@Names))"},{"id":"ToBranchDestination","rule":"({ per } #Branch) ({ in direzione di } #Destination)"},{"id":"EventRestrictionViolation","rule":"{Restrizione: } #Restriction"},{"id":"ManeuverSkipHighwayRamps","rule":"#FirstUpper( @AtExit #SkipHighwayRampAction #Select(@AndGoOnBranchDestination, ({ e prendere } @@Names)) )"},{"id":"AndGoOnBranchDestination","rule":"({ e prendere } #Branch) ({ in direzione di } #Destination)"},{"id":"EventTimeChanged","rule":"{Verrà attivato un nuovo fuso orario.} ({ Cambio ora: } #TZChange)"},{"id":"FirstActionBearRight","rule":"{svoltare a destra} @AtIntersectionNames ({ per } NAME)"},{"id":"PathCurveActionContinue","rule":"{continuare}"},{"id":"EventCrossingBorder","rule":"{Entrare in} ({ } CROSSADMINBORDER)"},{"id":"AzimuthN","rule":"{nord}"},{"id":"AzimuthE","rule":"{est}"},{"id":"AzimuthNW","rule":"{nord ovest}"},{"id":"RoadSplitSideToStayLeft","rule":"{la sinistra}"},{"id":"PathCurveActionBearRight","rule":"{svoltare a destra}"},{"id":"LocalRoadActionContinue","rule":"{continuare}"},{"id":"LocalRoadActionMakeSharpRight","rule":"{fare una curva accentuata a destra}"},{"id":"LocalRoadActionMakeSharpLeft","rule":"{fare una curva accentuata a sinistra}"},{"id":"PathCurveActionBearLeft","rule":"{svoltare a sinistra}"},{"id":"LocalRoadActionTurnLeft","rule":"{girare a sinistra}"},{"id":"LandmarkOnTheNearRight","rule":"{destra più vicina}"},{"id":"LocalRoadActionBearLeft","rule":"{svoltare a sinistra}"},{"id":"PathCurveActionTurnRight","rule":"{girare a destra}"},{"id":"PathCurveActionMakeSharpLeft","rule":"{fare una curva accentuata a sinistra}"},{"id":"FirstActionMakeSharpLeft","rule":"{fare una curva accentuata a sinistra} @AtIntersectionNames ({ per } NAME)"},{"id":"FirstActionTurnLeft","rule":"{girare a sinistra} @AtIntersectionNames ({ per } NAME)"},{"id":"FirstActionBearLeft","rule":"{svoltare a sinistra} @AtIntersectionNames ({ per } NAME)"},{"id":"FirstActionContinue","rule":"{continuare} @AtIntersectionNames ({ per } NAME)"},{"id":"SecondActionBearRight","rule":"{subito svoltare a destra} ({ per } NAME)"},{"id":"DirectionAfterBreak","rule":"(#DepartTime { }) {Rimanere} { per } NAME ({ (} ALT_NAME {)})"},{"id":"SecondActionTurnRight","rule":"{subito girare a destra} ({ per } NAME)"},{"id":"SecondActionMakeSharpRight","rule":"{subito fare una curva accentuata a destra} ({ per } NAME)"},{"id":"SkipHighwayRampActionAtForkRight","rule":"{prendere lo svincolo sulla destra}"},{"id":"SecondActionMakeSharpLeft","rule":"{subito fare una curva accentuata a sinistra} ({ per } NAME)"},{"id":"EndOfFerryActionTurnLeft","rule":"{girare a sinistra}"},{"id":"SecondActionTurnLeft","rule":"{subito girare a sinistra} ({ per } NAME)"},{"id":"SecondActionBearLeft","rule":"{subito svoltare a sinistra} ({ per } NAME)"},{"id":"SecondActionContinue","rule":"{subito continuare} ({ per } NAME)"},{"id":"HighwayActionBearRight","rule":"{svoltare a destra}"},{"id":"DistanceLong","rule":"#Distance(1) ({ } #DistanceUnits)"},{"id":"SkipHighwayRampActionAtFork","rule":"#Select(#SkipHighwayRampActionAtFork, {prendere lo svincolo})"},{"id":"UnitNauticalNeutral","rule":"{nmi}"},{"id":"SkipHighwayRampActionBearRight","rule":"{svoltare a destra sulla rampa}"},{"id":"SkipHighwayRampActionTurnRight","rule":"{girare a destra sulla rampa}"},{"id":"SkipHighwayRampActionMakeSharpRight","rule":"{fare una curva accentuata a destra sulla rampa}"},{"id":"SkipHighwayRampActionMakeSharpLeft","rule":"{fare una curva accentuata a sinistra sulla rampa}"},{"id":"SkipHighwayRampActionTurnLeft","rule":"{girare a sinistra sulla rampa}"},{"id":"SkipHighwayRampActionBearLeft","rule":"{svoltare a sinistra sulla rampa}"},{"id":"SkipHighwayRampActionTakeRamp","rule":"{prendere lo svincolo}"},{"id":"SkipHighwayRampActionAtForkLeft","rule":"{prendere lo svincolo sulla sinistra}"},{"id":"SkipSignpostRampActionAtFork","rule":"#Select(#SkipSignpostRampActionAtFork, {prendere lo svincolo})"},{"id":"SkipSignpostRampActionBearRight","rule":"{svoltare a destra sulla rampa}"},{"id":"SkipSignpostRampActionTurnRight","rule":"{girare a destra sulla rampa}"},{"id":"UnitYardNeutral","rule":"{yd}"},{"id":"SkipSignpostRampActionMakeSharpRight","rule":"{fare una curva accentuata a destra sulla rampa}"},{"id":"UTurnRampActionTakeRamp","rule":"{prendere lo svincolo}"},{"id":"SkipSignpostRampActionMakeSharpLeft","rule":"{fare una curva accentuata a sinistra sulla rampa}"},{"id":"SkipSignpostRampActionTurnLeft","rule":"{girare a sinistra sulla rampa}"},{"id":"SkipSignpostRampActionBearLeft","rule":"{svoltare a sinistra sulla rampa}"},{"id":"SkipSignpostRampActionTakeRamp","rule":"{prendere lo svincolo}"},{"id":"SkipSignpostRampActionAtForkLeft","rule":"{prendere lo svincolo sulla sinistra}"},{"id":"SkipSignpostRampActionAtForkRight","rule":"{prendere lo svincolo sulla destra}"},{"id":"UTurnRampActionFork","rule":"#Select(#UTurnRampActionAtFork, {prendere lo svincolo})"},{"id":"UTurnRampActionBearRight","rule":"{svoltare a destra sulla rampa}"},{"id":"UTurnRampActionTurnRight","rule":"{girare a destra sulla rampa}"},{"id":"LandmarkOnTheFarRight","rule":"{estrema destra}"},{"id":"UTurnRampActionMakeSharpRight","rule":"{fare una curva accentuata a destra sulla rampa}"},{"id":"UTurnRampActionMakeSharpLeft","rule":"{fare una curva accentuata a sinistra sulla rampa}"},{"id":"UTurnRampActionBearLeft","rule":"{svoltare a sinistra sulla rampa}"},{"id":"UTurnRampActionAtForkLeft","rule":"{prendere lo svincolo sulla sinistra}"},{"id":"HighwayActionGo","rule":"{andare}"},{"id":"LandmarkOnTheFarLeft","rule":"{estrema sinistra}"},{"id":"HighwayActionTurnRight","rule":"{girare a destra}"},{"id":"HighwayActionMakeSharpRight","rule":"{fare una curva accentuata a destra}"},{"id":"ForkActionLeft","rule":"{mantenere}"},{"id":"HighwayActionMakeSharpLeft","rule":"{fare una curva accentuata a sinistra}"},{"id":"HighwayActionTurnLeft","rule":"{girare a sinistra}"},{"id":"HighwayActionBearLeft","rule":"{svoltare a sinistra}"},{"id":"CrossNames","rule":"#String(0) ({ / } #String(1))"},{"id":"EndOfFerryActionGo","rule":"{andare}"},{"id":"EndOfFerryActionBearRight","rule":"{svoltare a destra}"},{"id":"EndOfFerryActionTurnRight","rule":"{girare a destra}"},{"id":"EndOfFerryActionMakeSharpRight","rule":"{fare una curva accentuata a destra}"},{"id":"EndOfFerryActionMakeSharpLeft","rule":"{fare una curva accentuata a sinistra}"},{"id":"EndOfFerryActionBearLeft","rule":"{svoltare a sinistra}"},{"id":"StopArriveActionContinue","rule":"{continuare}"},{"id":"StopArriveActionGo","rule":"{andare}"},{"id":"StopArriveActionBack","rule":"{tornare indietro}"},{"id":"ForkActionRight","rule":"{mantenere}"},{"id":"ForkActionStraight","rule":"{andare}"},{"id":"UnitSecondNeutral","rule":"{sec}"},{"id":"ForkSideLeft","rule":"{la sinistra}"},{"id":"RoadSplitSideToProceedLeft","rule":"{la sinistra}"},{"id":"ForkSideRight","rule":"{la destra}"},{"id":"RoadSplitActionToProceedLeft","rule":"{mantenere}"},{"id":"RoadSplitActionToProceedRight","rule":"{mantenere}"},{"id":"RoadSplitActionToProceedStraight","rule":"{proseguire}"},{"id":"RoadSplitSideToProceedRight","rule":"{la destra}"},{"id":"RoadSplitSideToProceedStraight","rule":"{dritto}"},{"id":"RoadSplitActionToStayLeft","rule":"{mantenere}"},{"id":"RoadSplitActionToStayRight","rule":"{mantenere}"},{"id":"RoadSplitActionToStayStraight","rule":"{proseguire}"},{"id":"RoadSplitSideToStayRight","rule":"{la destra}"},{"id":"DistanceShort","rule":"{< } #MinDistance(1) ({ } #DistanceUnits)"},{"id":"CumulativeDistanceLong","rule":"#Select(#Distance(1), {0}) ({ } #DistanceUnits)"},{"id":"TimeShort","rule":"{< 1 min}"},{"id":"TimeLong","rule":"(#TotalHours(0) { ore}) (#RoundedMinutesOfHour(0) { minuti})"},{"id":"TravelTimeLong","rule":"(#Days(0) { giorni }) (#HoursOfDay(0) { ore }) (#RoundedMinutesOfHour(0) { minuti})"},{"id":"StopTimeShort","rule":"{< 1 min}"},{"id":"StopTimeLong","rule":"(#TotalHours(0) { ore}) (#RoundedMinutesOfHour(0) { minuti})"},{"id":"SignpostDestination","rule":"#String(0) ({ / } #String(1)) ({ / } #String(2)) ({ / } #String(3)) ({ / } #String(4))"},{"id":"StopSideLeft","rule":"{, sulla sinistra}"},{"id":"StopSideRight","rule":"{, sulla destra}"},{"id":"LandmarkOnTheLeft","rule":"{sinistra}"},{"id":"LandmarkOnTheRight","rule":"{destra}"},{"id":"LandmarkOnTheNearLeft","rule":"{sinistra più vicina}"},{"id":"UnitMileSingular","rule":"{mi}"},{"id":"UnitMileNeutral","rule":"{mi}"},{"id":"UnitKilometerSingular","rule":"{km}"},{"id":"UnitKilometerPlural","rule":"{km}"},{"id":"UnitKilometerNeutral","rule":"{km}"},{"id":"UnitMeterSingular","rule":"{m}"},{"id":"UnitMeterPlural","rule":"{m}"},{"id":"UnitMeterNeutral","rule":"{m}"},{"id":"UnitFootSingular","rule":"{ft}"},{"id":"UnitFootNeutral","rule":"{ft}"},{"id":"UnitYardSingular","rule":"{yd}"},{"id":"DirectionTime","rule":"#ItemTime"},{"id":"UnitYardPlural","rule":"{yd}"},{"id":"UnitNauticalSingular","rule":"{nmi}"},{"id":"UnitSecondSingular","rule":"{sec}"},{"id":"UnitSecondPlural","rule":"{sec}"},{"id":"StopSummary","rule":"{Distanza: } #StopLength"},{"id":"StopTimeWindow","rule":"{Finestra temporale: } #StopTimeWindowStart { - } #StopTimeWindowEnd"},{"id":"StopStayTime","rule":"{Tempo di servizio: } #StopStayTime"},{"id":"StopFullTime","rule":"#StopFullTime"},{"id":"StopWaitTime","rule":"{Tempo di attesa: } #StopWaitTime"},{"id":"StopViolationTime","rule":"{Violazione temporale: } #StopViolationTime"},{"id":"StopLength","rule":"#StopLength"},{"id":"DirectionDrive","rule":"{Guida} ({ } #ItemLength) ({ ~ } #ItemTime)"},{"id":"DirectionLength","rule":"#ItemLength"},{"id":"DirectionETA","rule":"#ArriveTime"},{"id":"DirectionBranch","rule":"#Branch"},{"id":"DirectionToward","rule":"#Destination"},{"id":"DirectionCrossStreet","rule":"#CrossNames"},{"id":"DirectionExitName","rule":"#SignpostExit"},{"id":"DirectionRestBreak","rule":"#ArriveTime ({-} #DepartTime) { Sosta}"},{"id":"DirectionStreet","rule":"NAME"},{"id":"DirectionAltNames","rule":"ALT_NAME ({ / } ALT_NAME2)"},{"id":"DirectionDayEnd","rule":"(#ArriveTime { }) {Fine giornata}"},{"id":"EventLandmarkPassageVerification","rule":"{Superare } @@LandmarkPrepositionString(#LandmarkPreposition) { } #LandmarkName ({. Si troverà sulla } #LandmarkPosition)"}],"lookupMapping":[{"id":"ExitNumberString","value":[{"key":"1","value":"{prima}"},{"key":"2","value":"{seconda}"},{"key":"3","value":"{terza}"},{"key":"4","value":"{quarta}"},{"key":"5","value":"{quinta}"},{"key":"6","value":"{sesta}"},{"key":"7","value":"{settima}"},{"key":"8","value":"{ottava}"},{"key":"9","value":"{nona}"},{"key":"10","value":"{decima}"}]},{"id":"LandmarkPrepositionString","value":[{"key":"AFTER","value":"{dopo}"},{"key":"AT","value":"{a}"},{"key":"BEFORE","value":"{prima}"},{"key":"ONTO","value":"{su}"},{"key":"OVER","value":"{su}"},{"key":"PAST","value":"{dopo}"},{"key":"THROUGH","value":"{attraverso}"},{"key":"UNDER","value":"{sotto}"},{"key":"BY","value":"{vicino}"},{"key":"NEAR","value":"{vicino}"}]}]}}}]}}