{"directions":{"settings":[{"style":{"id":"NA Desktop","language":{"id":"lv","description":"Latviešu valoda","strings":[{"id":"AzimuthSE","rule":"{dienvidaustrumi}"},{"id":"ManeuverStopOnRoundabout","rule":"{Apļveida krustojumā}"},{"id":"ManeuverHeader","rule":"{Sākt} ({ } #StopName)"},{"id":"ManeuverAnyRoad","rule":"#FirstUpper(({dodieties} ({ } #Azimuth) ({ uz } @@Names) ({ pretī } #CrossNames)))"},{"id":"ForkSideStraight","rule":"{taisni}"},{"id":"RoadSplitSideToStayStraight","rule":"{taisni}"},{"id":"ManeuverFooter","rule":"{Beigt} @StopArrival ({ } #StopName) (#StopSide)"},{"id":"EventLandmarkManeuverGuidance","rule":"{Veiciet manevru } @@LandmarkPrepositionString(#LandmarkPreposition) { } #FirstUpper(#LandmarkName)"},{"id":"StopArrival","rule":"{ } #StopArrival({agri},{vēlu})"},{"id":"ManeuverDepart","rule":"{Atiet} ({ } #StopName)"},{"id":"ManeuverFerryBypass","rule":"{Palieciet uz prāmja} ({ ~ } #ItemTime) ({ } #ItemLength)"},{"id":"Names","rule":"NAME ({ (} ALT_NAME {)})"},{"id":"AzimuthNE","rule":"{ziemeļaustrumi}"},{"id":"ManeuverFerry","rule":"{Izmantojiet} ({ } @@Names) { prāmi}"},{"id":"ManeuverUTurn","rule":"{Apgriezieties braukšanai pretējā virzienā} @AtIntersectionOrCrossNames { un dodieties atpakaļ} ({ uz } @@Names)"},{"id":"ManeuverArrive","rule":"{Ierodas} @StopArrival ({ } #StopName) (#StopSide)"},{"id":"ManeuverStopArrive","rule":"#FirstUpper((#StopArriveAction ({ } #Azimuth) ({ uz } @@Names)))"},{"id":"ManeuverTurnOntoLocalRoad","rule":"#FirstUpper( (@AtExit #LocalRoadAction @AtIntersectionNames ({ uz } @@Names) ({ pretī } #Destination)) )"},{"id":"AtExit","rule":"{izejā } #SignpostExit { }"},{"id":"AtIntersectionNames","rule":"{ pie } #Intersection(NAME) ({ (} #Intersection(ALT_NAME) {)})"},{"id":"FirstActionMakeSharpRight","rule":"{straujš pagrieziens pa labi} @AtIntersectionNames ({ uz } NAME)"},{"id":"ManeuverPathCurves","rule":"#FirstUpper( (@AtExit #PathCurveAction @AtIntersectionOrCrossNames ({ palik uz } @@Names) ({ pretī } #Destination)) )"},{"id":"UTurnRampActionTurnLeft","rule":"{pagriezieties pa kreisi uz rampas}"},{"id":"AtIntersectionOrCrossNames","rule":"#Select(@AtIntersectionNames, ({ pie } #CrossNames))"},{"id":"PathCurveActionTurnLeft","rule":"{pagrieziens pa kreisi}"},{"id":"TimeZoneChange","rule":"#Sign (#TotalHours(0) { st. }) (#RoundedMinutesOfHour(0) { min})"},{"id":"ManeuverOntoHighway","rule":"#FirstUpper( @AtExit #HighwayAction @AtIntersectionNames #Select(@OnBranchDestination, ({ uz } @@Names)) )"},{"id":"OnBranchDestination","rule":"({ uz } #Branch) ({ pretī } #Destination)"},{"id":"ManeuverDoubleTurn","rule":"#FirstUpper( (#FirstTurn(#FirstActionBearing) { un } #SecondTurn(#SecondActionBearing)) )"},{"id":"UnitFootPlural","rule":"{pēdas}"},{"id":"LocalRoadActionTurnRight","rule":"{pagrieziens pa labi}"},{"id":"ManeuverUTurnViaRamp","rule":"#FirstUpper( (#UTurnRampAction { lai apgrieztos braukšanai pretējā virzienā un dotos atpakaļ} ({ uz } @@Names)) )"},{"id":"ManeuverUTurnViaRoundabout","rule":"@RoundaboutHeaderGoBack ({ uz } @@Names)"},{"id":"RoundaboutHeaderGoBack","rule":"#Select(({Apļveida krustojumā } @@ExitNumberString(#ExitNumber) { izeja, lai dotos atpakaļ}), {Izmantojiet apļveida krustojumu, lai dotos atpakaļ})"},{"id":"AzimuthS","rule":"{dienvidi}"},{"id":"ManeuverEndOfFerry","rule":"#FirstUpper( @AtExit #EndOfFerryAction #Select(@OnBranchDestination,  ({ uz } @@Names)) )"},{"id":"UnitNauticalPlural","rule":"{jūras jūdzes}"},{"id":"PathCurveActionMakeSharpRight","rule":"{straujš pagrieziens pa labi}"},{"id":"ManeuverFork","rule":"#FirstUpper( (#Select(@AtExit, {atzarojumā }) #ForkAction ({ } #ForkSide) #Select(@OnBranchDestination, ({ uz } @@Names))) )"},{"id":"LocalRoadActionBearRight","rule":"{lēnām pagriezties pa labi}"},{"id":"ManeuverSkipSignpostRamps","rule":"#FirstUpper( @AtExit #SkipSignpostRampAction #Select(@ToBranchDestination, ({ uz } @@Names)) )"},{"id":"TravelTimeShort","rule":"{< 1 min}"},{"id":"UnitMilePlural","rule":"{jūdzes}"},{"id":"ManeuverRoadSplitToProceed","rule":"#FirstUpper( (@AtExit #RoadSplitActionToProceed ({ } #RoadSplitSideToProceed) { lai turpinātu} #Select(@OnBranchDestination, ({ uz } @@Names))) ) "},{"id":"FirstActionTurnRight","rule":"{pagriezties pa labi} @AtIntersectionNames ({ uz } NAME)"},{"id":"ManeuverRoadSplitToStay","rule":"#FirstUpper( (@AtExit #RoadSplitActionToStay ({ } #RoadSplitSideToStay) { lai paliktu} #Select(@OnBranchDestination, ({ uz } @@Names))) ) "},{"id":"UTurnRampActionAtForkRight","rule":"{izmantojiet rampu pa labi}"},{"id":"LocalRoadActionGo","rule":"{doties}"},{"id":"EventTakeRoundaboutToStay","rule":"{Izmantojiet apļveida krustojumu} ({ lai paliktu uz } @@Names)"},{"id":"DirectionCumulativeLength","rule":"#CumulativeDistance"},{"id":"AzimuthSW","rule":"{dienvidrietumi}"},{"id":"ToProceed","rule":"{ turpināt} #Select(@OnBranchDestination, ({ uz } @@Names))"},{"id":"ManeuverSkipRoundabout","rule":"@RoundaboutHeader @ToProceed"},{"id":"AzimuthW","rule":"{rietumi}"},{"id":"RoundaboutHeader","rule":"#Select(({Apļveida krustojumā } @@ExitNumberString(#ExitNumber) { izeja}), {Apļveida krustojumā})"},{"id":"ManeuverSkipRoundaboutRamp","rule":"@RoundaboutHeader #Select(@ToBranchDestination, ({ uz } @@Names))"},{"id":"ToBranchDestination","rule":"({ uz } #Branch) ({ pretī } #Destination)"},{"id":"EventRestrictionViolation","rule":"{Ierobežojums: } #Restriction"},{"id":"ManeuverSkipHighwayRamps","rule":"#FirstUpper( @AtExit #SkipHighwayRampAction #Select(@AndGoOnBranchDestination, ({ un doties uz } @@Names)) )"},{"id":"AndGoOnBranchDestination","rule":"({ un dodieties uz } #Branch) ({ pretī } #Destination)"},{"id":"EventTimeChanged","rule":"{Šķērso jaunu laika zonu.} ({ Laika maiņa: } #TZChange)"},{"id":"FirstActionBearRight","rule":"{lēnām pagriezties pa labi} @AtIntersectionNames ({ uz } NAME)"},{"id":"PathCurveActionContinue","rule":"{turpināt}"},{"id":"EventCrossingBorder","rule":"{šķērsošana} ({ } CROSSADMINBORDER)"},{"id":"AzimuthN","rule":"{ziemeļi}"},{"id":"AzimuthE","rule":"{austrumi}"},{"id":"AzimuthNW","rule":"{ziemeļrietumi}"},{"id":"RoadSplitSideToStayLeft","rule":"{pa kreisi}"},{"id":"PathCurveActionBearRight","rule":"{lēnām pagriezties pa labi}"},{"id":"LocalRoadActionContinue","rule":"{turpināt}"},{"id":"LocalRoadActionMakeSharpRight","rule":"{straujš pagrieziens pa labi}"},{"id":"LocalRoadActionMakeSharpLeft","rule":"{straujš pagrieziens pa kreisi}"},{"id":"PathCurveActionBearLeft","rule":"{lēnām pagriezties pa kreisi}"},{"id":"LocalRoadActionTurnLeft","rule":"{pagrieziens pa kreisi}"},{"id":"LandmarkOnTheNearRight","rule":"{tuvu pa labi}"},{"id":"LocalRoadActionBearLeft","rule":"{lēnām pagriezties pa kreisi}"},{"id":"PathCurveActionTurnRight","rule":"{pagriezties pa labi}"},{"id":"PathCurveActionMakeSharpLeft","rule":"{straujš pagrieziens pa kreisi}"},{"id":"FirstActionMakeSharpLeft","rule":"{straujš pagrieziens pa kreisi} @AtIntersectionNames ({ uz } NAME)"},{"id":"FirstActionTurnLeft","rule":"{pagrieziens pa kreisi} @AtIntersectionNames ({ uz } NAME)"},{"id":"FirstActionBearLeft","rule":"{lēnām pagriezties pa kreisi} @AtIntersectionNames ({ uz } NAME)"},{"id":"FirstActionContinue","rule":"{turpināt} @AtIntersectionNames ({ uz } NAME)"},{"id":"SecondActionBearRight","rule":"{uzreiz lēnām pagriezties pa labi} ({ uz } NAME)"},{"id":"DirectionAfterBreak","rule":"(#DepartTime { }) {Palikt} { uz } @@Names"},{"id":"SecondActionTurnRight","rule":"{uzreiz pagriezties pa labi} ({ uz } NAME)"},{"id":"SecondActionMakeSharpRight","rule":"{uzreiz straujš pagrieziens pa labi} ({ uz } NAME)"},{"id":"SkipHighwayRampActionAtForkRight","rule":"{izmantojiet rampu pa labi}"},{"id":"SecondActionMakeSharpLeft","rule":"{uzreiz straujš pagrieziens pa kreisi} ({ uz } NAME)"},{"id":"EndOfFerryActionTurnLeft","rule":"{pagrieziens pa kreisi}"},{"id":"SecondActionTurnLeft","rule":"{uzreiz pagrieziens pa kreisi} ({ uz } NAME)"},{"id":"SecondActionBearLeft","rule":"{uzreiz lēnām pagriezties pa kreisi} ({ uz } NAME)"},{"id":"SecondActionContinue","rule":"{uzreiz turpināt} ({ uz } NAME)"},{"id":"HighwayActionBearRight","rule":"{lēnām pagriezties pa labi}"},{"id":"DistanceLong","rule":"#Distance(1) ({ } #DistanceUnits)"},{"id":"SkipHighwayRampActionAtFork","rule":"#Select(#SkipHighwayRampActionAtFork, {izmantojiet rampu})"},{"id":"UnitNauticalNeutral","rule":"{jūras jūdzes}"},{"id":"SkipHighwayRampActionBearRight","rule":"{lēnām pagriezieties pa labi uz rampas}"},{"id":"SkipHighwayRampActionTurnRight","rule":"{pagriezieties pa labi uz rampas}"},{"id":"SkipHighwayRampActionMakeSharpRight","rule":"{straujš pagrieziens pa labi uz rampas}"},{"id":"SkipHighwayRampActionMakeSharpLeft","rule":"{straujš pagrieziens pa kreisi uz rampas}"},{"id":"SkipHighwayRampActionTurnLeft","rule":"{pagriezieties pa kreisi uz rampas}"},{"id":"SkipHighwayRampActionBearLeft","rule":"{lēnām pagriezieties pa kreisi uz rampas}"},{"id":"SkipHighwayRampActionTakeRamp","rule":"{izmantojiet rampu}"},{"id":"SkipHighwayRampActionAtForkLeft","rule":"{izmantojiet rampu pa kreisi}"},{"id":"SkipSignpostRampActionAtFork","rule":"#Select(#SkipSignpostRampActionAtFork, {izmantojiet rampu})"},{"id":"SkipSignpostRampActionBearRight","rule":"{lēnām pagriezieties pa labi uz rampas}"},{"id":"SkipSignpostRampActionTurnRight","rule":"{pagriezieties pa labi uz rampas}"},{"id":"UnitYardNeutral","rule":"{jardi}"},{"id":"SkipSignpostRampActionMakeSharpRight","rule":"{straujš pagrieziens pa labi uz rampas}"},{"id":"UTurnRampActionTakeRamp","rule":"{izmantojiet rampu}"},{"id":"SkipSignpostRampActionMakeSharpLeft","rule":"{straujš pagrieziens pa kreisi uz rampas}"},{"id":"SkipSignpostRampActionTurnLeft","rule":"{pagriezieties pa kreisi uz rampas}"},{"id":"SkipSignpostRampActionBearLeft","rule":"{lēnām pagriezieties pa kreisi uz rampas}"},{"id":"SkipSignpostRampActionTakeRamp","rule":"{izmantojiet rampu}"},{"id":"SkipSignpostRampActionAtForkLeft","rule":"{izmantojiet rampu pa kreisi}"},{"id":"SkipSignpostRampActionAtForkRight","rule":"{izmantojiet rampu pa labi}"},{"id":"UTurnRampActionFork","rule":"#Select(#UTurnRampActionAtFork, {izmantojiet rampu})"},{"id":"UTurnRampActionBearRight","rule":"{lēnām pagriezieties pa labi uz rampas}"},{"id":"UTurnRampActionTurnRight","rule":"{pagriezieties pa labi uz rampas}"},{"id":"LandmarkOnTheFarRight","rule":"{tālu pa labi}"},{"id":"UTurnRampActionMakeSharpRight","rule":"{straujš pagrieziens pa labi uz rampas}"},{"id":"UTurnRampActionMakeSharpLeft","rule":"{straujš pagrieziens pa kreisi uz rampas}"},{"id":"UTurnRampActionBearLeft","rule":"{lēnām pagriezieties pa kreisi uz rampas}"},{"id":"UTurnRampActionAtForkLeft","rule":"{izmantojiet rampu pa kreisi}"},{"id":"HighwayActionGo","rule":"{doties}"},{"id":"LandmarkOnTheFarLeft","rule":"{tālu pa kreisi}"},{"id":"HighwayActionTurnRight","rule":"{pagriezties pa labi}"},{"id":"HighwayActionMakeSharpRight","rule":"{straujš pagrieziens pa labi}"},{"id":"ForkActionLeft","rule":"{turpiniet}"},{"id":"HighwayActionMakeSharpLeft","rule":"{straujš pagrieziens pa kreisi}"},{"id":"HighwayActionTurnLeft","rule":"{pagrieziens pa kreisi}"},{"id":"HighwayActionBearLeft","rule":"{lēnām pagriezties pa kreisi}"},{"id":"CrossNames","rule":"#String(0) ({ / } #String(1))"},{"id":"EndOfFerryActionGo","rule":"{doties}"},{"id":"EndOfFerryActionBearRight","rule":"{lēnām pagriezties pa labi}"},{"id":"EndOfFerryActionTurnRight","rule":"{pagriezties pa labi}"},{"id":"EndOfFerryActionMakeSharpRight","rule":"{straujš pagrieziens pa labi}"},{"id":"EndOfFerryActionMakeSharpLeft","rule":"{straujš pagrieziens pa kreisi}"},{"id":"EndOfFerryActionBearLeft","rule":"{lēnām pagriezties pa kreisi}"},{"id":"StopArriveActionContinue","rule":"{turpiniet}"},{"id":"StopArriveActionGo","rule":"{dodieties}"},{"id":"StopArriveActionBack","rule":"{dodieties atpakaļ}"},{"id":"ForkActionRight","rule":"{turpiniet}"},{"id":"ForkActionStraight","rule":"{doties}"},{"id":"UnitSecondNeutral","rule":"{sek}"},{"id":"ForkSideLeft","rule":"{pa kreisi}"},{"id":"RoadSplitSideToProceedLeft","rule":"{pa kreisi}"},{"id":"ForkSideRight","rule":"{pa labi}"},{"id":"RoadSplitActionToProceedLeft","rule":"{turpiniet}"},{"id":"RoadSplitActionToProceedRight","rule":"{turpiniet}"},{"id":"RoadSplitActionToProceedStraight","rule":"{doties}"},{"id":"RoadSplitSideToProceedRight","rule":"{pa labi}"},{"id":"RoadSplitSideToProceedStraight","rule":"{taisni}"},{"id":"RoadSplitActionToStayLeft","rule":"{turpiniet}"},{"id":"RoadSplitActionToStayRight","rule":"{turpiniet}"},{"id":"RoadSplitActionToStayStraight","rule":"{doties}"},{"id":"RoadSplitSideToStayRight","rule":"{pa labi}"},{"id":"DistanceShort","rule":"{< } #MinDistance(1) ({ } #DistanceUnits)"},{"id":"CumulativeDistanceLong","rule":"#Select(#Distance(1), {0}) ({ } #DistanceUnits)"},{"id":"TimeShort","rule":"{< 1 min}"},{"id":"TimeLong","rule":"(#TotalHours(0) { st. }) (#RoundedMinutesOfHour(0) { min})"},{"id":"TravelTimeLong","rule":"(#Days(0) { d }) (#HoursOfDay(0) { st. }) (#RoundedMinutesOfHour(0) { min})"},{"id":"StopTimeShort","rule":"{< 1 min}"},{"id":"StopTimeLong","rule":"(#TotalHours(0) { st. }) (#RoundedMinutesOfHour(0) { min})"},{"id":"SignpostDestination","rule":"#String(0) ({ / } #String(1)) ({ / } #String(2)) ({ / } #String(3)) ({ / } #String(4))"},{"id":"StopSideLeft","rule":"{, kreisajā pusē}"},{"id":"StopSideRight","rule":"{, labajā pusē}"},{"id":"LandmarkOnTheLeft","rule":"{pa kreisi}"},{"id":"LandmarkOnTheRight","rule":"{pa labi}"},{"id":"LandmarkOnTheNearLeft","rule":"{tuvu pa kreisi}"},{"id":"UnitMileSingular","rule":"{jūdze}"},{"id":"UnitMileNeutral","rule":"{jūdzes}"},{"id":"UnitKilometerSingular","rule":"{km}"},{"id":"UnitKilometerPlural","rule":"{km}"},{"id":"UnitKilometerNeutral","rule":"{km}"},{"id":"UnitMeterSingular","rule":"{m}"},{"id":"UnitMeterPlural","rule":"{m}"},{"id":"UnitMeterNeutral","rule":"{m}"},{"id":"UnitFootSingular","rule":"{pēda}"},{"id":"UnitFootNeutral","rule":"{pēdas}"},{"id":"UnitYardSingular","rule":"{jards}"},{"id":"DirectionTime","rule":"#ItemTime"},{"id":"UnitYardPlural","rule":"{jardi}"},{"id":"UnitNauticalSingular","rule":"{jūras jūdze}"},{"id":"UnitSecondSingular","rule":"{sek}"},{"id":"UnitSecondPlural","rule":"{sek}"},{"id":"StopSummary","rule":"{Distance: } #StopLength"},{"id":"StopTimeWindow","rule":"{Laika logs: } #StopTimeWindowStart { - } #StopTimeWindowEnd"},{"id":"StopStayTime","rule":"{Apkalpošanas laiks: } #StopStayTime"},{"id":"StopFullTime","rule":"#StopFullTime"},{"id":"StopWaitTime","rule":"{Gaidīšanas laiks: } #StopWaitTime"},{"id":"StopViolationTime","rule":"{Laika pārsniegšana: } #StopViolationTime"},{"id":"StopLength","rule":"#StopLength"},{"id":"DirectionDrive","rule":"{Braukt} ({ } #ItemLength) ({ ~ } #ItemTime)"},{"id":"DirectionLength","rule":"#ItemLength"},{"id":"DirectionETA","rule":"#ArriveTime"},{"id":"DirectionBranch","rule":"#Branch"},{"id":"DirectionToward","rule":"#Destination"},{"id":"DirectionCrossStreet","rule":"#CrossNames"},{"id":"DirectionExitName","rule":"#SignpostExit"},{"id":"DirectionRestBreak","rule":"#ArriveTime ({-} #DepartTime) { Atpūtas pārtraukums}"},{"id":"DirectionStreet","rule":"NAME"},{"id":"DirectionAltNames","rule":"ALT_NAME ({ / } ALT_NAME2)"},{"id":"DirectionDayEnd","rule":"(#ArriveTime { }) {Dienas beigas}"},{"id":"EventLandmarkPassageVerification","rule":"{Dodieties garām } @@LandmarkPrepositionString(#LandmarkPreposition) { } #LandmarkName ({. Tas atradīsies} #LandmarkPosition)"}],"lookupMapping":[{"id":"ExitNumberString","value":[{"key":"1","value":"{pirmā}"},{"key":"2","value":"{otrā}"},{"key":"3","value":"{trešā}"},{"key":"4","value":"{ceturtā}"},{"key":"5","value":"{piektā}"},{"key":"6","value":"{sestā}"},{"key":"7","value":"{septītā}"},{"key":"8","value":"{astotā}"},{"key":"9","value":"{devītā}"},{"key":"10","value":"{desmitā}"}]},{"id":"LandmarkPrepositionString","value":[{"key":"AFTER","value":"{pēc tam}"},{"key":"AT","value":"{pie}"},{"key":"BEFORE","value":"{pirms}"},{"key":"ONTO","value":"{uz}"},{"key":"OVER","value":"{virs}"},{"key":"PAST","value":"{pēc}"},{"key":"THROUGH","value":"{cauri}"},{"key":"UNDER","value":"{zem}"},{"key":"BY","value":"{līdz}"},{"key":"NEAR","value":"{netālu}"}]}]}}}]}}