{"directions":{"settings":[{"style":{"id":"NA Desktop","language":{"id":"pt-PT","description":"Português","strings":[{"id":"AzimuthSE","rule":"{Sudeste}"},{"id":"ManeuverStopOnRoundabout","rule":"{Faça a rotunda}"},{"id":"ManeuverHeader","rule":"{Iniciar} ({ em } #StopName)"},{"id":"ManeuverAnyRoad","rule":"#FirstUpper(({siga para} ({ } #Azimuth) ({ na } @@Names) ({ para } #CrossNames)))"},{"id":"ForkSideStraight","rule":"{em frente}"},{"id":"RoadSplitSideToStayStraight","rule":"{em frente}"},{"id":"ManeuverFooter","rule":"{Terminar} @StopArrival ({ em } #StopName) (#StopSide)"},{"id":"EventLandmarkManeuverGuidance","rule":"{Efetue a manobra } @@LandmarkPrepositionString(#LandmarkPreposition) { } #FirstUpper(#LandmarkName)"},{"id":"StopArrival","rule":"{ } #StopArrival({ mais cedo },{ mais tarde })"},{"id":"ManeuverDepart","rule":"{Partida de} ({ } #StopName)"},{"id":"ManeuverFerryBypass","rule":"{Permaneça no ferry durante} ({ ~ } #ItemTime) ({ } #ItemLength)"},{"id":"Names","rule":"NAME ({ (} ALT_NAME {)})"},{"id":"AzimuthNE","rule":"{Nordeste}"},{"id":"ManeuverFerry","rule":"{Apanhe o} ({ } @@Names) { ferry}"},{"id":"ManeuverUTurn","rule":"{Faça inversão de marcha} @AtIntersectionOrCrossNames { e volte para trás} ({ na } @@Names)"},{"id":"ManeuverArrive","rule":"{Chegue} @StopArrival ({ a } #StopName) (#StopSide)"},{"id":"ManeuverStopArrive","rule":"#FirstUpper((#StopArriveAction ({ } #Azimuth) ({ na } @@Names)))"},{"id":"ManeuverTurnOntoLocalRoad","rule":"#FirstUpper( (@AtExit #LocalRoadAction @AtIntersectionNames ({ na } @@Names) ({ no sentido de } #Destination)) )"},{"id":"AtExit","rule":"{na saída } #SignpostExit { }"},{"id":"AtIntersectionNames","rule":"{ na } #Intersection(NAME) ({ (} #Intersection(ALT_NAME) {)})"},{"id":"FirstActionMakeSharpRight","rule":"{faça a curva apertada à direita} @AtIntersectionNames ({ na } NAME)"},{"id":"ManeuverPathCurves","rule":"#FirstUpper( (@AtExit #PathCurveAction @AtIntersectionOrCrossNames ({ para ficar na } @@Names) ({ no sentido de } #Destination)) )"},{"id":"UTurnRampActionTurnLeft","rule":"{vire à esquerda para a rampa}"},{"id":"AtIntersectionOrCrossNames","rule":"#Select(@AtIntersectionNames, ({ na } #CrossNames))"},{"id":"PathCurveActionTurnLeft","rule":"{vire à esquerda}"},{"id":"TimeZoneChange","rule":"#Sign (#TotalHours(0) { hr }) (#RoundedMinutesOfHour(0) { min})"},{"id":"ManeuverOntoHighway","rule":"#FirstUpper( @AtExit #HighwayAction @AtIntersectionNames #Select(@OnBranchDestination, ({ na } @@Names)) )"},{"id":"OnBranchDestination","rule":"({ na } #Branch) ({ no sentido de } #Destination)"},{"id":"ManeuverDoubleTurn","rule":"#FirstUpper( (#FirstTurn(#FirstActionBearing) { e } #SecondTurn(#SecondActionBearing)) )"},{"id":"UnitFootPlural","rule":"{pés}"},{"id":"LocalRoadActionTurnRight","rule":"{vire à direita}"},{"id":"ManeuverUTurnViaRamp","rule":"#FirstUpper( (#UTurnRampAction { para fazer inversão de marcha e voltar para trás} ({ na } @@Names)) )"},{"id":"ManeuverUTurnViaRoundabout","rule":"@RoundaboutHeaderGoBack ({ na } @@Names)"},{"id":"RoundaboutHeaderGoBack","rule":"#Select(({Na rotunda, apanhe a } @@ExitNumberString(#ExitNumber) { saída para voltar para trás}), {Entre na rotunda e volte para trás})"},{"id":"AzimuthS","rule":"{Sul}"},{"id":"ManeuverEndOfFerry","rule":"#FirstUpper( @AtExit #EndOfFerryAction #Select(@OnBranchDestination,  ({ na } @@Names)) )"},{"id":"UnitNauticalPlural","rule":"{mi.n.}"},{"id":"PathCurveActionMakeSharpRight","rule":"{faça a curva apertada à direita}"},{"id":"ManeuverFork","rule":"#FirstUpper( (#Select(@AtExit, {na bifurcação }) #ForkAction ({ } #ForkSide) #Select(@OnBranchDestination, ({ na } @@Names))) )"},{"id":"LocalRoadActionBearRight","rule":"{desloque-se pela direita}"},{"id":"ManeuverSkipSignpostRamps","rule":"#FirstUpper( @AtExit #SkipSignpostRampAction #Select(@ToBranchDestination, ({ para } @@Names)) )"},{"id":"TravelTimeShort","rule":"{< 1 min}"},{"id":"UnitMilePlural","rule":"{mi}"},{"id":"ManeuverRoadSplitToProceed","rule":"#FirstUpper( (@AtExit #RoadSplitActionToProceed ({ } #RoadSplitSideToProceed) { e prossiga} #Select(@OnBranchDestination, ({ na } @@Names))) ) "},{"id":"FirstActionTurnRight","rule":"{vire à direita} @AtIntersectionNames ({ na } NAME)"},{"id":"ManeuverRoadSplitToStay","rule":"#FirstUpper( (@AtExit #RoadSplitActionToStay ({ } #RoadSplitSideToStay) { para ficar} #Select(@OnBranchDestination, ({ na } @@Names))) ) "},{"id":"UTurnRampActionAtForkRight","rule":"{apanhe a rampa à direita}"},{"id":"LocalRoadActionGo","rule":"{siga para}"},{"id":"EventTakeRoundaboutToStay","rule":"{Apanhe a rotunda} ({ para ficar na } @@Names)"},{"id":"DirectionCumulativeLength","rule":"#CumulativeDistance"},{"id":"AzimuthSW","rule":"{Sudoeste}"},{"id":"ToProceed","rule":"{ e prossiga} #Select(@OnBranchDestination, ({ na } @@Names))"},{"id":"ManeuverSkipRoundabout","rule":"@RoundaboutHeader @ToProceed"},{"id":"AzimuthW","rule":"{Oeste}"},{"id":"RoundaboutHeader","rule":"#Select(({Na rotunda, apanhe a } @@ExitNumberString(#ExitNumber) { saída }), {Entre na rotunda})"},{"id":"ManeuverSkipRoundaboutRamp","rule":"@RoundaboutHeader #Select(@ToBranchDestination, ({ para } @@Names))"},{"id":"ToBranchDestination","rule":"({ para } #Branch) ({ no sentido de } #Destination)"},{"id":"EventRestrictionViolation","rule":"{Restricção: } #Restriction"},{"id":"ManeuverSkipHighwayRamps","rule":"#FirstUpper( @AtExit #SkipHighwayRampAction #Select(@AndGoOnBranchDestination, ({ e continue } @@Names)) )"},{"id":"AndGoOnBranchDestination","rule":"({ e continue } #Branch) ({ no sentido de } #Destination)"},{"id":"EventTimeChanged","rule":"{A entrar numa nova zona horária.} ({ Mudança horária: } #TZChange)"},{"id":"FirstActionBearRight","rule":"{desloque-se pela direita} @AtIntersectionNames ({ na } NAME)"},{"id":"PathCurveActionContinue","rule":"{continue}"},{"id":"EventCrossingBorder","rule":"{Entre} ({ } CROSSADMINBORDER)"},{"id":"AzimuthN","rule":"{Norte}"},{"id":"AzimuthE","rule":"{Este}"},{"id":"AzimuthNW","rule":"{Noroeste}"},{"id":"RoadSplitSideToStayLeft","rule":"{à esquerda}"},{"id":"PathCurveActionBearRight","rule":"{desloque-se pela direita}"},{"id":"LocalRoadActionContinue","rule":"{continue}"},{"id":"LocalRoadActionMakeSharpRight","rule":"{faça a curva apertada à direita}"},{"id":"LocalRoadActionMakeSharpLeft","rule":"{faça a curva apertada à esquerda}"},{"id":"PathCurveActionBearLeft","rule":"{desloque-se pela esquerda}"},{"id":"LocalRoadActionTurnLeft","rule":"{vire à esquerda}"},{"id":"LandmarkOnTheNearRight","rule":"{próximo da sua direita}"},{"id":"LocalRoadActionBearLeft","rule":"{desloque-se pela esquerda}"},{"id":"PathCurveActionTurnRight","rule":"{vire à direita}"},{"id":"PathCurveActionMakeSharpLeft","rule":"{faça a curva apertada à esquerda}"},{"id":"FirstActionMakeSharpLeft","rule":"{faça a curva apertada à esquerda} @AtIntersectionNames ({ na } NAME)"},{"id":"FirstActionTurnLeft","rule":"{vire à esquerda} @AtIntersectionNames ({ na } NAME)"},{"id":"FirstActionBearLeft","rule":"{desloque-se pela esquerda} @AtIntersectionNames ({ na } NAME)"},{"id":"FirstActionContinue","rule":"{continue} @AtIntersectionNames ({ na } NAME)"},{"id":"SecondActionBearRight","rule":"{desloque-se imediatamente pela direita} ({ na } NAME)"},{"id":"DirectionAfterBreak","rule":"(#DepartTime { }) {Fique} { em } NAME ({ (} ALT_NAME {)})"},{"id":"SecondActionTurnRight","rule":"{vire imediatamente à direita} ({ na } NAME)"},{"id":"SecondActionMakeSharpRight","rule":"{faça a curva apertada imediatamente à direita} ({ na } NAME)"},{"id":"SkipHighwayRampActionAtForkRight","rule":"{apanhe a rampa à direita}"},{"id":"SecondActionMakeSharpLeft","rule":"{faça a curva apertada imediatamente à esquerda} ({ na } NAME)"},{"id":"EndOfFerryActionTurnLeft","rule":"{vire à esquerda}"},{"id":"SecondActionTurnLeft","rule":"{vire imediatamente à esquerda} ({ na } NAME)"},{"id":"SecondActionBearLeft","rule":"{desloque-se imediatamente pela esquerda} ({ na } NAME)"},{"id":"SecondActionContinue","rule":"{continue imediatamente} ({ na } NAME)"},{"id":"HighwayActionBearRight","rule":"{desloque-se pela direita}"},{"id":"DistanceLong","rule":"#Distance(1) ({ } #DistanceUnits)"},{"id":"SkipHighwayRampActionAtFork","rule":"#Select(#SkipHighwayRampActionAtFork, {Apanhe a rampa})"},{"id":"UnitNauticalNeutral","rule":"{mi.n.}"},{"id":"SkipHighwayRampActionBearRight","rule":"{desloque-se pela direita para a rampa}"},{"id":"SkipHighwayRampActionTurnRight","rule":"{vire à direita para a rampa}"},{"id":"SkipHighwayRampActionMakeSharpRight","rule":"{faça a curva apertada à direita para a rampa}"},{"id":"SkipHighwayRampActionMakeSharpLeft","rule":"{faça a curva apertada à esquerda para a rampa}"},{"id":"SkipHighwayRampActionTurnLeft","rule":"{vire à esquerda para a rampa}"},{"id":"SkipHighwayRampActionBearLeft","rule":"{desloque-se pela esquerda para a rampa}"},{"id":"SkipHighwayRampActionTakeRamp","rule":"{apanhe a rampa}"},{"id":"SkipHighwayRampActionAtForkLeft","rule":"{apanhe a rampa à esquerda}"},{"id":"SkipSignpostRampActionAtFork","rule":"#Select(#SkipSignpostRampActionAtFork, {apanhe a rampa})"},{"id":"SkipSignpostRampActionBearRight","rule":"{desloque-se pela direita para a rampa}"},{"id":"SkipSignpostRampActionTurnRight","rule":"{vire à direita para a rampa}"},{"id":"UnitYardNeutral","rule":"{yd}"},{"id":"SkipSignpostRampActionMakeSharpRight","rule":"{faça a curva apertada à direita para a rampa}"},{"id":"UTurnRampActionTakeRamp","rule":"{apanhe a rampa}"},{"id":"SkipSignpostRampActionMakeSharpLeft","rule":"{faça a curva apertada à esquerda para a rampa}"},{"id":"SkipSignpostRampActionTurnLeft","rule":"{vire à esquerda para a rampa}"},{"id":"SkipSignpostRampActionBearLeft","rule":"{desloque-se pela esquerda para a rampa}"},{"id":"SkipSignpostRampActionTakeRamp","rule":"{apanhe a rampa}"},{"id":"SkipSignpostRampActionAtForkLeft","rule":"{apanhe a rampa à esquerda}"},{"id":"SkipSignpostRampActionAtForkRight","rule":"{apanhe a rampa à direita}"},{"id":"UTurnRampActionFork","rule":"#Select(#UTurnRampActionAtFork, {apanhe a rampa})"},{"id":"UTurnRampActionBearRight","rule":"{desloque-se pela direita para a rampa}"},{"id":"UTurnRampActionTurnRight","rule":"{vire à direita para a rampa}"},{"id":"LandmarkOnTheFarRight","rule":"{distante da sua direita}"},{"id":"UTurnRampActionMakeSharpRight","rule":"{faça a curva apertada à direita para a rampa}"},{"id":"UTurnRampActionMakeSharpLeft","rule":"{faça a curva apertada à esquerda para a rampa}"},{"id":"UTurnRampActionBearLeft","rule":"{desloque-se pela esquerda para a rampa}"},{"id":"UTurnRampActionAtForkLeft","rule":"{apanhe a rampa à esquerda}"},{"id":"HighwayActionGo","rule":"{siga para}"},{"id":"LandmarkOnTheFarLeft","rule":"{distante da sua esquerda}"},{"id":"HighwayActionTurnRight","rule":"{vire à direita}"},{"id":"HighwayActionMakeSharpRight","rule":"{faça a curva apertada à direita}"},{"id":"ForkActionLeft","rule":"{mantenha-se}"},{"id":"HighwayActionMakeSharpLeft","rule":"{faça a curva apertada à esquerda}"},{"id":"HighwayActionTurnLeft","rule":"{vire à esquerda}"},{"id":"HighwayActionBearLeft","rule":"{desloque-se pela esquerda}"},{"id":"CrossNames","rule":"#String(0) ({ / } #String(1))"},{"id":"EndOfFerryActionGo","rule":"{siga para}"},{"id":"EndOfFerryActionBearRight","rule":"{desloque-se pela direita}"},{"id":"EndOfFerryActionTurnRight","rule":"{vire à direita}"},{"id":"EndOfFerryActionMakeSharpRight","rule":"{faça a curva apertada à direita}"},{"id":"EndOfFerryActionMakeSharpLeft","rule":"{faça a curva apertada à esquerda}"},{"id":"EndOfFerryActionBearLeft","rule":"{desloque-se pela esquerda}"},{"id":"StopArriveActionContinue","rule":"{continue}"},{"id":"StopArriveActionGo","rule":"{siga para}"},{"id":"StopArriveActionBack","rule":"{volte para trás}"},{"id":"ForkActionRight","rule":"{mantenha-se}"},{"id":"ForkActionStraight","rule":"{siga}"},{"id":"UnitSecondNeutral","rule":"{seg}"},{"id":"ForkSideLeft","rule":"{à esquerda}"},{"id":"RoadSplitSideToProceedLeft","rule":"{à esquerda}"},{"id":"ForkSideRight","rule":"{à direita}"},{"id":"RoadSplitActionToProceedLeft","rule":"{mantenha-se}"},{"id":"RoadSplitActionToProceedRight","rule":"{mantenha-se}"},{"id":"RoadSplitActionToProceedStraight","rule":"{siga}"},{"id":"RoadSplitSideToProceedRight","rule":"{à direita}"},{"id":"RoadSplitSideToProceedStraight","rule":"{em frente}"},{"id":"RoadSplitActionToStayLeft","rule":"{mantenha-se}"},{"id":"RoadSplitActionToStayRight","rule":"{mantenha-se}"},{"id":"RoadSplitActionToStayStraight","rule":"{siga}"},{"id":"RoadSplitSideToStayRight","rule":"{à direita}"},{"id":"DistanceShort","rule":"{< } #MinDistance(1) ({ } #DistanceUnits)"},{"id":"CumulativeDistanceLong","rule":"#Select(#Distance(1), {0}) ({ } #DistanceUnits)"},{"id":"TimeShort","rule":"{< 1 min}"},{"id":"TimeLong","rule":"(#TotalHours(0) { hr }) (#RoundedMinutesOfHour(0) { min})"},{"id":"TravelTimeLong","rule":"(#Days(0) { d }) (#HoursOfDay(0) { hr }) (#RoundedMinutesOfHour(0) { min})"},{"id":"StopTimeShort","rule":"{< 1 min}"},{"id":"StopTimeLong","rule":"(#TotalHours(0) { hr }) (#RoundedMinutesOfHour(0) { min})"},{"id":"SignpostDestination","rule":"#String(0) ({ / } #String(1)) ({ / } #String(2)) ({ / } #String(3)) ({ / } #String(4))"},{"id":"StopSideLeft","rule":"{, à esquerda}"},{"id":"StopSideRight","rule":"{, à direita}"},{"id":"LandmarkOnTheLeft","rule":"{à sua esquerda}"},{"id":"LandmarkOnTheRight","rule":"{à sua direita}"},{"id":"LandmarkOnTheNearLeft","rule":"{próximo da sua esquerda}"},{"id":"UnitMileSingular","rule":"{mi}"},{"id":"UnitMileNeutral","rule":"{mi}"},{"id":"UnitKilometerSingular","rule":"{km}"},{"id":"UnitKilometerPlural","rule":"{km}"},{"id":"UnitKilometerNeutral","rule":"{km}"},{"id":"UnitMeterSingular","rule":"{m}"},{"id":"UnitMeterPlural","rule":"{m}"},{"id":"UnitMeterNeutral","rule":"{m}"},{"id":"UnitFootSingular","rule":"{pé}"},{"id":"UnitFootNeutral","rule":"{pé}"},{"id":"UnitYardSingular","rule":"{yd}"},{"id":"DirectionTime","rule":"#ItemTime"},{"id":"UnitYardPlural","rule":"{yd}"},{"id":"UnitNauticalSingular","rule":"{mi.n.}"},{"id":"UnitSecondSingular","rule":"{seg}"},{"id":"UnitSecondPlural","rule":"{seg}"},{"id":"StopSummary","rule":"{Distância: } #StopLength"},{"id":"StopTimeWindow","rule":"{Janela temporal: } #StopTimeWindowStart { - } #StopTimeWindowEnd"},{"id":"StopStayTime","rule":"{Tempo de serviço: } #StopStayTime"},{"id":"StopFullTime","rule":"#StopFullTime"},{"id":"StopWaitTime","rule":"{Tempo de espera: } #StopWaitTime"},{"id":"StopViolationTime","rule":"{Tempo de violação: } #StopViolationTime"},{"id":"StopLength","rule":"#StopLength"},{"id":"DirectionDrive","rule":"{Conduza } ({ } #ItemLength) ({ ~ } #ItemTime)"},{"id":"DirectionLength","rule":"#ItemLength"},{"id":"DirectionETA","rule":"#ArriveTime"},{"id":"DirectionBranch","rule":"#Branch"},{"id":"DirectionToward","rule":"#Destination"},{"id":"DirectionCrossStreet","rule":"#CrossNames"},{"id":"DirectionExitName","rule":"#SignpostExit"},{"id":"DirectionRestBreak","rule":"#ArriveTime ({-} #DepartTime) {Pausa para descanso}"},{"id":"DirectionStreet","rule":"NAME"},{"id":"DirectionAltNames","rule":"ALT_NAME ({ / } ALT_NAME2)"},{"id":"DirectionDayEnd","rule":"(#ArriveTime { }) {Fim do dia}"},{"id":"EventLandmarkPassageVerification","rule":"{Passe } @@LandmarkPrepositionString(#LandmarkPreposition) { } #LandmarkName ({. Ficará } #LandmarkPosition)"}],"lookupMapping":[{"id":"ExitNumberString","value":[{"key":"1","value":"{ primeira }"},{"key":"2","value":"{ segunda }"},{"key":"3","value":"{ terceira }"},{"key":"4","value":"{ quarta }"},{"key":"5","value":"{ quinta }"},{"key":"6","value":"{ sexta }"},{"key":"7","value":"{ sétima }"},{"key":"8","value":"{ oitava }"},{"key":"9","value":"{ nona }"},{"key":"10","value":"{ décima}"}]},{"id":"LandmarkPrepositionString","value":[{"key":"AFTER","value":"{depois de}"},{"key":"AT","value":"{em}"},{"key":"BEFORE","value":"{antes de}"},{"key":"ONTO","value":"{em direção a}"},{"key":"OVER","value":"{por cima de}"},{"key":"PAST","value":"{para além de}"},{"key":"THROUGH","value":"{através de}"},{"key":"UNDER","value":"{por baixo de}"},{"key":"BY","value":"{por}"},{"key":"NEAR","value":"{perto de}"}]}]}}}]}}