{"directions":{"settings":[{"style":{"id":"NA Desktop","language":{"id":"tr","description":"Türkçe","strings":[{"id":"AzimuthSE","rule":"{güneydoğu}"},{"id":"ManeuverStopOnRoundabout","rule":"{döner kavşağa gir}"},{"id":"ManeuverHeader","rule":"(#StopName { noktasından }) {başla}"},{"id":"ManeuverAnyRoad","rule":"#FirstUpper(((@@Names { üzerinde}) (#CrossNames) ({ } #Azimuth) { yönünde } {ilerle}))"},{"id":"ForkSideStraight","rule":"{ düz}"},{"id":"RoadSplitSideToStayStraight","rule":"{ düz}"},{"id":"ManeuverFooter","rule":"(#StopName { konumunu}) @StopArrival (#StopSide) { bitir}"},{"id":"EventLandmarkManeuverGuidance","rule":" @@LandmarkPrepositionString(#LandmarkPreposition) { } #FirstUpper(#LandmarkName) { dönüş yap }"},{"id":"StopArrival","rule":"{ } #StopArrival({geçmeden}, {geçince})"},{"id":"ManeuverDepart","rule":"(#StopName { noktasından}) { ayrıl}"},{"id":"ManeuverFerryBypass","rule":" ({ ~ } #ItemTime) ({ } #ItemLength) { süre feribotta kal}"},{"id":"Names","rule":"NAME ({ (} ALT_NAME {)})"},{"id":"AzimuthNE","rule":"{kuzeydoğu}"},{"id":"ManeuverFerry","rule":"(@@Names) { feribotuna} { geç}"},{"id":"ManeuverUTurn","rule":" @AtIntersectionOrCrossNames { üzerinde } {U dönüşü yap} ({ ve } (@@Names { üzerinde}) { geri gel}) "},{"id":"ManeuverArrive","rule":"(#StopName { konumunu}) @StopArrival (#StopSide) { ulaş} "},{"id":"ManeuverStopArrive","rule":"#FirstUpper(((@@Names { üzerinde }) (#Azimuth { yönünde}) (#StopArriveAction)))"},{"id":"ManeuverTurnOntoLocalRoad","rule":"#FirstUpper( (@AtExit  @AtIntersectionNames ( @@Names { üzerinde}) ( { } #Destination { yönünde})) ) #LocalRoadAction"},{"id":"AtExit","rule":"#SignpostExit { çıkışında }"},{"id":"AtIntersectionNames","rule":"#Intersection(NAME) { konumunda } ({(} #Intersection(ALT_NAME) {) })"},{"id":"FirstActionMakeSharpRight","rule":" @AtIntersectionNames (NAME { üzerinde } ) { sağa keskin dönüş yap}"},{"id":"ManeuverPathCurves","rule":"#FirstUpper( (@AtExit  @AtIntersectionOrCrossNames ({ } @@Names { üzerinde bekle }) (#Destination { yönünde})) ) #PathCurveAction"},{"id":"UTurnRampActionTurnLeft","rule":"{ bağlantı yoluna doğru sağa dön}"},{"id":"AtIntersectionOrCrossNames","rule":"#Select(@AtIntersectionNames, (#CrossNames {}))"},{"id":"PathCurveActionTurnLeft","rule":"{ sola dön}"},{"id":"TimeZoneChange","rule":"#Sign (#TotalHours(0) { s }) (#RoundedMinutesOfHour(0) { dk})"},{"id":"ManeuverOntoHighway","rule":"#FirstUpper( @AtExit  @AtIntersectionNames #Select(@OnBranchDestination, ( @@Names { üzerinde})) ) #HighwayAction"},{"id":"OnBranchDestination","rule":"({ } #Branch { üzerinde }) ( #Destination { yönünde })"},{"id":"ManeuverDoubleTurn","rule":"#FirstUpper( (#FirstTurn(#FirstActionBearing) { ve } #SecondTurn(#SecondActionBearing)) )"},{"id":"UnitFootPlural","rule":"{ft}"},{"id":"LocalRoadActionTurnRight","rule":"{ sağa dön}"},{"id":"ManeuverUTurnViaRamp","rule":" {U dönüşü yapmak için} (#UTurnRampAction { ve } (@@Names { üzerinde})) { geri gel}"},{"id":"ManeuverUTurnViaRoundabout","rule":"( @@Names { üzerinde }) @RoundaboutHeaderGoBack "},{"id":"RoundaboutHeaderGoBack","rule":"#Select(({ gir } @@ExitNumberString(#ExitNumber) { çıkıştan çık ve geri gel}), {döner kavşağa gir ve geri gel})"},{"id":"AzimuthS","rule":"{güney}"},{"id":"ManeuverEndOfFerry","rule":"#FirstUpper((#Select(@OnBranchDestination, (@@Names { üzerinde })) @AtExit #EndOfFerryAction))"},{"id":"UnitNauticalPlural","rule":"{nmi}"},{"id":"PathCurveActionMakeSharpRight","rule":"{ sağa keskin dönüş yap}"},{"id":"ManeuverFork","rule":"#FirstUpper( (#Select(@AtExit, { yol ayrımında }) #Select(@OnBranchDestination, ( @@Names { üzerinde})) (#ForkSide) (#ForkAction  ) ))"},{"id":"LocalRoadActionBearRight","rule":"{ sağa gir}"},{"id":"ManeuverSkipSignpostRamps","rule":"#FirstUpper((@AtExit #Select(@ToBranchDestination, ( @@Names { yönünde})) #SkipSignpostRampAction))"},{"id":"TravelTimeShort","rule":"{< 1 dk}"},{"id":"UnitMilePlural","rule":"{mi}"},{"id":"ManeuverRoadSplitToProceed","rule":"#FirstUpper( (@AtExit  (#RoadSplitSideToProceed) { ilerlemek için } #Select(@OnBranchDestination, ( @@Names { üzerinde}))) ) #RoadSplitActionToProceed "},{"id":"FirstActionTurnRight","rule":" @AtIntersectionNames (NAME { üzerinde } ) { sağa dön}"},{"id":"ManeuverRoadSplitToStay","rule":"#FirstUpper( (@AtExit  ({ }) {hedef } #Select(@OnBranchDestination, ( @@Names { üzerinde}))) ) #RoadSplitSideToStay #RoadSplitActionToStay"},{"id":"UTurnRampActionAtForkRight","rule":"{ sağdaki bağlantı yoluna gir}"},{"id":"LocalRoadActionGo","rule":"{ ilerle}"},{"id":"EventTakeRoundaboutToStay","rule":"{Döner Kavşağa Gir} ( @@Names { üzerinde bekle })"},{"id":"DirectionCumulativeLength","rule":"#CumulativeDistance"},{"id":"AzimuthSW","rule":"{güneybatı}"},{"id":"ToProceed","rule":"#Select(@OnBranchDestination, (@@Names { üzerinde}))"},{"id":"ManeuverSkipRoundabout","rule":"@RoundaboutHeader @ToProceed"},{"id":"AzimuthW","rule":"{batı}"},{"id":"RoundaboutHeader","rule":"#Select(({döner kavşakta } @@ExitNumberString(#ExitNumber) { çıkışı }), {döner kavşağa gir })"},{"id":"ManeuverSkipRoundaboutRamp","rule":"@RoundaboutHeader #Select(@ToBranchDestination, (@@Names { yönüne }))"},{"id":"ToBranchDestination","rule":"({ } #Branch { üzerinde }) ( #Destination { yönünde })"},{"id":"EventRestrictionViolation","rule":"{Kısıtlama: } #Restriction"},{"id":"ManeuverSkipHighwayRamps","rule":"#FirstUpper( @AtExit #SkipHighwayRampAction #Select(@AndGoOnBranchDestination, ({ ve } @@Names { üzerinde ilerle } )) )"},{"id":"AndGoOnBranchDestination","rule":"({ ve } #Branch { üzerinden} ) ( #Destination { yönünde } {ilerle})"},{"id":"EventTimeChanged","rule":"{ Yeni bir zaman dilimi gir} ({ Time change: } #TZChange)"},{"id":"FirstActionBearRight","rule":" @AtIntersectionNames (NAME { üzerinde } ) { sağa gir}"},{"id":"PathCurveActionContinue","rule":"{ devam et}"},{"id":"EventCrossingBorder","rule":" ({ } CROSSADMINBORDER) { gir}"},{"id":"AzimuthN","rule":"{kuzey}"},{"id":"AzimuthE","rule":"{doğu}"},{"id":"AzimuthNW","rule":"{kuzeybatı}"},{"id":"RoadSplitSideToStayLeft","rule":"{ solda}"},{"id":"PathCurveActionBearRight","rule":"{ sağa gir}"},{"id":"LocalRoadActionContinue","rule":"{ devam et}"},{"id":"LocalRoadActionMakeSharpRight","rule":"{ sağa keskin dönüş yap}"},{"id":"LocalRoadActionMakeSharpLeft","rule":"{ sola keskin dönüş yap}"},{"id":"PathCurveActionBearLeft","rule":"{ sola gir}"},{"id":"LocalRoadActionTurnLeft","rule":"{ sola dön}"},{"id":"LandmarkOnTheNearRight","rule":"{ yakindan sağa}"},{"id":"LocalRoadActionBearLeft","rule":"{ sola gir}"},{"id":"PathCurveActionTurnRight","rule":"{ sağa dön}"},{"id":"PathCurveActionMakeSharpLeft","rule":"{ sola keskin dönüş yap}"},{"id":"FirstActionMakeSharpLeft","rule":" @AtIntersectionNames (NAME { üzerinde } ) { sola keskin dönüş yap}"},{"id":"FirstActionTurnLeft","rule":" @AtIntersectionNames (NAME { üzerinde } ) { sola dön}"},{"id":"FirstActionBearLeft","rule":" @AtIntersectionNames (NAME { üzerinde } ) { sola gir}"},{"id":"FirstActionContinue","rule":" @AtIntersectionNames (NAME { üzerinde } ) { devam et}"},{"id":"SecondActionBearRight","rule":" (NAME { üzerinde } ) { hemen sağa gir}"},{"id":"DirectionAfterBreak","rule":"(#DepartTime { }) @@Names { üzerinde } { bekle} "},{"id":"SecondActionTurnRight","rule":" (NAME { üzerinde } ) { hemen sağa dön}"},{"id":"SecondActionMakeSharpRight","rule":" (NAME { üzerinde } ) { hemen sağa keskin dönüş yap}"},{"id":"SkipHighwayRampActionAtForkRight","rule":"{ sağdaki bağlantı yoluna gir}"},{"id":"SecondActionMakeSharpLeft","rule":"(NAME { üzerinde } ) { hemen sola keskin dönüş yap } "},{"id":"EndOfFerryActionTurnLeft","rule":"{ sola dön}"},{"id":"SecondActionTurnLeft","rule":" (NAME { üzerinde } ) { hemen sola dön}"},{"id":"SecondActionBearLeft","rule":" (NAME { üzerinde } ) { hemen sola gir}"},{"id":"SecondActionContinue","rule":" (NAME { üzerinde } ) { hemen devam et}"},{"id":"HighwayActionBearRight","rule":"{ sağa gir}"},{"id":"DistanceLong","rule":"#Distance(1) ({ } #DistanceUnits)"},{"id":"SkipHighwayRampActionAtFork","rule":"#Select(#SkipHighwayRampActionAtFork, {rampayi çik})"},{"id":"UnitNauticalNeutral","rule":"{nmi}"},{"id":"SkipHighwayRampActionBearRight","rule":"{ bağlantı yoluna doğru sağa gir}"},{"id":"SkipHighwayRampActionTurnRight","rule":"{ bağlantı yoluna doğru sağa dön}"},{"id":"SkipHighwayRampActionMakeSharpRight","rule":"{ bağlantı yoluna doğru sağa keskin dönüş yap}"},{"id":"SkipHighwayRampActionMakeSharpLeft","rule":"{ bağlanti yoluna doğru sola keskin dönüş yap}"},{"id":"SkipHighwayRampActionTurnLeft","rule":"{ bağlantı yoluna doğru sola dön}"},{"id":"SkipHighwayRampActionBearLeft","rule":"{ bağlantı yoluna doğru sola gir}"},{"id":"SkipHighwayRampActionTakeRamp","rule":"{ bağlantı yoluna gir}"},{"id":"SkipHighwayRampActionAtForkLeft","rule":"{ soldaki bağlantı yoluna gir}"},{"id":"SkipSignpostRampActionAtFork","rule":"#Select(#SkipSignpostRampActionAtFork, { baglanti yoluna gir})"},{"id":"SkipSignpostRampActionBearRight","rule":"{ bağlantı yoluna doğru sağa gir}"},{"id":"SkipSignpostRampActionTurnRight","rule":"{ bağlantı yoluna doğru sağa dön}"},{"id":"UnitYardNeutral","rule":"{yd}"},{"id":"SkipSignpostRampActionMakeSharpRight","rule":"{ bağlantı yoluna doğru sağa keskin dönüş yap}"},{"id":"UTurnRampActionTakeRamp","rule":"{ bağlantı yoluna gir}"},{"id":"SkipSignpostRampActionMakeSharpLeft","rule":"{ bağlantı yoluna doğru sola keskin dönüş yap}"},{"id":"SkipSignpostRampActionTurnLeft","rule":"{ bağlantı yoluna doğru sola dön}"},{"id":"SkipSignpostRampActionBearLeft","rule":"{ bağlantı yoluna doğru sola gir}"},{"id":"SkipSignpostRampActionTakeRamp","rule":"{ bağlantı yoluna gir}"},{"id":"SkipSignpostRampActionAtForkLeft","rule":"{ soldaki bağlantı yoluna gir}"},{"id":"SkipSignpostRampActionAtForkRight","rule":"{ sağdaki bağlantı yoluna gir}"},{"id":"UTurnRampActionFork","rule":"#Select(#UTurnRampActionAtFork, { bağlantı yoluna gir})"},{"id":"UTurnRampActionBearRight","rule":"{ bağlantı yoluna doğru sağa gir}"},{"id":"UTurnRampActionTurnRight","rule":"{ bağlantı yoluna doğru sağa dön}"},{"id":"LandmarkOnTheFarRight","rule":"{ uzaktan sağa}"},{"id":"UTurnRampActionMakeSharpRight","rule":"{ bağlantı yoluna doğru sağa keskin dönüş yap}"},{"id":"UTurnRampActionMakeSharpLeft","rule":"{ bağlantı yoluna doğru sola keskin dönüş yap}"},{"id":"UTurnRampActionBearLeft","rule":"{ bağlantı yoluna doğru sola gir}"},{"id":"UTurnRampActionAtForkLeft","rule":"{ soldaki bağlantı yoluna gir}"},{"id":"HighwayActionGo","rule":"{ ilerle}"},{"id":"LandmarkOnTheFarLeft","rule":"{ uzaktan sola}"},{"id":"HighwayActionTurnRight","rule":"{ sağa dön}"},{"id":"HighwayActionMakeSharpRight","rule":"{ sağa keskin dönüş yap}"},{"id":"ForkActionLeft","rule":"{ kal}"},{"id":"HighwayActionMakeSharpLeft","rule":"{ sola keskin dönüş yap}"},{"id":"HighwayActionTurnLeft","rule":"{ sola dön}"},{"id":"HighwayActionBearLeft","rule":"{ sola gir}"},{"id":"CrossNames","rule":"#String(0) ({ / } #String(1))"},{"id":"EndOfFerryActionGo","rule":"{ ilerle}"},{"id":"EndOfFerryActionBearRight","rule":"{ sağa gir}"},{"id":"EndOfFerryActionTurnRight","rule":"{ sağa dön}"},{"id":"EndOfFerryActionMakeSharpRight","rule":"{ sağa keskin dönüş yap}"},{"id":"EndOfFerryActionMakeSharpLeft","rule":"{ sola keskin dönüş yap}"},{"id":"EndOfFerryActionBearLeft","rule":"{ sola gir}"},{"id":"StopArriveActionContinue","rule":"{ devam et}"},{"id":"StopArriveActionGo","rule":"{ ilerle}"},{"id":"StopArriveActionBack","rule":"{ geri gel}"},{"id":"ForkActionRight","rule":"{ kal}"},{"id":"ForkActionStraight","rule":"{ ilerle}"},{"id":"UnitSecondNeutral","rule":"{ sn}"},{"id":"ForkSideLeft","rule":"{ solda}"},{"id":"RoadSplitSideToProceedLeft","rule":"{ soldan}"},{"id":"ForkSideRight","rule":"{ sağda}"},{"id":"RoadSplitActionToProceedLeft","rule":"{ kal}"},{"id":"RoadSplitActionToProceedRight","rule":"{ kal}"},{"id":"RoadSplitActionToProceedStraight","rule":"{ ilerle}"},{"id":"RoadSplitSideToProceedRight","rule":"{ sağdan}"},{"id":"RoadSplitSideToProceedStraight","rule":"{ düz}"},{"id":"RoadSplitActionToStayLeft","rule":"{ kal}"},{"id":"RoadSplitActionToStayRight","rule":"{ kal}"},{"id":"RoadSplitActionToStayStraight","rule":"{ ilerle}"},{"id":"RoadSplitSideToStayRight","rule":"{ sağda}"},{"id":"DistanceShort","rule":"{< } #MinDistance(1) ({ } #DistanceUnits)"},{"id":"CumulativeDistanceLong","rule":"#Select(#Distance(1), {0}) ({ } #DistanceUnits)"},{"id":"TimeShort","rule":"{< 1 dk}"},{"id":"TimeLong","rule":"(#TotalHours(0) { s }) (#RoundedMinutesOfHour(0) { dk})"},{"id":"TravelTimeLong","rule":"(#Days(0) { g }) (#HoursOfDay(0) { s }) (#RoundedMinutesOfHour(0) { dk})"},{"id":"StopTimeShort","rule":"{< 1 dk}"},{"id":"StopTimeLong","rule":"(#TotalHours(0) { s }) (#RoundedMinutesOfHour(0) { dk})"},{"id":"SignpostDestination","rule":"#String(0) ({ / } #String(1)) ({ / } #String(2)) ({ / } #String(3)) ({ / } #String(4))"},{"id":"StopSideLeft","rule":"{ yolun solunda}"},{"id":"StopSideRight","rule":"{ yolun sağında}"},{"id":"LandmarkOnTheLeft","rule":"{ sol}"},{"id":"LandmarkOnTheRight","rule":"{ sağ}"},{"id":"LandmarkOnTheNearLeft","rule":"{ yakindan sola}"},{"id":"UnitMileSingular","rule":"{mi}"},{"id":"UnitMileNeutral","rule":"{mi}"},{"id":"UnitKilometerSingular","rule":"{km}"},{"id":"UnitKilometerPlural","rule":"{km}"},{"id":"UnitKilometerNeutral","rule":"{km}"},{"id":"UnitMeterSingular","rule":"{m}"},{"id":"UnitMeterPlural","rule":"{m}"},{"id":"UnitMeterNeutral","rule":"{m}"},{"id":"UnitFootSingular","rule":"{ft}"},{"id":"UnitFootNeutral","rule":"{ft}"},{"id":"UnitYardSingular","rule":"{yd}"},{"id":"DirectionTime","rule":"#ItemTime"},{"id":"UnitYardPlural","rule":"{yd}"},{"id":"UnitNauticalSingular","rule":"{nmi}"},{"id":"UnitSecondSingular","rule":"{ sn}"},{"id":"UnitSecondPlural","rule":"{ sn}"},{"id":"StopSummary","rule":"{ Mesafe: } #StopLength"},{"id":"StopTimeWindow","rule":"{ Zaman Penceresi: } #StopTimeWindowStart { - } #StopTimeWindowEnd"},{"id":"StopStayTime","rule":"{ Servis Süresi: } #StopStayTime"},{"id":"StopFullTime","rule":"#StopFullTime"},{"id":"StopWaitTime","rule":"{ Bekleme Zamanı: } #StopWaitTime"},{"id":"StopViolationTime","rule":"{ Aksama Zamani: } #StopViolationTime"},{"id":"StopLength","rule":"#StopLength"},{"id":"DirectionDrive","rule":"{ Sürüş} ({ } #ItemLength) ({ ~ } #ItemTime)"},{"id":"DirectionLength","rule":"#ItemLength"},{"id":"DirectionETA","rule":"#ArriveTime"},{"id":"DirectionBranch","rule":"#Branch"},{"id":"DirectionToward","rule":"#Destination"},{"id":"DirectionCrossStreet","rule":"#CrossNames"},{"id":"DirectionExitName","rule":"#SignpostExit"},{"id":"DirectionRestBreak","rule":"#ArriveTime ({-} #DepartTime) { Ara dinlenme}"},{"id":"DirectionStreet","rule":"NAME"},{"id":"DirectionAltNames","rule":"ALT_NAME ({ / } ALT_NAME2)"},{"id":"DirectionDayEnd","rule":"(#ArriveTime { }) { Günün Sonu}"},{"id":"EventLandmarkPassageVerification","rule":"@@LandmarkPrepositionString(#LandmarkPreposition) { } #LandmarkName (#LandmarkPosition {üzerinde } ) {Geçip git } "}],"lookupMapping":[{"id":"ExitNumberString","value":[{"key":"1","value":"{birinci}"},{"key":"2","value":"{ikinci}"},{"key":"3","value":"{üçüncü}"},{"key":"4","value":"{dördüncü}"},{"key":"5","value":"{beşinci}"},{"key":"6","value":"{altıncı}"},{"key":"7","value":"{yedinci}"},{"key":"8","value":"{sekizinci}"},{"key":"9","value":"{dokuzuncu}"},{"key":"10","value":"{onuncu}"}]},{"id":"LandmarkPrepositionString","value":[{"key":"AFTER","value":"{sonra}"},{"key":"AT","value":"{noktasından}"},{"key":"BEFORE","value":"{önce}"},{"key":"ONTO","value":"{önce}"},{"key":"OVER","value":"{üzerinden}"},{"key":"PAST","value":"{geçince}"},{"key":"THROUGH","value":"{geçince}"},{"key":"UNDER","value":"{altından}"},{"key":"BY","value":"{civarından}"},{"key":"NEAR","value":"{yanından}"}]}]}}}]}}