[
    {
        "outputFile": "/Users/14leec1/AndroidStudioProjects/Civic-app-master/Sus/app/build/intermediates/incremental/mergeDebugResources/merged.dir/values-v18/values-v18.xml",
        "map": [
            {
                "to": {
                    "startLine": 2,
                    "startColumn": 4,
                    "startOffset": 55,
                    "endColumn": 48,
                    "endOffset": 99
                },
                "from": {
                    "file": "/Users/14leec1/.android/build-cache/afbe29f57f18bdcb21348ed524eb6be0cd8d61ae/output/res/values-v18/values-v18.xml",
                    "position": {
                        "startLine": 2,
                        "startColumn": 4,
                        "startOffset": 55,
                        "endColumn": 48,
                        "endOffset": 99
                    }
                }
            }
        ]
    }
]