[
    {
        "outputFile": "/Users/14leec1/AndroidStudioProjects/Civic-app-master/Sus/app/build/intermediates/incremental/mergeDebugResources/merged.dir/values-bs-rBA/values-bs-rBA.xml",
        "map": [
            {
                "to": {
                    "startLine": 2,
                    "startColumn": 4,
                    "startOffset": 55,
                    "endColumn": 118,
                    "endOffset": 169
                },
                "from": {
                    "file": "/Users/14leec1/.android/build-cache/afbe29f57f18bdcb21348ed524eb6be0cd8d61ae/output/res/values-bs-rBA/values-bs-rBA.xml",
                    "position": {
                        "startLine": 2,
                        "startColumn": 4,
                        "startOffset": 55,
                        "endColumn": 118,
                        "endOffset": 169
                    }
                }
            },
            {
                "to": {
                    "startLine": 3,
                    "startColumn": 4,
                    "startOffset": 174,
                    "endColumn": 107,
                    "endOffset": 277
                },
                "from": {
                    "file": "/Users/14leec1/.android/build-cache/afbe29f57f18bdcb21348ed524eb6be0cd8d61ae/output/res/values-bs-rBA/values-bs-rBA.xml",
                    "position": {
                        "startLine": 3,
                        "startColumn": 4,
                        "startOffset": 174,
                        "endColumn": 107,
                        "endOffset": 277
                    }
                }
            },
            {
                "to": {
                    "startLine": 4,
                    "startColumn": 4,
                    "startOffset": 282,
                    "endColumn": 122,
                    "endOffset": 400
                },
                "from": {
                    "file": "/Users/14leec1/.android/build-cache/afbe29f57f18bdcb21348ed524eb6be0cd8d61ae/output/res/values-bs-rBA/values-bs-rBA.xml",
                    "position": {
                        "startLine": 4,
                        "startColumn": 4,
                        "startOffset": 282,
                        "endColumn": 122,
                        "endOffset": 400
                    }
                }
            },
            {
                "to": {
                    "startLine": 5,
                    "startColumn": 4,
                    "startOffset": 405,
                    "endColumn": 108,
                    "endOffset": 509
                },
                "from": {
                    "file": "/Users/14leec1/.android/build-cache/afbe29f57f18bdcb21348ed524eb6be0cd8d61ae/output/res/values-bs-rBA/values-bs-rBA.xml",
                    "position": {
                        "startLine": 5,
                        "startColumn": 4,
                        "startOffset": 405,
                        "endColumn": 108,
                        "endOffset": 509
                    }
                }
            },
            {
                "to": {
                    "startLine": 6,
                    "startColumn": 4,
                    "startOffset": 514,
                    "endColumn": 106,
                    "endOffset": 616
                },
                "from": {
                    "file": "/Users/14leec1/.android/build-cache/afbe29f57f18bdcb21348ed524eb6be0cd8d61ae/output/res/values-bs-rBA/values-bs-rBA.xml",
                    "position": {
                        "startLine": 6,
                        "startColumn": 4,
                        "startOffset": 514,
                        "endColumn": 106,
                        "endOffset": 616
                    }
                }
            },
            {
                "to": {
                    "startLine": 7,
                    "startColumn": 4,
                    "startOffset": 621,
                    "endColumn": 87,
                    "endOffset": 704
                },
                "from": {
                    "file": "/Users/14leec1/.android/build-cache/afbe29f57f18bdcb21348ed524eb6be0cd8d61ae/output/res/values-bs-rBA/values-bs-rBA.xml",
                    "position": {
                        "startLine": 7,
                        "startColumn": 4,
                        "startOffset": 621,
                        "endColumn": 87,
                        "endOffset": 704
                    }
                }
            },
            {
                "to": {
                    "startLine": 8,
                    "startColumn": 4,
                    "startOffset": 709,
                    "endColumn": 100,
                    "endOffset": 805
                },
                "from": {
                    "file": "/Users/14leec1/.android/build-cache/afbe29f57f18bdcb21348ed524eb6be0cd8d61ae/output/res/values-bs-rBA/values-bs-rBA.xml",
                    "position": {
                        "startLine": 8,
                        "startColumn": 4,
                        "startOffset": 709,
                        "endColumn": 100,
                        "endOffset": 805
                    }
                }
            },
            {
                "to": {
                    "startLine": 9,
                    "startColumn": 4,
                    "startOffset": 810,
                    "endColumn": 121,
                    "endOffset": 927
                },
                "from": {
                    "file": "/Users/14leec1/.android/build-cache/afbe29f57f18bdcb21348ed524eb6be0cd8d61ae/output/res/values-bs-rBA/values-bs-rBA.xml",
                    "position": {
                        "startLine": 9,
                        "startColumn": 4,
                        "startOffset": 810,
                        "endColumn": 121,
                        "endOffset": 927
                    }
                }
            },
            {
                "to": {
                    "startLine": 10,
                    "startColumn": 4,
                    "startOffset": 932,
                    "endColumn": 81,
                    "endOffset": 1009
                },
                "from": {
                    "file": "/Users/14leec1/.android/build-cache/afbe29f57f18bdcb21348ed524eb6be0cd8d61ae/output/res/values-bs-rBA/values-bs-rBA.xml",
                    "position": {
                        "startLine": 10,
                        "startColumn": 4,
                        "startOffset": 932,
                        "endColumn": 81,
                        "endOffset": 1009
                    }
                }
            },
            {
                "to": {
                    "startLine": 11,
                    "startColumn": 4,
                    "startOffset": 1014,
                    "endColumn": 80,
                    "endOffset": 1090
                },
                "from": {
                    "file": "/Users/14leec1/.android/build-cache/afbe29f57f18bdcb21348ed524eb6be0cd8d61ae/output/res/values-bs-rBA/values-bs-rBA.xml",
                    "position": {
                        "startLine": 11,
                        "startColumn": 4,
                        "startOffset": 1014,
                        "endColumn": 80,
                        "endOffset": 1090
                    }
                }
            },
            {
                "to": {
                    "startLine": 12,
                    "startColumn": 4,
                    "startOffset": 1095,
                    "endColumn": 85,
                    "endOffset": 1176
                },
                "from": {
                    "file": "/Users/14leec1/.android/build-cache/afbe29f57f18bdcb21348ed524eb6be0cd8d61ae/output/res/values-bs-rBA/values-bs-rBA.xml",
                    "position": {
                        "startLine": 12,
                        "startColumn": 4,
                        "startOffset": 1095,
                        "endColumn": 85,
                        "endOffset": 1176
                    }
                }
            },
            {
                "to": {
                    "startLine": 13,
                    "startColumn": 4,
                    "startOffset": 1181,
                    "endColumn": 102,
                    "endOffset": 1279
                },
                "from": {
                    "file": "/Users/14leec1/.android/build-cache/afbe29f57f18bdcb21348ed524eb6be0cd8d61ae/output/res/values-bs-rBA/values-bs-rBA.xml",
                    "position": {
                        "startLine": 13,
                        "startColumn": 4,
                        "startOffset": 1181,
                        "endColumn": 102,
                        "endOffset": 1279
                    }
                }
            },
            {
                "to": {
                    "startLine": 14,
                    "startColumn": 4,
                    "startOffset": 1284,
                    "endColumn": 104,
                    "endOffset": 1384
                },
                "from": {
                    "file": "/Users/14leec1/.android/build-cache/afbe29f57f18bdcb21348ed524eb6be0cd8d61ae/output/res/values-bs-rBA/values-bs-rBA.xml",
                    "position": {
                        "startLine": 14,
                        "startColumn": 4,
                        "startOffset": 1284,
                        "endColumn": 104,
                        "endOffset": 1384
                    }
                }
            },
            {
                "to": {
                    "startLine": 15,
                    "startColumn": 4,
                    "startOffset": 1389,
                    "endColumn": 97,
                    "endOffset": 1482
                },
                "from": {
                    "file": "/Users/14leec1/.android/build-cache/afbe29f57f18bdcb21348ed524eb6be0cd8d61ae/output/res/values-bs-rBA/values-bs-rBA.xml",
                    "position": {
                        "startLine": 15,
                        "startColumn": 4,
                        "startOffset": 1389,
                        "endColumn": 97,
                        "endOffset": 1482
                    }
                }
            },
            {
                "to": {
                    "startLine": 16,
                    "startColumn": 4,
                    "startOffset": 1487,
                    "endColumn": 104,
                    "endOffset": 1587
                },
                "from": {
                    "file": "/Users/14leec1/.android/build-cache/afbe29f57f18bdcb21348ed524eb6be0cd8d61ae/output/res/values-bs-rBA/values-bs-rBA.xml",
                    "position": {
                        "startLine": 16,
                        "startColumn": 4,
                        "startOffset": 1487,
                        "endColumn": 104,
                        "endOffset": 1587
                    }
                }
            },
            {
                "to": {
                    "startLine": 17,
                    "startColumn": 4,
                    "startOffset": 1592,
                    "endColumn": 110,
                    "endOffset": 1698
                },
                "from": {
                    "file": "/Users/14leec1/.android/build-cache/afbe29f57f18bdcb21348ed524eb6be0cd8d61ae/output/res/values-bs-rBA/values-bs-rBA.xml",
                    "position": {
                        "startLine": 17,
                        "startColumn": 4,
                        "startOffset": 1592,
                        "endColumn": 110,
                        "endOffset": 1698
                    }
                }
            },
            {
                "to": {
                    "startLine": 18,
                    "startColumn": 4,
                    "startOffset": 1703,
                    "endColumn": 104,
                    "endOffset": 1803
                },
                "from": {
                    "file": "/Users/14leec1/.android/build-cache/afbe29f57f18bdcb21348ed524eb6be0cd8d61ae/output/res/values-bs-rBA/values-bs-rBA.xml",
                    "position": {
                        "startLine": 18,
                        "startColumn": 4,
                        "startOffset": 1703,
                        "endColumn": 104,
                        "endOffset": 1803
                    }
                }
            },
            {
                "to": {
                    "startLine": 19,
                    "startColumn": 4,
                    "startOffset": 1808,
                    "endColumn": 119,
                    "endOffset": 1923
                },
                "from": {
                    "file": "/Users/14leec1/.android/build-cache/afbe29f57f18bdcb21348ed524eb6be0cd8d61ae/output/res/values-bs-rBA/values-bs-rBA.xml",
                    "position": {
                        "startLine": 19,
                        "startColumn": 4,
                        "startOffset": 1808,
                        "endColumn": 119,
                        "endOffset": 1923
                    }
                }
            },
            {
                "to": {
                    "startLine": 20,
                    "startColumn": 4,
                    "startOffset": 1928,
                    "endColumn": 96,
                    "endOffset": 2020
                },
                "from": {
                    "file": "/Users/14leec1/.android/build-cache/afbe29f57f18bdcb21348ed524eb6be0cd8d61ae/output/res/values-bs-rBA/values-bs-rBA.xml",
                    "position": {
                        "startLine": 20,
                        "startColumn": 4,
                        "startOffset": 1928,
                        "endColumn": 96,
                        "endOffset": 2020
                    }
                }
            },
            {
                "to": {
                    "startLine": 21,
                    "startColumn": 4,
                    "startOffset": 2025,
                    "endColumn": 109,
                    "endOffset": 2130
                },
                "from": {
                    "file": "/Users/14leec1/.android/build-cache/6303f2447d0b215c6c4fc6a0803a9d4ab2d6ea3c/output/res/values-bs-rBA/values-bs-rBA.xml",
                    "position": {
                        "startLine": 2,
                        "startColumn": 4,
                        "startOffset": 55,
                        "endColumn": 109,
                        "endOffset": 160
                    }
                }
            },
            {
                "to": {
                    "startLine": 22,
                    "startColumn": 4,
                    "startOffset": 2135,
                    "endColumn": 95,
                    "endOffset": 2226
                },
                "from": {
                    "file": "/Users/14leec1/.android/build-cache/6303f2447d0b215c6c4fc6a0803a9d4ab2d6ea3c/output/res/values-bs-rBA/values-bs-rBA.xml",
                    "position": {
                        "startLine": 3,
                        "startColumn": 4,
                        "startOffset": 165,
                        "endColumn": 95,
                        "endOffset": 256
                    }
                }
            },
            {
                "to": {
                    "startLine": 23,
                    "startColumn": 4,
                    "startOffset": 2231,
                    "endColumn": 87,
                    "endOffset": 2314
                },
                "from": {
                    "file": "/Users/14leec1/.android/build-cache/6303f2447d0b215c6c4fc6a0803a9d4ab2d6ea3c/output/res/values-bs-rBA/values-bs-rBA.xml",
                    "position": {
                        "startLine": 4,
                        "startColumn": 4,
                        "startOffset": 261,
                        "endColumn": 87,
                        "endOffset": 344
                    }
                }
            },
            {
                "to": {
                    "startLine": 24,
                    "startColumn": 4,
                    "startOffset": 2319,
                    "endColumn": 93,
                    "endOffset": 2408
                },
                "from": {
                    "file": "/Users/14leec1/.android/build-cache/6303f2447d0b215c6c4fc6a0803a9d4ab2d6ea3c/output/res/values-bs-rBA/values-bs-rBA.xml",
                    "position": {
                        "startLine": 5,
                        "startColumn": 4,
                        "startOffset": 349,
                        "endColumn": 93,
                        "endOffset": 438
                    }
                }
            },
            {
                "to": {
                    "startLine": 25,
                    "startColumn": 4,
                    "startOffset": 2413,
                    "endColumn": 105,
                    "endOffset": 2514
                },
                "from": {
                    "file": "/Users/14leec1/.android/build-cache/6303f2447d0b215c6c4fc6a0803a9d4ab2d6ea3c/output/res/values-bs-rBA/values-bs-rBA.xml",
                    "position": {
                        "startLine": 6,
                        "startColumn": 4,
                        "startOffset": 443,
                        "endColumn": 105,
                        "endOffset": 544
                    }
                }
            },
            {
                "to": {
                    "startLine": 26,
                    "startColumn": 4,
                    "startOffset": 2519,
                    "endColumn": 97,
                    "endOffset": 2612
                },
                "from": {
                    "file": "/Users/14leec1/.android/build-cache/6303f2447d0b215c6c4fc6a0803a9d4ab2d6ea3c/output/res/values-bs-rBA/values-bs-rBA.xml",
                    "position": {
                        "startLine": 7,
                        "startColumn": 4,
                        "startOffset": 549,
                        "endColumn": 97,
                        "endOffset": 642
                    }
                }
            },
            {
                "to": {
                    "startLine": 27,
                    "startColumn": 4,
                    "startOffset": 2617,
                    "endColumn": 92,
                    "endOffset": 2705
                },
                "from": {
                    "file": "/Users/14leec1/.android/build-cache/6303f2447d0b215c6c4fc6a0803a9d4ab2d6ea3c/output/res/values-bs-rBA/values-bs-rBA.xml",
                    "position": {
                        "startLine": 8,
                        "startColumn": 4,
                        "startOffset": 647,
                        "endColumn": 92,
                        "endOffset": 735
                    }
                }
            },
            {
                "to": {
                    "startLine": 28,
                    "startColumn": 4,
                    "startOffset": 2710,
                    "endColumn": 95,
                    "endOffset": 2801
                },
                "from": {
                    "file": "/Users/14leec1/.android/build-cache/6303f2447d0b215c6c4fc6a0803a9d4ab2d6ea3c/output/res/values-bs-rBA/values-bs-rBA.xml",
                    "position": {
                        "startLine": 9,
                        "startColumn": 4,
                        "startOffset": 740,
                        "endColumn": 95,
                        "endOffset": 831
                    }
                }
            },
            {
                "to": {
                    "startLine": 29,
                    "startColumn": 4,
                    "startOffset": 2806,
                    "endColumn": 92,
                    "endOffset": 2894
                },
                "from": {
                    "file": "/Users/14leec1/.android/build-cache/6303f2447d0b215c6c4fc6a0803a9d4ab2d6ea3c/output/res/values-bs-rBA/values-bs-rBA.xml",
                    "position": {
                        "startLine": 10,
                        "startColumn": 4,
                        "startOffset": 836,
                        "endColumn": 92,
                        "endOffset": 924
                    }
                }
            },
            {
                "to": {
                    "startLine": 30,
                    "startColumn": 4,
                    "startOffset": 2899,
                    "endColumn": 116,
                    "endOffset": 3011
                },
                "from": {
                    "file": "/Users/14leec1/.android/build-cache/6303f2447d0b215c6c4fc6a0803a9d4ab2d6ea3c/output/res/values-bs-rBA/values-bs-rBA.xml",
                    "position": {
                        "startLine": 11,
                        "startColumn": 4,
                        "startOffset": 929,
                        "endColumn": 116,
                        "endOffset": 1041
                    }
                }
            },
            {
                "to": {
                    "startLine": 31,
                    "startColumn": 4,
                    "startOffset": 3016,
                    "endColumn": 116,
                    "endOffset": 3128
                },
                "from": {
                    "file": "/Users/14leec1/.android/build-cache/6303f2447d0b215c6c4fc6a0803a9d4ab2d6ea3c/output/res/values-bs-rBA/values-bs-rBA.xml",
                    "position": {
                        "startLine": 12,
                        "startColumn": 4,
                        "startOffset": 1046,
                        "endColumn": 116,
                        "endOffset": 1158
                    }
                }
            },
            {
                "to": {
                    "startLine": 32,
                    "startColumn": 4,
                    "startOffset": 3133,
                    "endColumn": 86,
                    "endOffset": 3215
                },
                "from": {
                    "file": "/Users/14leec1/.android/build-cache/6303f2447d0b215c6c4fc6a0803a9d4ab2d6ea3c/output/res/values-bs-rBA/values-bs-rBA.xml",
                    "position": {
                        "startLine": 13,
                        "startColumn": 4,
                        "startOffset": 1163,
                        "endColumn": 86,
                        "endOffset": 1245
                    }
                }
            },
            {
                "to": {
                    "startLine": 33,
                    "startColumn": 4,
                    "startOffset": 3220,
                    "endColumn": 88,
                    "endOffset": 3304
                },
                "from": {
                    "file": "/Users/14leec1/.android/build-cache/6303f2447d0b215c6c4fc6a0803a9d4ab2d6ea3c/output/res/values-bs-rBA/values-bs-rBA.xml",
                    "position": {
                        "startLine": 14,
                        "startColumn": 4,
                        "startOffset": 1250,
                        "endColumn": 88,
                        "endOffset": 1334
                    }
                }
            },
            {
                "to": {
                    "startLine": 34,
                    "startColumn": 4,
                    "startOffset": 3309,
                    "endColumn": 98,
                    "endOffset": 3403
                },
                "from": {
                    "file": "/Users/14leec1/.android/build-cache/6303f2447d0b215c6c4fc6a0803a9d4ab2d6ea3c/output/res/values-bs-rBA/values-bs-rBA.xml",
                    "position": {
                        "startLine": 15,
                        "startColumn": 4,
                        "startOffset": 1339,
                        "endColumn": 98,
                        "endOffset": 1433
                    }
                }
            },
            {
                "to": {
                    "startLine": 35,
                    "startColumn": 4,
                    "startOffset": 3408,
                    "endColumn": 85,
                    "endOffset": 3489
                },
                "from": {
                    "file": "/Users/14leec1/.android/build-cache/6303f2447d0b215c6c4fc6a0803a9d4ab2d6ea3c/output/res/values-bs-rBA/values-bs-rBA.xml",
                    "position": {
                        "startLine": 16,
                        "startColumn": 4,
                        "startOffset": 1438,
                        "endColumn": 85,
                        "endOffset": 1519
                    }
                }
            },
            {
                "to": {
                    "startLine": 36,
                    "startColumn": 4,
                    "startOffset": 3494,
                    "endColumn": 93,
                    "endOffset": 3583
                },
                "from": {
                    "file": "/Users/14leec1/.android/build-cache/6303f2447d0b215c6c4fc6a0803a9d4ab2d6ea3c/output/res/values-bs-rBA/values-bs-rBA.xml",
                    "position": {
                        "startLine": 17,
                        "startColumn": 4,
                        "startOffset": 1524,
                        "endColumn": 93,
                        "endOffset": 1613
                    }
                }
            },
            {
                "to": {
                    "startLine": 37,
                    "startColumn": 4,
                    "startOffset": 3588,
                    "endColumn": 83,
                    "endOffset": 3667
                },
                "from": {
                    "file": "/Users/14leec1/.android/build-cache/afbe29f57f18bdcb21348ed524eb6be0cd8d61ae/output/res/values-bs-rBA/values-bs-rBA.xml",
                    "position": {
                        "startLine": 21,
                        "startColumn": 4,
                        "startOffset": 2025,
                        "endColumn": 83,
                        "endOffset": 2104
                    }
                }
            },
            {
                "to": {
                    "startLine": 38,
                    "startColumn": 4,
                    "startOffset": 3672,
                    "endColumn": 100,
                    "endOffset": 3768
                },
                "from": {
                    "file": "/Users/14leec1/.android/build-cache/afbe29f57f18bdcb21348ed524eb6be0cd8d61ae/output/res/values-bs-rBA/values-bs-rBA.xml",
                    "position": {
                        "startLine": 22,
                        "startColumn": 4,
                        "startOffset": 2109,
                        "endColumn": 100,
                        "endOffset": 2205
                    }
                }
            }
        ]
    }
]