[
    {
        "outputFile": "/Users/14leec1/AndroidStudioProjects/Civic-app-master/Sus/app/build/intermediates/incremental/mergeDebugResources/merged.dir/values-hr/values-hr.xml",
        "map": [
            {
                "to": {
                    "startLine": 2,
                    "startColumn": 4,
                    "startOffset": 105,
                    "endColumn": 104,
                    "endOffset": 205
                },
                "from": {
                    "file": "/Users/14leec1/.android/build-cache/afbe29f57f18bdcb21348ed524eb6be0cd8d61ae/output/res/values-hr/values-hr.xml",
                    "position": {
                        "startLine": 2,
                        "startColumn": 4,
                        "startOffset": 55,
                        "endColumn": 104,
                        "endOffset": 155
                    }
                }
            },
            {
                "to": {
                    "startLine": 3,
                    "startColumn": 4,
                    "startOffset": 210,
                    "endColumn": 107,
                    "endOffset": 313
                },
                "from": {
                    "file": "/Users/14leec1/.android/build-cache/afbe29f57f18bdcb21348ed524eb6be0cd8d61ae/output/res/values-hr/values-hr.xml",
                    "position": {
                        "startLine": 3,
                        "startColumn": 4,
                        "startOffset": 160,
                        "endColumn": 107,
                        "endOffset": 263
                    }
                }
            },
            {
                "to": {
                    "startLine": 4,
                    "startColumn": 4,
                    "startOffset": 318,
                    "endColumn": 122,
                    "endOffset": 436
                },
                "from": {
                    "file": "/Users/14leec1/.android/build-cache/afbe29f57f18bdcb21348ed524eb6be0cd8d61ae/output/res/values-hr/values-hr.xml",
                    "position": {
                        "startLine": 4,
                        "startColumn": 4,
                        "startOffset": 268,
                        "endColumn": 122,
                        "endOffset": 386
                    }
                }
            },
            {
                "to": {
                    "startLine": 5,
                    "startColumn": 4,
                    "startOffset": 441,
                    "endColumn": 96,
                    "endOffset": 533
                },
                "from": {
                    "file": "/Users/14leec1/.android/build-cache/afbe29f57f18bdcb21348ed524eb6be0cd8d61ae/output/res/values-hr/values-hr.xml",
                    "position": {
                        "startLine": 5,
                        "startColumn": 4,
                        "startOffset": 391,
                        "endColumn": 96,
                        "endOffset": 483
                    }
                }
            },
            {
                "to": {
                    "startLine": 6,
                    "startColumn": 4,
                    "startOffset": 538,
                    "endColumn": 109,
                    "endOffset": 643
                },
                "from": {
                    "file": "/Users/14leec1/.android/build-cache/afbe29f57f18bdcb21348ed524eb6be0cd8d61ae/output/res/values-hr/values-hr.xml",
                    "position": {
                        "startLine": 6,
                        "startColumn": 4,
                        "startOffset": 488,
                        "endColumn": 109,
                        "endOffset": 593
                    }
                }
            },
            {
                "to": {
                    "startLine": 7,
                    "startColumn": 4,
                    "startOffset": 648,
                    "endColumn": 85,
                    "endOffset": 729
                },
                "from": {
                    "file": "/Users/14leec1/.android/build-cache/afbe29f57f18bdcb21348ed524eb6be0cd8d61ae/output/res/values-hr/values-hr.xml",
                    "position": {
                        "startLine": 7,
                        "startColumn": 4,
                        "startOffset": 598,
                        "endColumn": 85,
                        "endOffset": 679
                    }
                }
            },
            {
                "to": {
                    "startLine": 8,
                    "startColumn": 4,
                    "startOffset": 734,
                    "endColumn": 103,
                    "endOffset": 833
                },
                "from": {
                    "file": "/Users/14leec1/.android/build-cache/afbe29f57f18bdcb21348ed524eb6be0cd8d61ae/output/res/values-hr/values-hr.xml",
                    "position": {
                        "startLine": 8,
                        "startColumn": 4,
                        "startOffset": 684,
                        "endColumn": 103,
                        "endOffset": 783
                    }
                }
            },
            {
                "to": {
                    "startLine": 9,
                    "startColumn": 4,
                    "startOffset": 838,
                    "endColumn": 118,
                    "endOffset": 952
                },
                "from": {
                    "file": "/Users/14leec1/.android/build-cache/afbe29f57f18bdcb21348ed524eb6be0cd8d61ae/output/res/values-hr/values-hr.xml",
                    "position": {
                        "startLine": 9,
                        "startColumn": 4,
                        "startOffset": 788,
                        "endColumn": 118,
                        "endOffset": 902
                    }
                }
            },
            {
                "to": {
                    "startLine": 10,
                    "startColumn": 4,
                    "startOffset": 957,
                    "endColumn": 83,
                    "endOffset": 1036
                },
                "from": {
                    "file": "/Users/14leec1/.android/build-cache/afbe29f57f18bdcb21348ed524eb6be0cd8d61ae/output/res/values-hr/values-hr.xml",
                    "position": {
                        "startLine": 10,
                        "startColumn": 4,
                        "startOffset": 907,
                        "endColumn": 83,
                        "endOffset": 986
                    }
                }
            },
            {
                "to": {
                    "startLine": 11,
                    "startColumn": 4,
                    "startOffset": 1041,
                    "endColumn": 82,
                    "endOffset": 1119
                },
                "from": {
                    "file": "/Users/14leec1/.android/build-cache/afbe29f57f18bdcb21348ed524eb6be0cd8d61ae/output/res/values-hr/values-hr.xml",
                    "position": {
                        "startLine": 11,
                        "startColumn": 4,
                        "startOffset": 991,
                        "endColumn": 82,
                        "endOffset": 1069
                    }
                }
            },
            {
                "to": {
                    "startLine": 12,
                    "startColumn": 4,
                    "startOffset": 1124,
                    "endColumn": 85,
                    "endOffset": 1205
                },
                "from": {
                    "file": "/Users/14leec1/.android/build-cache/afbe29f57f18bdcb21348ed524eb6be0cd8d61ae/output/res/values-hr/values-hr.xml",
                    "position": {
                        "startLine": 12,
                        "startColumn": 4,
                        "startOffset": 1074,
                        "endColumn": 85,
                        "endOffset": 1155
                    }
                }
            },
            {
                "to": {
                    "startLine": 13,
                    "startColumn": 4,
                    "startOffset": 1210,
                    "endColumn": 103,
                    "endOffset": 1309
                },
                "from": {
                    "file": "/Users/14leec1/.android/build-cache/afbe29f57f18bdcb21348ed524eb6be0cd8d61ae/output/res/values-hr/values-hr.xml",
                    "position": {
                        "startLine": 13,
                        "startColumn": 4,
                        "startOffset": 1160,
                        "endColumn": 103,
                        "endOffset": 1259
                    }
                }
            },
            {
                "to": {
                    "startLine": 14,
                    "startColumn": 4,
                    "startOffset": 1314,
                    "endColumn": 112,
                    "endOffset": 1422
                },
                "from": {
                    "file": "/Users/14leec1/.android/build-cache/afbe29f57f18bdcb21348ed524eb6be0cd8d61ae/output/res/values-hr/values-hr.xml",
                    "position": {
                        "startLine": 14,
                        "startColumn": 4,
                        "startOffset": 1264,
                        "endColumn": 112,
                        "endOffset": 1372
                    }
                }
            },
            {
                "to": {
                    "startLine": 15,
                    "startColumn": 4,
                    "startOffset": 1427,
                    "endColumn": 105,
                    "endOffset": 1528
                },
                "from": {
                    "file": "/Users/14leec1/.android/build-cache/afbe29f57f18bdcb21348ed524eb6be0cd8d61ae/output/res/values-hr/values-hr.xml",
                    "position": {
                        "startLine": 15,
                        "startColumn": 4,
                        "startOffset": 1377,
                        "endColumn": 105,
                        "endOffset": 1478
                    }
                }
            },
            {
                "to": {
                    "startLine": 16,
                    "startColumn": 4,
                    "startOffset": 1533,
                    "endColumn": 104,
                    "endOffset": 1633
                },
                "from": {
                    "file": "/Users/14leec1/.android/build-cache/afbe29f57f18bdcb21348ed524eb6be0cd8d61ae/output/res/values-hr/values-hr.xml",
                    "position": {
                        "startLine": 16,
                        "startColumn": 4,
                        "startOffset": 1483,
                        "endColumn": 104,
                        "endOffset": 1583
                    }
                }
            },
            {
                "to": {
                    "startLine": 17,
                    "startColumn": 4,
                    "startOffset": 1638,
                    "endColumn": 112,
                    "endOffset": 1746
                },
                "from": {
                    "file": "/Users/14leec1/.android/build-cache/afbe29f57f18bdcb21348ed524eb6be0cd8d61ae/output/res/values-hr/values-hr.xml",
                    "position": {
                        "startLine": 17,
                        "startColumn": 4,
                        "startOffset": 1588,
                        "endColumn": 112,
                        "endOffset": 1696
                    }
                }
            },
            {
                "to": {
                    "startLine": 18,
                    "startColumn": 4,
                    "startOffset": 1751,
                    "endColumn": 106,
                    "endOffset": 1853
                },
                "from": {
                    "file": "/Users/14leec1/.android/build-cache/afbe29f57f18bdcb21348ed524eb6be0cd8d61ae/output/res/values-hr/values-hr.xml",
                    "position": {
                        "startLine": 18,
                        "startColumn": 4,
                        "startOffset": 1701,
                        "endColumn": 106,
                        "endOffset": 1803
                    }
                }
            },
            {
                "to": {
                    "startLine": 19,
                    "startColumn": 4,
                    "startOffset": 1858,
                    "endColumn": 122,
                    "endOffset": 1976
                },
                "from": {
                    "file": "/Users/14leec1/.android/build-cache/afbe29f57f18bdcb21348ed524eb6be0cd8d61ae/output/res/values-hr/values-hr.xml",
                    "position": {
                        "startLine": 19,
                        "startColumn": 4,
                        "startOffset": 1808,
                        "endColumn": 122,
                        "endOffset": 1926
                    }
                }
            },
            {
                "to": {
                    "startLine": 20,
                    "startColumn": 4,
                    "startOffset": 1981,
                    "endColumn": 96,
                    "endOffset": 2073
                },
                "from": {
                    "file": "/Users/14leec1/.android/build-cache/afbe29f57f18bdcb21348ed524eb6be0cd8d61ae/output/res/values-hr/values-hr.xml",
                    "position": {
                        "startLine": 20,
                        "startColumn": 4,
                        "startOffset": 1931,
                        "endColumn": 96,
                        "endOffset": 2023
                    }
                }
            },
            {
                "to": {
                    "startLine": 21,
                    "startColumn": 4,
                    "startOffset": 2078,
                    "endColumn": 73,
                    "endOffset": 2147
                },
                "from": {
                    "file": "/Users/14leec1/.android/build-cache/08c7c22f53081775450e442244fadb641005e811/output/res/values-hr/values.xml",
                    "position": {
                        "startLine": 4,
                        "startColumn": 0,
                        "startOffset": 237,
                        "endColumn": 69,
                        "endOffset": 306
                    }
                }
            },
            {
                "to": {
                    "startLine": 22,
                    "startColumn": 4,
                    "startOffset": 2152,
                    "endColumn": 77,
                    "endOffset": 2225
                },
                "from": {
                    "file": "/Users/14leec1/.android/build-cache/2b062dea4163f5d3e442202215294cce30d220df/output/res/values-hr/values.xml",
                    "position": {
                        "startLine": 4,
                        "startColumn": 0,
                        "startOffset": 298,
                        "endColumn": 73,
                        "endOffset": 371
                    }
                }
            },
            {
                "to": {
                    "startLine": 23,
                    "startColumn": 4,
                    "startOffset": 2230,
                    "endColumn": 105,
                    "endOffset": 2331
                },
                "from": {
                    "file": "/Users/14leec1/.android/build-cache/2b062dea4163f5d3e442202215294cce30d220df/output/res/values-hr/values.xml",
                    "position": {
                        "startLine": 5,
                        "startColumn": 0,
                        "startOffset": 372,
                        "endColumn": 101,
                        "endOffset": 473
                    }
                }
            },
            {
                "to": {
                    "startLine": 24,
                    "startColumn": 4,
                    "startOffset": 2336,
                    "endColumn": 86,
                    "endOffset": 2418
                },
                "from": {
                    "file": "/Users/14leec1/.android/build-cache/2b062dea4163f5d3e442202215294cce30d220df/output/res/values-hr/values.xml",
                    "position": {
                        "startLine": 6,
                        "startColumn": 0,
                        "startOffset": 474,
                        "endColumn": 82,
                        "endOffset": 556
                    }
                }
            },
            {
                "to": {
                    "startLine": 25,
                    "startColumn": 4,
                    "startOffset": 2423,
                    "endColumn": 112,
                    "endOffset": 2531
                },
                "from": {
                    "file": "/Users/14leec1/.android/build-cache/2b062dea4163f5d3e442202215294cce30d220df/output/res/values-hr/values.xml",
                    "position": {
                        "startLine": 7,
                        "startColumn": 0,
                        "startOffset": 557,
                        "endColumn": 108,
                        "endOffset": 665
                    }
                }
            },
            {
                "to": {
                    "startLine": 26,
                    "startColumn": 4,
                    "startOffset": 2536,
                    "endColumn": 86,
                    "endOffset": 2618
                },
                "from": {
                    "file": "/Users/14leec1/.android/build-cache/2b062dea4163f5d3e442202215294cce30d220df/output/res/values-hr/values.xml",
                    "position": {
                        "startLine": 8,
                        "startColumn": 0,
                        "startOffset": 666,
                        "endColumn": 82,
                        "endOffset": 748
                    }
                }
            },
            {
                "to": {
                    "startLine": 27,
                    "startColumn": 4,
                    "startOffset": 2623,
                    "endColumn": 113,
                    "endOffset": 2732
                },
                "from": {
                    "file": "/Users/14leec1/.android/build-cache/2b062dea4163f5d3e442202215294cce30d220df/output/res/values-hr/values.xml",
                    "position": {
                        "startLine": 9,
                        "startColumn": 0,
                        "startOffset": 749,
                        "endColumn": 109,
                        "endOffset": 858
                    }
                }
            },
            {
                "to": {
                    "startLine": 28,
                    "startColumn": 4,
                    "startOffset": 2737,
                    "endColumn": 117,
                    "endOffset": 2850
                },
                "from": {
                    "file": "/Users/14leec1/.android/build-cache/2b062dea4163f5d3e442202215294cce30d220df/output/res/values-hr/values.xml",
                    "position": {
                        "startLine": 10,
                        "startColumn": 0,
                        "startOffset": 859,
                        "endColumn": 113,
                        "endOffset": 972
                    }
                }
            },
            {
                "to": {
                    "startLine": 29,
                    "startColumn": 4,
                    "startOffset": 2855,
                    "endColumn": 120,
                    "endOffset": 2971
                },
                "from": {
                    "file": "/Users/14leec1/.android/build-cache/2b062dea4163f5d3e442202215294cce30d220df/output/res/values-hr/values.xml",
                    "position": {
                        "startLine": 11,
                        "startColumn": 0,
                        "startOffset": 973,
                        "endColumn": 116,
                        "endOffset": 1089
                    }
                }
            },
            {
                "to": {
                    "startLine": 30,
                    "startColumn": 4,
                    "startOffset": 2976,
                    "endColumn": 102,
                    "endOffset": 3074
                },
                "from": {
                    "file": "/Users/14leec1/.android/build-cache/2b062dea4163f5d3e442202215294cce30d220df/output/res/values-hr/values.xml",
                    "position": {
                        "startLine": 12,
                        "startColumn": 0,
                        "startOffset": 1090,
                        "endColumn": 98,
                        "endOffset": 1188
                    }
                }
            },
            {
                "to": {
                    "startLine": 31,
                    "startColumn": 4,
                    "startOffset": 3079,
                    "endColumn": 105,
                    "endOffset": 3180
                },
                "from": {
                    "file": "/Users/14leec1/.android/build-cache/2b062dea4163f5d3e442202215294cce30d220df/output/res/values-hr/values.xml",
                    "position": {
                        "startLine": 13,
                        "startColumn": 0,
                        "startOffset": 1189,
                        "endColumn": 101,
                        "endOffset": 1290
                    }
                }
            },
            {
                "to": {
                    "startLine": 32,
                    "startColumn": 4,
                    "startOffset": 3185,
                    "endColumn": 80,
                    "endOffset": 3261
                },
                "from": {
                    "file": "/Users/14leec1/.android/build-cache/2b062dea4163f5d3e442202215294cce30d220df/output/res/values-hr/values.xml",
                    "position": {
                        "startLine": 14,
                        "startColumn": 0,
                        "startOffset": 1291,
                        "endColumn": 76,
                        "endOffset": 1367
                    }
                }
            },
            {
                "to": {
                    "startLine": 33,
                    "startColumn": 4,
                    "startOffset": 3266,
                    "endColumn": 97,
                    "endOffset": 3359
                },
                "from": {
                    "file": "/Users/14leec1/.android/build-cache/2b062dea4163f5d3e442202215294cce30d220df/output/res/values-hr/values.xml",
                    "position": {
                        "startLine": 15,
                        "startColumn": 0,
                        "startOffset": 1368,
                        "endColumn": 93,
                        "endOffset": 1461
                    }
                }
            },
            {
                "to": {
                    "startLine": 34,
                    "startColumn": 4,
                    "startOffset": 3364,
                    "endColumn": 100,
                    "endOffset": 3460
                },
                "from": {
                    "file": "/Users/14leec1/.android/build-cache/2b062dea4163f5d3e442202215294cce30d220df/output/res/values-hr/values.xml",
                    "position": {
                        "startLine": 16,
                        "startColumn": 0,
                        "startOffset": 1462,
                        "endColumn": 96,
                        "endOffset": 1558
                    }
                }
            },
            {
                "to": {
                    "startLine": 35,
                    "startColumn": 4,
                    "startOffset": 3465,
                    "endColumn": 107,
                    "endOffset": 3568
                },
                "from": {
                    "file": "/Users/14leec1/.android/build-cache/2b062dea4163f5d3e442202215294cce30d220df/output/res/values-hr/values.xml",
                    "position": {
                        "startLine": 17,
                        "startColumn": 0,
                        "startOffset": 1559,
                        "endColumn": 103,
                        "endOffset": 1662
                    }
                }
            },
            {
                "to": {
                    "startLine": 36,
                    "startColumn": 4,
                    "startOffset": 3573,
                    "endColumn": 81,
                    "endOffset": 3650
                },
                "from": {
                    "file": "/Users/14leec1/.android/build-cache/2b062dea4163f5d3e442202215294cce30d220df/output/res/values-hr/values.xml",
                    "position": {
                        "startLine": 18,
                        "startColumn": 0,
                        "startOffset": 1663,
                        "endColumn": 77,
                        "endOffset": 1740
                    }
                }
            },
            {
                "to": {
                    "startLine": 37,
                    "startColumn": 4,
                    "startOffset": 3655,
                    "endColumn": 143,
                    "endOffset": 3794
                },
                "from": {
                    "file": "/Users/14leec1/.android/build-cache/6fddc1117dca319301a0674abde2855c6ffec5b8/output/res/values-hr/values.xml",
                    "position": {
                        "startLine": 4,
                        "startColumn": 0,
                        "startOffset": 288,
                        "endColumn": 143,
                        "endOffset": 431
                    }
                }
            },
            {
                "to": {
                    "startLine": 38,
                    "startColumn": 4,
                    "startOffset": 3799,
                    "endColumn": 147,
                    "endOffset": 3942
                },
                "from": {
                    "file": "/Users/14leec1/.android/build-cache/6fddc1117dca319301a0674abde2855c6ffec5b8/output/res/values-hr/values.xml",
                    "position": {
                        "startLine": 5,
                        "startColumn": 0,
                        "startOffset": 432,
                        "endColumn": 147,
                        "endOffset": 579
                    }
                }
            },
            {
                "to": {
                    "startLine": 39,
                    "startColumn": 4,
                    "startOffset": 3947,
                    "endColumn": 99,
                    "endOffset": 4042
                },
                "from": {
                    "file": "/Users/14leec1/.android/build-cache/6fddc1117dca319301a0674abde2855c6ffec5b8/output/res/values-hr/values.xml",
                    "position": {
                        "startLine": 6,
                        "startColumn": 0,
                        "startOffset": 580,
                        "endColumn": 95,
                        "endOffset": 675
                    }
                }
            },
            {
                "to": {
                    "startLine": 40,
                    "startColumn": 4,
                    "startOffset": 4047,
                    "endColumn": 77,
                    "endOffset": 4120
                },
                "from": {
                    "file": "/Users/14leec1/.android/build-cache/2b062dea4163f5d3e442202215294cce30d220df/output/res/values-hr/values.xml",
                    "position": {
                        "startLine": 19,
                        "startColumn": 0,
                        "startOffset": 1741,
                        "endColumn": 73,
                        "endOffset": 1814
                    }
                }
            },
            {
                "to": {
                    "startLine": 41,
                    "startColumn": 4,
                    "startOffset": 4125,
                    "endColumn": 80,
                    "endOffset": 4201
                },
                "from": {
                    "file": "/Users/14leec1/.android/build-cache/2b062dea4163f5d3e442202215294cce30d220df/output/res/values-hr/values.xml",
                    "position": {
                        "startLine": 20,
                        "startColumn": 0,
                        "startOffset": 1815,
                        "endColumn": 76,
                        "endOffset": 1891
                    }
                }
            },
            {
                "to": {
                    "startLine": 42,
                    "startColumn": 4,
                    "startOffset": 4206,
                    "endColumn": 77,
                    "endOffset": 4279
                },
                "from": {
                    "file": "/Users/14leec1/.android/build-cache/2b062dea4163f5d3e442202215294cce30d220df/output/res/values-hr/values.xml",
                    "position": {
                        "startLine": 21,
                        "startColumn": 0,
                        "startOffset": 1892,
                        "endColumn": 73,
                        "endOffset": 1965
                    }
                }
            },
            {
                "to": {
                    "startLine": 43,
                    "startColumn": 4,
                    "startOffset": 4284,
                    "endColumn": 94,
                    "endOffset": 4374
                },
                "from": {
                    "file": "/Users/14leec1/.android/build-cache/2b062dea4163f5d3e442202215294cce30d220df/output/res/values-hr/values.xml",
                    "position": {
                        "startLine": 22,
                        "startColumn": 0,
                        "startOffset": 1966,
                        "endColumn": 90,
                        "endOffset": 2056
                    }
                }
            },
            {
                "to": {
                    "startLine": 44,
                    "startColumn": 4,
                    "startOffset": 4379,
                    "endColumn": 97,
                    "endOffset": 4472
                },
                "from": {
                    "file": "/Users/14leec1/.android/build-cache/2b062dea4163f5d3e442202215294cce30d220df/output/res/values-hr/values.xml",
                    "position": {
                        "startLine": 23,
                        "startColumn": 0,
                        "startOffset": 2057,
                        "endColumn": 93,
                        "endOffset": 2150
                    }
                }
            },
            {
                "to": {
                    "startLine": 45,
                    "startColumn": 4,
                    "startOffset": 4477,
                    "endColumn": 108,
                    "endOffset": 4581
                },
                "from": {
                    "file": "/Users/14leec1/.android/build-cache/2b062dea4163f5d3e442202215294cce30d220df/output/res/values-hr/values.xml",
                    "position": {
                        "startLine": 24,
                        "startColumn": 0,
                        "startOffset": 2151,
                        "endColumn": 104,
                        "endOffset": 2255
                    }
                }
            },
            {
                "to": {
                    "startLine": 46,
                    "startColumn": 4,
                    "startOffset": 4586,
                    "endColumn": 100,
                    "endOffset": 4682
                },
                "from": {
                    "file": "/Users/14leec1/.android/build-cache/2b062dea4163f5d3e442202215294cce30d220df/output/res/values-hr/values.xml",
                    "position": {
                        "startLine": 25,
                        "startColumn": 0,
                        "startOffset": 2256,
                        "endColumn": 96,
                        "endOffset": 2352
                    }
                }
            },
            {
                "to": {
                    "startLine": 47,
                    "startColumn": 4,
                    "startOffset": 4687,
                    "endColumn": 101,
                    "endOffset": 4784
                },
                "from": {
                    "file": "/Users/14leec1/.android/build-cache/2b062dea4163f5d3e442202215294cce30d220df/output/res/values-hr/values.xml",
                    "position": {
                        "startLine": 26,
                        "startColumn": 0,
                        "startOffset": 2353,
                        "endColumn": 97,
                        "endOffset": 2450
                    }
                }
            },
            {
                "to": {
                    "startLine": 48,
                    "startColumn": 4,
                    "startOffset": 4789,
                    "endColumn": 76,
                    "endOffset": 4861
                },
                "from": {
                    "file": "/Users/14leec1/.android/build-cache/2b062dea4163f5d3e442202215294cce30d220df/output/res/values-hr/values.xml",
                    "position": {
                        "startLine": 27,
                        "startColumn": 0,
                        "startOffset": 2451,
                        "endColumn": 72,
                        "endOffset": 2523
                    }
                }
            },
            {
                "to": {
                    "startLine": 49,
                    "startColumn": 4,
                    "startOffset": 4866,
                    "endColumn": 101,
                    "endOffset": 4963
                },
                "from": {
                    "file": "/Users/14leec1/.android/build-cache/2b062dea4163f5d3e442202215294cce30d220df/output/res/values-hr/values.xml",
                    "position": {
                        "startLine": 28,
                        "startColumn": 0,
                        "startOffset": 2524,
                        "endColumn": 97,
                        "endOffset": 2621
                    }
                }
            },
            {
                "to": {
                    "startLine": 50,
                    "startColumn": 4,
                    "startOffset": 4968,
                    "endColumn": 101,
                    "endOffset": 5065
                },
                "from": {
                    "file": "/Users/14leec1/.android/build-cache/2b062dea4163f5d3e442202215294cce30d220df/output/res/values-hr/values.xml",
                    "position": {
                        "startLine": 29,
                        "startColumn": 0,
                        "startOffset": 2622,
                        "endColumn": 97,
                        "endOffset": 2719
                    }
                }
            },
            {
                "to": {
                    "startLine": 51,
                    "startColumn": 4,
                    "startOffset": 5070,
                    "endColumn": 100,
                    "endOffset": 5166
                },
                "from": {
                    "file": "/Users/14leec1/.android/build-cache/2b062dea4163f5d3e442202215294cce30d220df/output/res/values-hr/values.xml",
                    "position": {
                        "startLine": 30,
                        "startColumn": 0,
                        "startOffset": 2720,
                        "endColumn": 96,
                        "endOffset": 2816
                    }
                }
            },
            {
                "to": {
                    "startLine": 52,
                    "startColumn": 4,
                    "startOffset": 5171,
                    "endColumn": 143,
                    "endOffset": 5310
                },
                "from": {
                    "file": "/Users/14leec1/.android/build-cache/2b062dea4163f5d3e442202215294cce30d220df/output/res/values-hr/values.xml",
                    "position": {
                        "startLine": 31,
                        "startColumn": 0,
                        "startOffset": 2817,
                        "endColumn": 143,
                        "endOffset": 2960
                    }
                }
            },
            {
                "to": {
                    "startLine": 53,
                    "startColumn": 4,
                    "startOffset": 5315,
                    "endColumn": 126,
                    "endOffset": 5437
                },
                "from": {
                    "file": "/Users/14leec1/.android/build-cache/2b062dea4163f5d3e442202215294cce30d220df/output/res/values-hr/values.xml",
                    "position": {
                        "startLine": 32,
                        "startColumn": 0,
                        "startOffset": 2961,
                        "endColumn": 122,
                        "endOffset": 3083
                    }
                }
            },
            {
                "to": {
                    "startLine": 54,
                    "startColumn": 4,
                    "startOffset": 5442,
                    "endColumn": 131,
                    "endOffset": 5569
                },
                "from": {
                    "file": "/Users/14leec1/.android/build-cache/2b062dea4163f5d3e442202215294cce30d220df/output/res/values-hr/values.xml",
                    "position": {
                        "startLine": 33,
                        "startColumn": 0,
                        "startOffset": 3084,
                        "endColumn": 127,
                        "endOffset": 3211
                    }
                }
            },
            {
                "to": {
                    "startLine": 55,
                    "startColumn": 4,
                    "startOffset": 5574,
                    "endColumn": 95,
                    "endOffset": 5665
                },
                "from": {
                    "file": "/Users/14leec1/.android/build-cache/2b062dea4163f5d3e442202215294cce30d220df/output/res/values-hr/values.xml",
                    "position": {
                        "startLine": 34,
                        "startColumn": 0,
                        "startOffset": 3212,
                        "endColumn": 91,
                        "endOffset": 3303
                    }
                }
            },
            {
                "to": {
                    "startLine": 56,
                    "startColumn": 4,
                    "startOffset": 5670,
                    "endColumn": 94,
                    "endOffset": 5760
                },
                "from": {
                    "file": "/Users/14leec1/.android/build-cache/2b062dea4163f5d3e442202215294cce30d220df/output/res/values-hr/values.xml",
                    "position": {
                        "startLine": 35,
                        "startColumn": 0,
                        "startOffset": 3304,
                        "endColumn": 90,
                        "endOffset": 3394
                    }
                }
            },
            {
                "to": {
                    "startLine": 57,
                    "startColumn": 4,
                    "startOffset": 5765,
                    "endColumn": 102,
                    "endOffset": 5863
                },
                "from": {
                    "file": "/Users/14leec1/.android/build-cache/2b062dea4163f5d3e442202215294cce30d220df/output/res/values-hr/values.xml",
                    "position": {
                        "startLine": 36,
                        "startColumn": 0,
                        "startOffset": 3395,
                        "endColumn": 98,
                        "endOffset": 3493
                    }
                }
            },
            {
                "to": {
                    "startLine": 58,
                    "startColumn": 4,
                    "startOffset": 5868,
                    "endColumn": 82,
                    "endOffset": 5946
                },
                "from": {
                    "file": "/Users/14leec1/.android/build-cache/2b062dea4163f5d3e442202215294cce30d220df/output/res/values-hr/values.xml",
                    "position": {
                        "startLine": 37,
                        "startColumn": 0,
                        "startOffset": 3494,
                        "endColumn": 78,
                        "endOffset": 3572
                    }
                }
            },
            {
                "to": {
                    "startLine": 59,
                    "startColumn": 4,
                    "startOffset": 5951,
                    "endColumn": 107,
                    "endOffset": 6054
                },
                "from": {
                    "file": "/Users/14leec1/.android/build-cache/0ad8bc32b47bd9b6a107e4fb2661747d1c54541f/output/res/values-hr/values.xml",
                    "position": {
                        "startLine": 4,
                        "startColumn": 0,
                        "startOffset": 283,
                        "endColumn": 103,
                        "endOffset": 386
                    }
                }
            },
            {
                "to": {
                    "startLine": 60,
                    "startColumn": 4,
                    "startOffset": 6059,
                    "endColumn": 188,
                    "endOffset": 6243
                },
                "from": {
                    "file": "/Users/14leec1/.android/build-cache/0ad8bc32b47bd9b6a107e4fb2661747d1c54541f/output/res/values-hr/values.xml",
                    "position": {
                        "startLine": 5,
                        "startColumn": 0,
                        "startOffset": 387,
                        "endColumn": 188,
                        "endOffset": 575
                    }
                }
            },
            {
                "to": {
                    "startLine": 61,
                    "startColumn": 4,
                    "startOffset": 6248,
                    "endColumn": 131,
                    "endOffset": 6375
                },
                "from": {
                    "file": "/Users/14leec1/.android/build-cache/0ad8bc32b47bd9b6a107e4fb2661747d1c54541f/output/res/values-hr/values.xml",
                    "position": {
                        "startLine": 6,
                        "startColumn": 0,
                        "startOffset": 576,
                        "endColumn": 127,
                        "endOffset": 703
                    }
                }
            },
            {
                "to": {
                    "startLine": 62,
                    "startColumn": 4,
                    "startOffset": 6380,
                    "endColumn": 111,
                    "endOffset": 6487
                },
                "from": {
                    "file": "/Users/14leec1/.android/build-cache/0ad8bc32b47bd9b6a107e4fb2661747d1c54541f/output/res/values-hr/values.xml",
                    "position": {
                        "startLine": 7,
                        "startColumn": 0,
                        "startOffset": 704,
                        "endColumn": 107,
                        "endOffset": 811
                    }
                }
            },
            {
                "to": {
                    "startLine": 63,
                    "startColumn": 4,
                    "startOffset": 6492,
                    "endColumn": 215,
                    "endOffset": 6703
                },
                "from": {
                    "file": "/Users/14leec1/.android/build-cache/0ad8bc32b47bd9b6a107e4fb2661747d1c54541f/output/res/values-hr/values.xml",
                    "position": {
                        "startLine": 8,
                        "startColumn": 0,
                        "startOffset": 812,
                        "endColumn": 215,
                        "endOffset": 1027
                    }
                }
            },
            {
                "to": {
                    "startLine": 64,
                    "startColumn": 4,
                    "startOffset": 6708,
                    "endColumn": 131,
                    "endOffset": 6835
                },
                "from": {
                    "file": "/Users/14leec1/.android/build-cache/0ad8bc32b47bd9b6a107e4fb2661747d1c54541f/output/res/values-hr/values.xml",
                    "position": {
                        "startLine": 9,
                        "startColumn": 0,
                        "startOffset": 1028,
                        "endColumn": 127,
                        "endOffset": 1155
                    }
                }
            },
            {
                "to": {
                    "startLine": 65,
                    "startColumn": 4,
                    "startOffset": 6840,
                    "endColumn": 135,
                    "endOffset": 6971
                },
                "from": {
                    "file": "/Users/14leec1/.android/build-cache/0ad8bc32b47bd9b6a107e4fb2661747d1c54541f/output/res/values-hr/values.xml",
                    "position": {
                        "startLine": 10,
                        "startColumn": 0,
                        "startOffset": 1156,
                        "endColumn": 131,
                        "endOffset": 1287
                    }
                }
            },
            {
                "to": {
                    "startLine": 66,
                    "startColumn": 4,
                    "startOffset": 6976,
                    "endColumn": 190,
                    "endOffset": 7162
                },
                "from": {
                    "file": "/Users/14leec1/.android/build-cache/ff4967dcef41267c999da54fcc7c7f9e60142282/output/res/values-hr/values.xml",
                    "position": {
                        "startLine": 4,
                        "startColumn": 0,
                        "startOffset": 285,
                        "endColumn": 190,
                        "endOffset": 475
                    }
                }
            },
            {
                "to": {
                    "startLine": 67,
                    "startColumn": 4,
                    "startOffset": 7167,
                    "endColumn": 208,
                    "endOffset": 7371
                },
                "from": {
                    "file": "/Users/14leec1/.android/build-cache/0ad8bc32b47bd9b6a107e4fb2661747d1c54541f/output/res/values-hr/values.xml",
                    "position": {
                        "startLine": 11,
                        "startColumn": 0,
                        "startOffset": 1288,
                        "endColumn": 208,
                        "endOffset": 1496
                    }
                }
            },
            {
                "to": {
                    "startLine": 68,
                    "startColumn": 4,
                    "startOffset": 7376,
                    "endColumn": 108,
                    "endOffset": 7480
                },
                "from": {
                    "file": "/Users/14leec1/.android/build-cache/0ad8bc32b47bd9b6a107e4fb2661747d1c54541f/output/res/values-hr/values.xml",
                    "position": {
                        "startLine": 12,
                        "startColumn": 0,
                        "startOffset": 1497,
                        "endColumn": 104,
                        "endOffset": 1601
                    }
                }
            },
            {
                "to": {
                    "startLine": 69,
                    "startColumn": 4,
                    "startOffset": 7485,
                    "endColumn": 187,
                    "endOffset": 7668
                },
                "from": {
                    "file": "/Users/14leec1/.android/build-cache/0ad8bc32b47bd9b6a107e4fb2661747d1c54541f/output/res/values-hr/values.xml",
                    "position": {
                        "startLine": 13,
                        "startColumn": 0,
                        "startOffset": 1602,
                        "endColumn": 187,
                        "endOffset": 1789
                    }
                }
            },
            {
                "to": {
                    "startLine": 70,
                    "startColumn": 4,
                    "startOffset": 7673,
                    "endColumn": 129,
                    "endOffset": 7798
                },
                "from": {
                    "file": "/Users/14leec1/.android/build-cache/0ad8bc32b47bd9b6a107e4fb2661747d1c54541f/output/res/values-hr/values.xml",
                    "position": {
                        "startLine": 14,
                        "startColumn": 0,
                        "startOffset": 1790,
                        "endColumn": 125,
                        "endOffset": 1915
                    }
                }
            },
            {
                "to": {
                    "startLine": 71,
                    "startColumn": 4,
                    "startOffset": 7803,
                    "endColumn": 205,
                    "endOffset": 8004
                },
                "from": {
                    "file": "/Users/14leec1/.android/build-cache/0ad8bc32b47bd9b6a107e4fb2661747d1c54541f/output/res/values-hr/values.xml",
                    "position": {
                        "startLine": 15,
                        "startColumn": 0,
                        "startOffset": 1916,
                        "endColumn": 205,
                        "endOffset": 2121
                    }
                }
            },
            {
                "to": {
                    "startLine": 72,
                    "startColumn": 4,
                    "startOffset": 8009,
                    "endColumn": 172,
                    "endOffset": 8177
                },
                "from": {
                    "file": "/Users/14leec1/.android/build-cache/0ad8bc32b47bd9b6a107e4fb2661747d1c54541f/output/res/values-hr/values.xml",
                    "position": {
                        "startLine": 16,
                        "startColumn": 0,
                        "startOffset": 2122,
                        "endColumn": 168,
                        "endOffset": 2290
                    }
                }
            },
            {
                "to": {
                    "startLine": 73,
                    "startColumn": 4,
                    "startOffset": 8182,
                    "endColumn": 97,
                    "endOffset": 8275
                },
                "from": {
                    "file": "/Users/14leec1/.android/build-cache/0ad8bc32b47bd9b6a107e4fb2661747d1c54541f/output/res/values-hr/values.xml",
                    "position": {
                        "startLine": 17,
                        "startColumn": 0,
                        "startOffset": 2291,
                        "endColumn": 93,
                        "endOffset": 2384
                    }
                }
            },
            {
                "to": {
                    "startLine": 74,
                    "startColumn": 4,
                    "startOffset": 8280,
                    "endColumn": 91,
                    "endOffset": 8367
                },
                "from": {
                    "file": "/Users/14leec1/.android/build-cache/0ad8bc32b47bd9b6a107e4fb2661747d1c54541f/output/res/values-hr/values.xml",
                    "position": {
                        "startLine": 18,
                        "startColumn": 0,
                        "startOffset": 2385,
                        "endColumn": 87,
                        "endOffset": 2472
                    }
                }
            },
            {
                "to": {
                    "startLine": 75,
                    "startColumn": 4,
                    "startOffset": 8372,
                    "endColumn": 109,
                    "endOffset": 8477
                },
                "from": {
                    "file": "/Users/14leec1/.android/build-cache/0ad8bc32b47bd9b6a107e4fb2661747d1c54541f/output/res/values-hr/values.xml",
                    "position": {
                        "startLine": 19,
                        "startColumn": 0,
                        "startOffset": 2473,
                        "endColumn": 105,
                        "endOffset": 2578
                    }
                }
            },
            {
                "to": {
                    "startLine": 76,
                    "startColumn": 4,
                    "startOffset": 8482,
                    "endColumn": 139,
                    "endOffset": 8617
                },
                "from": {
                    "file": "/Users/14leec1/.android/build-cache/08c7c22f53081775450e442244fadb641005e811/output/res/values-hr/values.xml",
                    "position": {
                        "startLine": 5,
                        "startColumn": 0,
                        "startOffset": 307,
                        "endColumn": 135,
                        "endOffset": 442
                    }
                }
            },
            {
                "to": {
                    "startLine": 77,
                    "startColumn": 4,
                    "startOffset": 8622,
                    "endColumn": 107,
                    "endOffset": 8725
                },
                "from": {
                    "file": "/Users/14leec1/.android/build-cache/08c7c22f53081775450e442244fadb641005e811/output/res/values-hr/values.xml",
                    "position": {
                        "startLine": 6,
                        "startColumn": 0,
                        "startOffset": 443,
                        "endColumn": 103,
                        "endOffset": 546
                    }
                }
            },
            {
                "to": {
                    "startLine": 78,
                    "startColumn": 4,
                    "startOffset": 8730,
                    "endColumn": 99,
                    "endOffset": 8825
                },
                "from": {
                    "file": "/Users/14leec1/.android/build-cache/08c7c22f53081775450e442244fadb641005e811/output/res/values-hr/values.xml",
                    "position": {
                        "startLine": 7,
                        "startColumn": 0,
                        "startOffset": 547,
                        "endColumn": 95,
                        "endOffset": 642
                    }
                }
            },
            {
                "to": {
                    "startLine": 79,
                    "startColumn": 4,
                    "startOffset": 8830,
                    "endColumn": 100,
                    "endOffset": 8926
                },
                "from": {
                    "file": "/Users/14leec1/.android/build-cache/08c7c22f53081775450e442244fadb641005e811/output/res/values-hr/values.xml",
                    "position": {
                        "startLine": 8,
                        "startColumn": 0,
                        "startOffset": 643,
                        "endColumn": 96,
                        "endOffset": 739
                    }
                }
            },
            {
                "to": {
                    "startLine": 80,
                    "startColumn": 4,
                    "startOffset": 8931,
                    "endColumn": 112,
                    "endOffset": 9039
                },
                "from": {
                    "file": "/Users/14leec1/.android/build-cache/08c7c22f53081775450e442244fadb641005e811/output/res/values-hr/values.xml",
                    "position": {
                        "startLine": 9,
                        "startColumn": 0,
                        "startOffset": 740,
                        "endColumn": 108,
                        "endOffset": 848
                    }
                }
            },
            {
                "to": {
                    "startLine": 81,
                    "startColumn": 4,
                    "startOffset": 9044,
                    "endColumn": 104,
                    "endOffset": 9144
                },
                "from": {
                    "file": "/Users/14leec1/.android/build-cache/08c7c22f53081775450e442244fadb641005e811/output/res/values-hr/values.xml",
                    "position": {
                        "startLine": 10,
                        "startColumn": 0,
                        "startOffset": 849,
                        "endColumn": 100,
                        "endOffset": 949
                    }
                }
            },
            {
                "to": {
                    "startLine": 82,
                    "startColumn": 4,
                    "startOffset": 9149,
                    "endColumn": 71,
                    "endOffset": 9216
                },
                "from": {
                    "file": "/Users/14leec1/.android/build-cache/08c7c22f53081775450e442244fadb641005e811/output/res/values-hr/values.xml",
                    "position": {
                        "startLine": 11,
                        "startColumn": 0,
                        "startOffset": 950,
                        "endColumn": 67,
                        "endOffset": 1017
                    }
                }
            },
            {
                "to": {
                    "startLine": 83,
                    "startColumn": 4,
                    "startOffset": 9221,
                    "endColumn": 106,
                    "endOffset": 9323
                },
                "from": {
                    "file": "/Users/14leec1/.android/build-cache/6303f2447d0b215c6c4fc6a0803a9d4ab2d6ea3c/output/res/values-hr/values-hr.xml",
                    "position": {
                        "startLine": 2,
                        "startColumn": 4,
                        "startOffset": 55,
                        "endColumn": 106,
                        "endOffset": 157
                    }
                }
            },
            {
                "to": {
                    "startLine": 84,
                    "startColumn": 4,
                    "startOffset": 9328,
                    "endColumn": 95,
                    "endOffset": 9419
                },
                "from": {
                    "file": "/Users/14leec1/.android/build-cache/6303f2447d0b215c6c4fc6a0803a9d4ab2d6ea3c/output/res/values-hr/values-hr.xml",
                    "position": {
                        "startLine": 3,
                        "startColumn": 4,
                        "startOffset": 162,
                        "endColumn": 95,
                        "endOffset": 253
                    }
                }
            },
            {
                "to": {
                    "startLine": 85,
                    "startColumn": 4,
                    "startOffset": 9424,
                    "endColumn": 87,
                    "endOffset": 9507
                },
                "from": {
                    "file": "/Users/14leec1/.android/build-cache/6303f2447d0b215c6c4fc6a0803a9d4ab2d6ea3c/output/res/values-hr/values-hr.xml",
                    "position": {
                        "startLine": 4,
                        "startColumn": 4,
                        "startOffset": 258,
                        "endColumn": 87,
                        "endOffset": 341
                    }
                }
            },
            {
                "to": {
                    "startLine": 86,
                    "startColumn": 4,
                    "startOffset": 9512,
                    "endColumn": 99,
                    "endOffset": 9607
                },
                "from": {
                    "file": "/Users/14leec1/.android/build-cache/6303f2447d0b215c6c4fc6a0803a9d4ab2d6ea3c/output/res/values-hr/values-hr.xml",
                    "position": {
                        "startLine": 5,
                        "startColumn": 4,
                        "startOffset": 346,
                        "endColumn": 99,
                        "endOffset": 441
                    }
                }
            },
            {
                "to": {
                    "startLine": 87,
                    "startColumn": 4,
                    "startOffset": 9612,
                    "endColumn": 105,
                    "endOffset": 9713
                },
                "from": {
                    "file": "/Users/14leec1/.android/build-cache/6303f2447d0b215c6c4fc6a0803a9d4ab2d6ea3c/output/res/values-hr/values-hr.xml",
                    "position": {
                        "startLine": 6,
                        "startColumn": 4,
                        "startOffset": 446,
                        "endColumn": 105,
                        "endOffset": 547
                    }
                }
            },
            {
                "to": {
                    "startLine": 88,
                    "startColumn": 4,
                    "startOffset": 9718,
                    "endColumn": 100,
                    "endOffset": 9814
                },
                "from": {
                    "file": "/Users/14leec1/.android/build-cache/6303f2447d0b215c6c4fc6a0803a9d4ab2d6ea3c/output/res/values-hr/values-hr.xml",
                    "position": {
                        "startLine": 7,
                        "startColumn": 4,
                        "startOffset": 552,
                        "endColumn": 100,
                        "endOffset": 648
                    }
                }
            },
            {
                "to": {
                    "startLine": 89,
                    "startColumn": 4,
                    "startOffset": 9819,
                    "endColumn": 96,
                    "endOffset": 9911
                },
                "from": {
                    "file": "/Users/14leec1/.android/build-cache/6303f2447d0b215c6c4fc6a0803a9d4ab2d6ea3c/output/res/values-hr/values-hr.xml",
                    "position": {
                        "startLine": 8,
                        "startColumn": 4,
                        "startOffset": 653,
                        "endColumn": 96,
                        "endOffset": 745
                    }
                }
            },
            {
                "to": {
                    "startLine": 90,
                    "startColumn": 4,
                    "startOffset": 9916,
                    "endColumn": 95,
                    "endOffset": 10007
                },
                "from": {
                    "file": "/Users/14leec1/.android/build-cache/6303f2447d0b215c6c4fc6a0803a9d4ab2d6ea3c/output/res/values-hr/values-hr.xml",
                    "position": {
                        "startLine": 9,
                        "startColumn": 4,
                        "startOffset": 750,
                        "endColumn": 95,
                        "endOffset": 841
                    }
                }
            },
            {
                "to": {
                    "startLine": 91,
                    "startColumn": 4,
                    "startOffset": 10012,
                    "endColumn": 97,
                    "endOffset": 10105
                },
                "from": {
                    "file": "/Users/14leec1/.android/build-cache/6303f2447d0b215c6c4fc6a0803a9d4ab2d6ea3c/output/res/values-hr/values-hr.xml",
                    "position": {
                        "startLine": 10,
                        "startColumn": 4,
                        "startOffset": 846,
                        "endColumn": 97,
                        "endOffset": 939
                    }
                }
            },
            {
                "to": {
                    "startLine": 92,
                    "startColumn": 4,
                    "startOffset": 10110,
                    "endColumn": 115,
                    "endOffset": 10221
                },
                "from": {
                    "file": "/Users/14leec1/.android/build-cache/6303f2447d0b215c6c4fc6a0803a9d4ab2d6ea3c/output/res/values-hr/values-hr.xml",
                    "position": {
                        "startLine": 11,
                        "startColumn": 4,
                        "startOffset": 944,
                        "endColumn": 115,
                        "endOffset": 1055
                    }
                }
            },
            {
                "to": {
                    "startLine": 93,
                    "startColumn": 4,
                    "startOffset": 10226,
                    "endColumn": 116,
                    "endOffset": 10338
                },
                "from": {
                    "file": "/Users/14leec1/.android/build-cache/6303f2447d0b215c6c4fc6a0803a9d4ab2d6ea3c/output/res/values-hr/values-hr.xml",
                    "position": {
                        "startLine": 12,
                        "startColumn": 4,
                        "startOffset": 1060,
                        "endColumn": 116,
                        "endOffset": 1172
                    }
                }
            },
            {
                "to": {
                    "startLine": 94,
                    "startColumn": 4,
                    "startOffset": 10343,
                    "endColumn": 88,
                    "endOffset": 10427
                },
                "from": {
                    "file": "/Users/14leec1/.android/build-cache/6303f2447d0b215c6c4fc6a0803a9d4ab2d6ea3c/output/res/values-hr/values-hr.xml",
                    "position": {
                        "startLine": 13,
                        "startColumn": 4,
                        "startOffset": 1177,
                        "endColumn": 88,
                        "endOffset": 1261
                    }
                }
            },
            {
                "to": {
                    "startLine": 95,
                    "startColumn": 4,
                    "startOffset": 10432,
                    "endColumn": 88,
                    "endOffset": 10516
                },
                "from": {
                    "file": "/Users/14leec1/.android/build-cache/6303f2447d0b215c6c4fc6a0803a9d4ab2d6ea3c/output/res/values-hr/values-hr.xml",
                    "position": {
                        "startLine": 14,
                        "startColumn": 4,
                        "startOffset": 1266,
                        "endColumn": 88,
                        "endOffset": 1350
                    }
                }
            },
            {
                "to": {
                    "startLine": 96,
                    "startColumn": 4,
                    "startOffset": 10521,
                    "endColumn": 96,
                    "endOffset": 10613
                },
                "from": {
                    "file": "/Users/14leec1/.android/build-cache/6303f2447d0b215c6c4fc6a0803a9d4ab2d6ea3c/output/res/values-hr/values-hr.xml",
                    "position": {
                        "startLine": 15,
                        "startColumn": 4,
                        "startOffset": 1355,
                        "endColumn": 96,
                        "endOffset": 1447
                    }
                }
            },
            {
                "to": {
                    "startLine": 97,
                    "startColumn": 4,
                    "startOffset": 10618,
                    "endColumn": 85,
                    "endOffset": 10699
                },
                "from": {
                    "file": "/Users/14leec1/.android/build-cache/6303f2447d0b215c6c4fc6a0803a9d4ab2d6ea3c/output/res/values-hr/values-hr.xml",
                    "position": {
                        "startLine": 16,
                        "startColumn": 4,
                        "startOffset": 1452,
                        "endColumn": 85,
                        "endOffset": 1533
                    }
                }
            },
            {
                "to": {
                    "startLine": 98,
                    "startColumn": 4,
                    "startOffset": 10704,
                    "endColumn": 93,
                    "endOffset": 10793
                },
                "from": {
                    "file": "/Users/14leec1/.android/build-cache/6303f2447d0b215c6c4fc6a0803a9d4ab2d6ea3c/output/res/values-hr/values-hr.xml",
                    "position": {
                        "startLine": 17,
                        "startColumn": 4,
                        "startOffset": 1538,
                        "endColumn": 93,
                        "endOffset": 1627
                    }
                }
            },
            {
                "to": {
                    "startLine": 99,
                    "startColumn": 4,
                    "startOffset": 10798,
                    "endColumn": 112,
                    "endOffset": 10906
                },
                "from": {
                    "file": "/Users/14leec1/.android/build-cache/eceeeb909d8e1eef6feb4c4e84c99257903967d3/output/res/values-hr/values.xml",
                    "position": {
                        "startLine": 4,
                        "startColumn": 0,
                        "startOffset": 233,
                        "endColumn": 108,
                        "endOffset": 341
                    }
                }
            },
            {
                "to": {
                    "startLine": 100,
                    "startColumn": 4,
                    "startOffset": 10911,
                    "endColumn": 99,
                    "endOffset": 11006
                },
                "from": {
                    "file": "/Users/14leec1/.android/build-cache/eceeeb909d8e1eef6feb4c4e84c99257903967d3/output/res/values-hr/values.xml",
                    "position": {
                        "startLine": 5,
                        "startColumn": 0,
                        "startOffset": 342,
                        "endColumn": 95,
                        "endOffset": 437
                    }
                }
            },
            {
                "to": {
                    "startLine": 101,
                    "startColumn": 4,
                    "startOffset": 11011,
                    "endColumn": 88,
                    "endOffset": 11095
                },
                "from": {
                    "file": "/Users/14leec1/.android/build-cache/afbe29f57f18bdcb21348ed524eb6be0cd8d61ae/output/res/values-hr/values-hr.xml",
                    "position": {
                        "startLine": 21,
                        "startColumn": 4,
                        "startOffset": 2028,
                        "endColumn": 88,
                        "endOffset": 2112
                    }
                }
            },
            {
                "to": {
                    "startLine": 102,
                    "startColumn": 4,
                    "startOffset": 11100,
                    "endColumn": 100,
                    "endOffset": 11196
                },
                "from": {
                    "file": "/Users/14leec1/.android/build-cache/afbe29f57f18bdcb21348ed524eb6be0cd8d61ae/output/res/values-hr/values-hr.xml",
                    "position": {
                        "startLine": 22,
                        "startColumn": 4,
                        "startOffset": 2117,
                        "endColumn": 100,
                        "endOffset": 2213
                    }
                }
            },
            {
                "to": {
                    "startLine": 103,
                    "startColumn": 4,
                    "startOffset": 11201,
                    "endColumn": 140,
                    "endOffset": 11337
                },
                "from": {
                    "file": "/Users/14leec1/.android/build-cache/08c7c22f53081775450e442244fadb641005e811/output/res/values-hr/values.xml",
                    "position": {
                        "startLine": 12,
                        "startColumn": 0,
                        "startOffset": 1018,
                        "endColumn": 136,
                        "endOffset": 1154
                    }
                }
            },
            {
                "to": {
                    "startLine": 104,
                    "startColumn": 4,
                    "startOffset": 11342,
                    "endColumn": 93,
                    "endOffset": 11431
                },
                "from": {
                    "file": "/Users/14leec1/.android/build-cache/08c7c22f53081775450e442244fadb641005e811/output/res/values-hr/values.xml",
                    "position": {
                        "startLine": 13,
                        "startColumn": 0,
                        "startOffset": 1155,
                        "endColumn": 89,
                        "endOffset": 1244
                    }
                }
            },
            {
                "to": {
                    "startLine": 105,
                    "startColumn": 4,
                    "startOffset": 11436,
                    "endColumn": 106,
                    "endOffset": 11538
                },
                "from": {
                    "file": "/Users/14leec1/.android/build-cache/86ba2be4be49f6b2e89dd367179a5d72d401dedd/output/res/values-hr/values.xml",
                    "position": {
                        "startLine": 4,
                        "startColumn": 0,
                        "startOffset": 240,
                        "endColumn": 102,
                        "endOffset": 342
                    }
                }
            }
        ]
    }
]