[
    {
        "outputFile": "/Users/14leec1/AndroidStudioProjects/Civic-app-master/Sus/app/build/intermediates/incremental/mergeDebugResources/merged.dir/values-ja/values-ja.xml",
        "map": [
            {
                "to": {
                    "startLine": 2,
                    "startColumn": 4,
                    "startOffset": 105,
                    "endColumn": 96,
                    "endOffset": 197
                },
                "from": {
                    "file": "/Users/14leec1/.android/build-cache/afbe29f57f18bdcb21348ed524eb6be0cd8d61ae/output/res/values-ja/values-ja.xml",
                    "position": {
                        "startLine": 2,
                        "startColumn": 4,
                        "startOffset": 55,
                        "endColumn": 96,
                        "endOffset": 147
                    }
                }
            },
            {
                "to": {
                    "startLine": 3,
                    "startColumn": 4,
                    "startOffset": 202,
                    "endColumn": 106,
                    "endOffset": 304
                },
                "from": {
                    "file": "/Users/14leec1/.android/build-cache/afbe29f57f18bdcb21348ed524eb6be0cd8d61ae/output/res/values-ja/values-ja.xml",
                    "position": {
                        "startLine": 3,
                        "startColumn": 4,
                        "startOffset": 152,
                        "endColumn": 106,
                        "endOffset": 254
                    }
                }
            },
            {
                "to": {
                    "startLine": 4,
                    "startColumn": 4,
                    "startOffset": 309,
                    "endColumn": 120,
                    "endOffset": 425
                },
                "from": {
                    "file": "/Users/14leec1/.android/build-cache/afbe29f57f18bdcb21348ed524eb6be0cd8d61ae/output/res/values-ja/values-ja.xml",
                    "position": {
                        "startLine": 4,
                        "startColumn": 4,
                        "startOffset": 259,
                        "endColumn": 120,
                        "endOffset": 375
                    }
                }
            },
            {
                "to": {
                    "startLine": 5,
                    "startColumn": 4,
                    "startOffset": 430,
                    "endColumn": 92,
                    "endOffset": 518
                },
                "from": {
                    "file": "/Users/14leec1/.android/build-cache/afbe29f57f18bdcb21348ed524eb6be0cd8d61ae/output/res/values-ja/values-ja.xml",
                    "position": {
                        "startLine": 5,
                        "startColumn": 4,
                        "startOffset": 380,
                        "endColumn": 92,
                        "endOffset": 468
                    }
                }
            },
            {
                "to": {
                    "startLine": 6,
                    "startColumn": 4,
                    "startOffset": 523,
                    "endColumn": 104,
                    "endOffset": 623
                },
                "from": {
                    "file": "/Users/14leec1/.android/build-cache/afbe29f57f18bdcb21348ed524eb6be0cd8d61ae/output/res/values-ja/values-ja.xml",
                    "position": {
                        "startLine": 6,
                        "startColumn": 4,
                        "startOffset": 473,
                        "endColumn": 104,
                        "endOffset": 573
                    }
                }
            },
            {
                "to": {
                    "startLine": 7,
                    "startColumn": 4,
                    "startOffset": 628,
                    "endColumn": 81,
                    "endOffset": 705
                },
                "from": {
                    "file": "/Users/14leec1/.android/build-cache/afbe29f57f18bdcb21348ed524eb6be0cd8d61ae/output/res/values-ja/values-ja.xml",
                    "position": {
                        "startLine": 7,
                        "startColumn": 4,
                        "startOffset": 578,
                        "endColumn": 81,
                        "endOffset": 655
                    }
                }
            },
            {
                "to": {
                    "startLine": 8,
                    "startColumn": 4,
                    "startOffset": 710,
                    "endColumn": 97,
                    "endOffset": 803
                },
                "from": {
                    "file": "/Users/14leec1/.android/build-cache/afbe29f57f18bdcb21348ed524eb6be0cd8d61ae/output/res/values-ja/values-ja.xml",
                    "position": {
                        "startLine": 8,
                        "startColumn": 4,
                        "startOffset": 660,
                        "endColumn": 97,
                        "endOffset": 753
                    }
                }
            },
            {
                "to": {
                    "startLine": 9,
                    "startColumn": 4,
                    "startOffset": 808,
                    "endColumn": 107,
                    "endOffset": 911
                },
                "from": {
                    "file": "/Users/14leec1/.android/build-cache/afbe29f57f18bdcb21348ed524eb6be0cd8d61ae/output/res/values-ja/values-ja.xml",
                    "position": {
                        "startLine": 9,
                        "startColumn": 4,
                        "startOffset": 758,
                        "endColumn": 107,
                        "endOffset": 861
                    }
                }
            },
            {
                "to": {
                    "startLine": 10,
                    "startColumn": 4,
                    "startOffset": 916,
                    "endColumn": 76,
                    "endOffset": 988
                },
                "from": {
                    "file": "/Users/14leec1/.android/build-cache/afbe29f57f18bdcb21348ed524eb6be0cd8d61ae/output/res/values-ja/values-ja.xml",
                    "position": {
                        "startLine": 10,
                        "startColumn": 4,
                        "startOffset": 866,
                        "endColumn": 76,
                        "endOffset": 938
                    }
                }
            },
            {
                "to": {
                    "startLine": 11,
                    "startColumn": 4,
                    "startOffset": 993,
                    "endColumn": 75,
                    "endOffset": 1064
                },
                "from": {
                    "file": "/Users/14leec1/.android/build-cache/afbe29f57f18bdcb21348ed524eb6be0cd8d61ae/output/res/values-ja/values-ja.xml",
                    "position": {
                        "startLine": 11,
                        "startColumn": 4,
                        "startOffset": 943,
                        "endColumn": 75,
                        "endOffset": 1014
                    }
                }
            },
            {
                "to": {
                    "startLine": 12,
                    "startColumn": 4,
                    "startOffset": 1069,
                    "endColumn": 77,
                    "endOffset": 1142
                },
                "from": {
                    "file": "/Users/14leec1/.android/build-cache/afbe29f57f18bdcb21348ed524eb6be0cd8d61ae/output/res/values-ja/values-ja.xml",
                    "position": {
                        "startLine": 12,
                        "startColumn": 4,
                        "startOffset": 1019,
                        "endColumn": 77,
                        "endOffset": 1092
                    }
                }
            },
            {
                "to": {
                    "startLine": 13,
                    "startColumn": 4,
                    "startOffset": 1147,
                    "endColumn": 101,
                    "endOffset": 1244
                },
                "from": {
                    "file": "/Users/14leec1/.android/build-cache/afbe29f57f18bdcb21348ed524eb6be0cd8d61ae/output/res/values-ja/values-ja.xml",
                    "position": {
                        "startLine": 13,
                        "startColumn": 4,
                        "startOffset": 1097,
                        "endColumn": 101,
                        "endOffset": 1194
                    }
                }
            },
            {
                "to": {
                    "startLine": 14,
                    "startColumn": 4,
                    "startOffset": 1249,
                    "endColumn": 98,
                    "endOffset": 1343
                },
                "from": {
                    "file": "/Users/14leec1/.android/build-cache/afbe29f57f18bdcb21348ed524eb6be0cd8d61ae/output/res/values-ja/values-ja.xml",
                    "position": {
                        "startLine": 14,
                        "startColumn": 4,
                        "startOffset": 1199,
                        "endColumn": 98,
                        "endOffset": 1293
                    }
                }
            },
            {
                "to": {
                    "startLine": 15,
                    "startColumn": 4,
                    "startOffset": 1348,
                    "endColumn": 94,
                    "endOffset": 1438
                },
                "from": {
                    "file": "/Users/14leec1/.android/build-cache/afbe29f57f18bdcb21348ed524eb6be0cd8d61ae/output/res/values-ja/values-ja.xml",
                    "position": {
                        "startLine": 15,
                        "startColumn": 4,
                        "startOffset": 1298,
                        "endColumn": 94,
                        "endOffset": 1388
                    }
                }
            },
            {
                "to": {
                    "startLine": 16,
                    "startColumn": 4,
                    "startOffset": 1443,
                    "endColumn": 102,
                    "endOffset": 1541
                },
                "from": {
                    "file": "/Users/14leec1/.android/build-cache/afbe29f57f18bdcb21348ed524eb6be0cd8d61ae/output/res/values-ja/values-ja.xml",
                    "position": {
                        "startLine": 16,
                        "startColumn": 4,
                        "startOffset": 1393,
                        "endColumn": 102,
                        "endOffset": 1491
                    }
                }
            },
            {
                "to": {
                    "startLine": 17,
                    "startColumn": 4,
                    "startOffset": 1546,
                    "endColumn": 94,
                    "endOffset": 1636
                },
                "from": {
                    "file": "/Users/14leec1/.android/build-cache/afbe29f57f18bdcb21348ed524eb6be0cd8d61ae/output/res/values-ja/values-ja.xml",
                    "position": {
                        "startLine": 17,
                        "startColumn": 4,
                        "startOffset": 1496,
                        "endColumn": 94,
                        "endOffset": 1586
                    }
                }
            },
            {
                "to": {
                    "startLine": 18,
                    "startColumn": 4,
                    "startOffset": 1641,
                    "endColumn": 95,
                    "endOffset": 1732
                },
                "from": {
                    "file": "/Users/14leec1/.android/build-cache/afbe29f57f18bdcb21348ed524eb6be0cd8d61ae/output/res/values-ja/values-ja.xml",
                    "position": {
                        "startLine": 18,
                        "startColumn": 4,
                        "startOffset": 1591,
                        "endColumn": 95,
                        "endOffset": 1682
                    }
                }
            },
            {
                "to": {
                    "startLine": 19,
                    "startColumn": 4,
                    "startOffset": 1737,
                    "endColumn": 110,
                    "endOffset": 1843
                },
                "from": {
                    "file": "/Users/14leec1/.android/build-cache/afbe29f57f18bdcb21348ed524eb6be0cd8d61ae/output/res/values-ja/values-ja.xml",
                    "position": {
                        "startLine": 19,
                        "startColumn": 4,
                        "startOffset": 1687,
                        "endColumn": 110,
                        "endOffset": 1793
                    }
                }
            },
            {
                "to": {
                    "startLine": 20,
                    "startColumn": 4,
                    "startOffset": 1848,
                    "endColumn": 96,
                    "endOffset": 1940
                },
                "from": {
                    "file": "/Users/14leec1/.android/build-cache/afbe29f57f18bdcb21348ed524eb6be0cd8d61ae/output/res/values-ja/values-ja.xml",
                    "position": {
                        "startLine": 20,
                        "startColumn": 4,
                        "startOffset": 1798,
                        "endColumn": 96,
                        "endOffset": 1890
                    }
                }
            },
            {
                "to": {
                    "startLine": 21,
                    "startColumn": 4,
                    "startOffset": 1945,
                    "endColumn": 69,
                    "endOffset": 2010
                },
                "from": {
                    "file": "/Users/14leec1/.android/build-cache/08c7c22f53081775450e442244fadb641005e811/output/res/values-ja/values.xml",
                    "position": {
                        "startLine": 4,
                        "startColumn": 0,
                        "startOffset": 237,
                        "endColumn": 65,
                        "endOffset": 302
                    }
                }
            },
            {
                "to": {
                    "startLine": 22,
                    "startColumn": 4,
                    "startOffset": 2015,
                    "endColumn": 74,
                    "endOffset": 2085
                },
                "from": {
                    "file": "/Users/14leec1/.android/build-cache/2b062dea4163f5d3e442202215294cce30d220df/output/res/values-ja/values.xml",
                    "position": {
                        "startLine": 4,
                        "startColumn": 0,
                        "startOffset": 298,
                        "endColumn": 70,
                        "endOffset": 368
                    }
                }
            },
            {
                "to": {
                    "startLine": 23,
                    "startColumn": 4,
                    "startOffset": 2090,
                    "endColumn": 96,
                    "endOffset": 2182
                },
                "from": {
                    "file": "/Users/14leec1/.android/build-cache/2b062dea4163f5d3e442202215294cce30d220df/output/res/values-ja/values.xml",
                    "position": {
                        "startLine": 5,
                        "startColumn": 0,
                        "startOffset": 369,
                        "endColumn": 92,
                        "endOffset": 461
                    }
                }
            },
            {
                "to": {
                    "startLine": 24,
                    "startColumn": 4,
                    "startOffset": 2187,
                    "endColumn": 91,
                    "endOffset": 2274
                },
                "from": {
                    "file": "/Users/14leec1/.android/build-cache/2b062dea4163f5d3e442202215294cce30d220df/output/res/values-ja/values.xml",
                    "position": {
                        "startLine": 6,
                        "startColumn": 0,
                        "startOffset": 462,
                        "endColumn": 87,
                        "endOffset": 549
                    }
                }
            },
            {
                "to": {
                    "startLine": 25,
                    "startColumn": 4,
                    "startOffset": 2279,
                    "endColumn": 111,
                    "endOffset": 2386
                },
                "from": {
                    "file": "/Users/14leec1/.android/build-cache/2b062dea4163f5d3e442202215294cce30d220df/output/res/values-ja/values.xml",
                    "position": {
                        "startLine": 7,
                        "startColumn": 0,
                        "startOffset": 550,
                        "endColumn": 107,
                        "endOffset": 657
                    }
                }
            },
            {
                "to": {
                    "startLine": 26,
                    "startColumn": 4,
                    "startOffset": 2391,
                    "endColumn": 79,
                    "endOffset": 2466
                },
                "from": {
                    "file": "/Users/14leec1/.android/build-cache/2b062dea4163f5d3e442202215294cce30d220df/output/res/values-ja/values.xml",
                    "position": {
                        "startLine": 8,
                        "startColumn": 0,
                        "startOffset": 658,
                        "endColumn": 75,
                        "endOffset": 733
                    }
                }
            },
            {
                "to": {
                    "startLine": 27,
                    "startColumn": 4,
                    "startOffset": 2471,
                    "endColumn": 105,
                    "endOffset": 2572
                },
                "from": {
                    "file": "/Users/14leec1/.android/build-cache/2b062dea4163f5d3e442202215294cce30d220df/output/res/values-ja/values.xml",
                    "position": {
                        "startLine": 9,
                        "startColumn": 0,
                        "startOffset": 734,
                        "endColumn": 101,
                        "endOffset": 835
                    }
                }
            },
            {
                "to": {
                    "startLine": 28,
                    "startColumn": 4,
                    "startOffset": 2577,
                    "endColumn": 107,
                    "endOffset": 2680
                },
                "from": {
                    "file": "/Users/14leec1/.android/build-cache/2b062dea4163f5d3e442202215294cce30d220df/output/res/values-ja/values.xml",
                    "position": {
                        "startLine": 10,
                        "startColumn": 0,
                        "startOffset": 836,
                        "endColumn": 103,
                        "endOffset": 939
                    }
                }
            },
            {
                "to": {
                    "startLine": 29,
                    "startColumn": 4,
                    "startOffset": 2685,
                    "endColumn": 114,
                    "endOffset": 2795
                },
                "from": {
                    "file": "/Users/14leec1/.android/build-cache/2b062dea4163f5d3e442202215294cce30d220df/output/res/values-ja/values.xml",
                    "position": {
                        "startLine": 11,
                        "startColumn": 0,
                        "startOffset": 940,
                        "endColumn": 110,
                        "endOffset": 1050
                    }
                }
            },
            {
                "to": {
                    "startLine": 30,
                    "startColumn": 4,
                    "startOffset": 2800,
                    "endColumn": 100,
                    "endOffset": 2896
                },
                "from": {
                    "file": "/Users/14leec1/.android/build-cache/2b062dea4163f5d3e442202215294cce30d220df/output/res/values-ja/values.xml",
                    "position": {
                        "startLine": 12,
                        "startColumn": 0,
                        "startOffset": 1051,
                        "endColumn": 96,
                        "endOffset": 1147
                    }
                }
            },
            {
                "to": {
                    "startLine": 31,
                    "startColumn": 4,
                    "startOffset": 2901,
                    "endColumn": 101,
                    "endOffset": 2998
                },
                "from": {
                    "file": "/Users/14leec1/.android/build-cache/2b062dea4163f5d3e442202215294cce30d220df/output/res/values-ja/values.xml",
                    "position": {
                        "startLine": 13,
                        "startColumn": 0,
                        "startOffset": 1148,
                        "endColumn": 97,
                        "endOffset": 1245
                    }
                }
            },
            {
                "to": {
                    "startLine": 32,
                    "startColumn": 4,
                    "startOffset": 3003,
                    "endColumn": 74,
                    "endOffset": 3073
                },
                "from": {
                    "file": "/Users/14leec1/.android/build-cache/2b062dea4163f5d3e442202215294cce30d220df/output/res/values-ja/values.xml",
                    "position": {
                        "startLine": 14,
                        "startColumn": 0,
                        "startOffset": 1246,
                        "endColumn": 70,
                        "endOffset": 1316
                    }
                }
            },
            {
                "to": {
                    "startLine": 33,
                    "startColumn": 4,
                    "startOffset": 3078,
                    "endColumn": 81,
                    "endOffset": 3155
                },
                "from": {
                    "file": "/Users/14leec1/.android/build-cache/2b062dea4163f5d3e442202215294cce30d220df/output/res/values-ja/values.xml",
                    "position": {
                        "startLine": 15,
                        "startColumn": 0,
                        "startOffset": 1317,
                        "endColumn": 77,
                        "endOffset": 1394
                    }
                }
            },
            {
                "to": {
                    "startLine": 34,
                    "startColumn": 4,
                    "startOffset": 3160,
                    "endColumn": 81,
                    "endOffset": 3237
                },
                "from": {
                    "file": "/Users/14leec1/.android/build-cache/2b062dea4163f5d3e442202215294cce30d220df/output/res/values-ja/values.xml",
                    "position": {
                        "startLine": 16,
                        "startColumn": 0,
                        "startOffset": 1395,
                        "endColumn": 77,
                        "endOffset": 1472
                    }
                }
            },
            {
                "to": {
                    "startLine": 35,
                    "startColumn": 4,
                    "startOffset": 3242,
                    "endColumn": 107,
                    "endOffset": 3345
                },
                "from": {
                    "file": "/Users/14leec1/.android/build-cache/2b062dea4163f5d3e442202215294cce30d220df/output/res/values-ja/values.xml",
                    "position": {
                        "startLine": 17,
                        "startColumn": 0,
                        "startOffset": 1473,
                        "endColumn": 103,
                        "endOffset": 1576
                    }
                }
            },
            {
                "to": {
                    "startLine": 36,
                    "startColumn": 4,
                    "startOffset": 3350,
                    "endColumn": 72,
                    "endOffset": 3418
                },
                "from": {
                    "file": "/Users/14leec1/.android/build-cache/2b062dea4163f5d3e442202215294cce30d220df/output/res/values-ja/values.xml",
                    "position": {
                        "startLine": 18,
                        "startColumn": 0,
                        "startOffset": 1577,
                        "endColumn": 68,
                        "endOffset": 1645
                    }
                }
            },
            {
                "to": {
                    "startLine": 37,
                    "startColumn": 4,
                    "startOffset": 3423,
                    "endColumn": 131,
                    "endOffset": 3550
                },
                "from": {
                    "file": "/Users/14leec1/.android/build-cache/6fddc1117dca319301a0674abde2855c6ffec5b8/output/res/values-ja/values.xml",
                    "position": {
                        "startLine": 4,
                        "startColumn": 0,
                        "startOffset": 288,
                        "endColumn": 131,
                        "endOffset": 419
                    }
                }
            },
            {
                "to": {
                    "startLine": 38,
                    "startColumn": 4,
                    "startOffset": 3555,
                    "endColumn": 133,
                    "endOffset": 3684
                },
                "from": {
                    "file": "/Users/14leec1/.android/build-cache/6fddc1117dca319301a0674abde2855c6ffec5b8/output/res/values-ja/values.xml",
                    "position": {
                        "startLine": 5,
                        "startColumn": 0,
                        "startOffset": 420,
                        "endColumn": 133,
                        "endOffset": 553
                    }
                }
            },
            {
                "to": {
                    "startLine": 39,
                    "startColumn": 4,
                    "startOffset": 3689,
                    "endColumn": 92,
                    "endOffset": 3777
                },
                "from": {
                    "file": "/Users/14leec1/.android/build-cache/6fddc1117dca319301a0674abde2855c6ffec5b8/output/res/values-ja/values.xml",
                    "position": {
                        "startLine": 6,
                        "startColumn": 0,
                        "startOffset": 554,
                        "endColumn": 88,
                        "endOffset": 642
                    }
                }
            },
            {
                "to": {
                    "startLine": 40,
                    "startColumn": 4,
                    "startOffset": 3782,
                    "endColumn": 73,
                    "endOffset": 3851
                },
                "from": {
                    "file": "/Users/14leec1/.android/build-cache/2b062dea4163f5d3e442202215294cce30d220df/output/res/values-ja/values.xml",
                    "position": {
                        "startLine": 19,
                        "startColumn": 0,
                        "startOffset": 1646,
                        "endColumn": 69,
                        "endOffset": 1715
                    }
                }
            },
            {
                "to": {
                    "startLine": 41,
                    "startColumn": 4,
                    "startOffset": 3856,
                    "endColumn": 70,
                    "endOffset": 3922
                },
                "from": {
                    "file": "/Users/14leec1/.android/build-cache/2b062dea4163f5d3e442202215294cce30d220df/output/res/values-ja/values.xml",
                    "position": {
                        "startLine": 20,
                        "startColumn": 0,
                        "startOffset": 1716,
                        "endColumn": 66,
                        "endOffset": 1782
                    }
                }
            },
            {
                "to": {
                    "startLine": 42,
                    "startColumn": 4,
                    "startOffset": 3927,
                    "endColumn": 74,
                    "endOffset": 3997
                },
                "from": {
                    "file": "/Users/14leec1/.android/build-cache/2b062dea4163f5d3e442202215294cce30d220df/output/res/values-ja/values.xml",
                    "position": {
                        "startLine": 21,
                        "startColumn": 0,
                        "startOffset": 1783,
                        "endColumn": 70,
                        "endOffset": 1853
                    }
                }
            },
            {
                "to": {
                    "startLine": 43,
                    "startColumn": 4,
                    "startOffset": 4002,
                    "endColumn": 81,
                    "endOffset": 4079
                },
                "from": {
                    "file": "/Users/14leec1/.android/build-cache/2b062dea4163f5d3e442202215294cce30d220df/output/res/values-ja/values.xml",
                    "position": {
                        "startLine": 22,
                        "startColumn": 0,
                        "startOffset": 1854,
                        "endColumn": 77,
                        "endOffset": 1931
                    }
                }
            },
            {
                "to": {
                    "startLine": 44,
                    "startColumn": 4,
                    "startOffset": 4084,
                    "endColumn": 81,
                    "endOffset": 4161
                },
                "from": {
                    "file": "/Users/14leec1/.android/build-cache/2b062dea4163f5d3e442202215294cce30d220df/output/res/values-ja/values.xml",
                    "position": {
                        "startLine": 23,
                        "startColumn": 0,
                        "startOffset": 1932,
                        "endColumn": 77,
                        "endOffset": 2009
                    }
                }
            },
            {
                "to": {
                    "startLine": 45,
                    "startColumn": 4,
                    "startOffset": 4166,
                    "endColumn": 79,
                    "endOffset": 4241
                },
                "from": {
                    "file": "/Users/14leec1/.android/build-cache/2b062dea4163f5d3e442202215294cce30d220df/output/res/values-ja/values.xml",
                    "position": {
                        "startLine": 24,
                        "startColumn": 0,
                        "startOffset": 2010,
                        "endColumn": 75,
                        "endOffset": 2085
                    }
                }
            },
            {
                "to": {
                    "startLine": 46,
                    "startColumn": 4,
                    "startOffset": 4246,
                    "endColumn": 82,
                    "endOffset": 4324
                },
                "from": {
                    "file": "/Users/14leec1/.android/build-cache/2b062dea4163f5d3e442202215294cce30d220df/output/res/values-ja/values.xml",
                    "position": {
                        "startLine": 25,
                        "startColumn": 0,
                        "startOffset": 2086,
                        "endColumn": 78,
                        "endOffset": 2164
                    }
                }
            },
            {
                "to": {
                    "startLine": 47,
                    "startColumn": 4,
                    "startOffset": 4329,
                    "endColumn": 82,
                    "endOffset": 4407
                },
                "from": {
                    "file": "/Users/14leec1/.android/build-cache/2b062dea4163f5d3e442202215294cce30d220df/output/res/values-ja/values.xml",
                    "position": {
                        "startLine": 26,
                        "startColumn": 0,
                        "startOffset": 2165,
                        "endColumn": 78,
                        "endOffset": 2243
                    }
                }
            },
            {
                "to": {
                    "startLine": 48,
                    "startColumn": 4,
                    "startOffset": 4412,
                    "endColumn": 70,
                    "endOffset": 4478
                },
                "from": {
                    "file": "/Users/14leec1/.android/build-cache/2b062dea4163f5d3e442202215294cce30d220df/output/res/values-ja/values.xml",
                    "position": {
                        "startLine": 27,
                        "startColumn": 0,
                        "startOffset": 2244,
                        "endColumn": 66,
                        "endOffset": 2310
                    }
                }
            },
            {
                "to": {
                    "startLine": 49,
                    "startColumn": 4,
                    "startOffset": 4483,
                    "endColumn": 92,
                    "endOffset": 4571
                },
                "from": {
                    "file": "/Users/14leec1/.android/build-cache/2b062dea4163f5d3e442202215294cce30d220df/output/res/values-ja/values.xml",
                    "position": {
                        "startLine": 28,
                        "startColumn": 0,
                        "startOffset": 2311,
                        "endColumn": 88,
                        "endOffset": 2399
                    }
                }
            },
            {
                "to": {
                    "startLine": 50,
                    "startColumn": 4,
                    "startOffset": 4576,
                    "endColumn": 93,
                    "endOffset": 4665
                },
                "from": {
                    "file": "/Users/14leec1/.android/build-cache/2b062dea4163f5d3e442202215294cce30d220df/output/res/values-ja/values.xml",
                    "position": {
                        "startLine": 29,
                        "startColumn": 0,
                        "startOffset": 2400,
                        "endColumn": 89,
                        "endOffset": 2489
                    }
                }
            },
            {
                "to": {
                    "startLine": 51,
                    "startColumn": 4,
                    "startOffset": 4670,
                    "endColumn": 97,
                    "endOffset": 4763
                },
                "from": {
                    "file": "/Users/14leec1/.android/build-cache/2b062dea4163f5d3e442202215294cce30d220df/output/res/values-ja/values.xml",
                    "position": {
                        "startLine": 30,
                        "startColumn": 0,
                        "startOffset": 2490,
                        "endColumn": 93,
                        "endOffset": 2583
                    }
                }
            },
            {
                "to": {
                    "startLine": 52,
                    "startColumn": 4,
                    "startOffset": 4768,
                    "endColumn": 142,
                    "endOffset": 4906
                },
                "from": {
                    "file": "/Users/14leec1/.android/build-cache/2b062dea4163f5d3e442202215294cce30d220df/output/res/values-ja/values.xml",
                    "position": {
                        "startLine": 31,
                        "startColumn": 0,
                        "startOffset": 2584,
                        "endColumn": 142,
                        "endOffset": 2726
                    }
                }
            },
            {
                "to": {
                    "startLine": 53,
                    "startColumn": 4,
                    "startOffset": 4911,
                    "endColumn": 118,
                    "endOffset": 5025
                },
                "from": {
                    "file": "/Users/14leec1/.android/build-cache/2b062dea4163f5d3e442202215294cce30d220df/output/res/values-ja/values.xml",
                    "position": {
                        "startLine": 32,
                        "startColumn": 0,
                        "startOffset": 2727,
                        "endColumn": 114,
                        "endOffset": 2841
                    }
                }
            },
            {
                "to": {
                    "startLine": 54,
                    "startColumn": 4,
                    "startOffset": 5030,
                    "endColumn": 120,
                    "endOffset": 5146
                },
                "from": {
                    "file": "/Users/14leec1/.android/build-cache/2b062dea4163f5d3e442202215294cce30d220df/output/res/values-ja/values.xml",
                    "position": {
                        "startLine": 33,
                        "startColumn": 0,
                        "startOffset": 2842,
                        "endColumn": 116,
                        "endOffset": 2958
                    }
                }
            },
            {
                "to": {
                    "startLine": 55,
                    "startColumn": 4,
                    "startOffset": 5151,
                    "endColumn": 92,
                    "endOffset": 5239
                },
                "from": {
                    "file": "/Users/14leec1/.android/build-cache/2b062dea4163f5d3e442202215294cce30d220df/output/res/values-ja/values.xml",
                    "position": {
                        "startLine": 34,
                        "startColumn": 0,
                        "startOffset": 2959,
                        "endColumn": 88,
                        "endOffset": 3047
                    }
                }
            },
            {
                "to": {
                    "startLine": 56,
                    "startColumn": 4,
                    "startOffset": 5244,
                    "endColumn": 90,
                    "endOffset": 5330
                },
                "from": {
                    "file": "/Users/14leec1/.android/build-cache/2b062dea4163f5d3e442202215294cce30d220df/output/res/values-ja/values.xml",
                    "position": {
                        "startLine": 35,
                        "startColumn": 0,
                        "startOffset": 3048,
                        "endColumn": 86,
                        "endOffset": 3134
                    }
                }
            },
            {
                "to": {
                    "startLine": 57,
                    "startColumn": 4,
                    "startOffset": 5335,
                    "endColumn": 97,
                    "endOffset": 5428
                },
                "from": {
                    "file": "/Users/14leec1/.android/build-cache/2b062dea4163f5d3e442202215294cce30d220df/output/res/values-ja/values.xml",
                    "position": {
                        "startLine": 36,
                        "startColumn": 0,
                        "startOffset": 3135,
                        "endColumn": 93,
                        "endOffset": 3228
                    }
                }
            },
            {
                "to": {
                    "startLine": 58,
                    "startColumn": 4,
                    "startOffset": 5433,
                    "endColumn": 77,
                    "endOffset": 5506
                },
                "from": {
                    "file": "/Users/14leec1/.android/build-cache/2b062dea4163f5d3e442202215294cce30d220df/output/res/values-ja/values.xml",
                    "position": {
                        "startLine": 37,
                        "startColumn": 0,
                        "startOffset": 3229,
                        "endColumn": 73,
                        "endOffset": 3302
                    }
                }
            },
            {
                "to": {
                    "startLine": 59,
                    "startColumn": 4,
                    "startOffset": 5511,
                    "endColumn": 105,
                    "endOffset": 5612
                },
                "from": {
                    "file": "/Users/14leec1/.android/build-cache/0ad8bc32b47bd9b6a107e4fb2661747d1c54541f/output/res/values-ja/values.xml",
                    "position": {
                        "startLine": 4,
                        "startColumn": 0,
                        "startOffset": 283,
                        "endColumn": 101,
                        "endOffset": 384
                    }
                }
            },
            {
                "to": {
                    "startLine": 60,
                    "startColumn": 4,
                    "startOffset": 5617,
                    "endColumn": 165,
                    "endOffset": 5778
                },
                "from": {
                    "file": "/Users/14leec1/.android/build-cache/0ad8bc32b47bd9b6a107e4fb2661747d1c54541f/output/res/values-ja/values.xml",
                    "position": {
                        "startLine": 5,
                        "startColumn": 0,
                        "startOffset": 385,
                        "endColumn": 165,
                        "endOffset": 550
                    }
                }
            },
            {
                "to": {
                    "startLine": 61,
                    "startColumn": 4,
                    "startOffset": 5783,
                    "endColumn": 121,
                    "endOffset": 5900
                },
                "from": {
                    "file": "/Users/14leec1/.android/build-cache/0ad8bc32b47bd9b6a107e4fb2661747d1c54541f/output/res/values-ja/values.xml",
                    "position": {
                        "startLine": 6,
                        "startColumn": 0,
                        "startOffset": 551,
                        "endColumn": 117,
                        "endOffset": 668
                    }
                }
            },
            {
                "to": {
                    "startLine": 62,
                    "startColumn": 4,
                    "startOffset": 5905,
                    "endColumn": 107,
                    "endOffset": 6008
                },
                "from": {
                    "file": "/Users/14leec1/.android/build-cache/0ad8bc32b47bd9b6a107e4fb2661747d1c54541f/output/res/values-ja/values.xml",
                    "position": {
                        "startLine": 7,
                        "startColumn": 0,
                        "startOffset": 669,
                        "endColumn": 103,
                        "endOffset": 772
                    }
                }
            },
            {
                "to": {
                    "startLine": 63,
                    "startColumn": 4,
                    "startOffset": 6013,
                    "endColumn": 188,
                    "endOffset": 6197
                },
                "from": {
                    "file": "/Users/14leec1/.android/build-cache/0ad8bc32b47bd9b6a107e4fb2661747d1c54541f/output/res/values-ja/values.xml",
                    "position": {
                        "startLine": 8,
                        "startColumn": 0,
                        "startOffset": 773,
                        "endColumn": 188,
                        "endOffset": 961
                    }
                }
            },
            {
                "to": {
                    "startLine": 64,
                    "startColumn": 4,
                    "startOffset": 6202,
                    "endColumn": 121,
                    "endOffset": 6319
                },
                "from": {
                    "file": "/Users/14leec1/.android/build-cache/0ad8bc32b47bd9b6a107e4fb2661747d1c54541f/output/res/values-ja/values.xml",
                    "position": {
                        "startLine": 9,
                        "startColumn": 0,
                        "startOffset": 962,
                        "endColumn": 117,
                        "endOffset": 1079
                    }
                }
            },
            {
                "to": {
                    "startLine": 65,
                    "startColumn": 4,
                    "startOffset": 6324,
                    "endColumn": 127,
                    "endOffset": 6447
                },
                "from": {
                    "file": "/Users/14leec1/.android/build-cache/0ad8bc32b47bd9b6a107e4fb2661747d1c54541f/output/res/values-ja/values.xml",
                    "position": {
                        "startLine": 10,
                        "startColumn": 0,
                        "startOffset": 1080,
                        "endColumn": 123,
                        "endOffset": 1203
                    }
                }
            },
            {
                "to": {
                    "startLine": 66,
                    "startColumn": 4,
                    "startOffset": 6452,
                    "endColumn": 180,
                    "endOffset": 6628
                },
                "from": {
                    "file": "/Users/14leec1/.android/build-cache/ff4967dcef41267c999da54fcc7c7f9e60142282/output/res/values-ja/values.xml",
                    "position": {
                        "startLine": 4,
                        "startColumn": 0,
                        "startOffset": 285,
                        "endColumn": 180,
                        "endOffset": 465
                    }
                }
            },
            {
                "to": {
                    "startLine": 67,
                    "startColumn": 4,
                    "startOffset": 6633,
                    "endColumn": 190,
                    "endOffset": 6819
                },
                "from": {
                    "file": "/Users/14leec1/.android/build-cache/0ad8bc32b47bd9b6a107e4fb2661747d1c54541f/output/res/values-ja/values.xml",
                    "position": {
                        "startLine": 11,
                        "startColumn": 0,
                        "startOffset": 1204,
                        "endColumn": 190,
                        "endOffset": 1394
                    }
                }
            },
            {
                "to": {
                    "startLine": 68,
                    "startColumn": 4,
                    "startOffset": 6824,
                    "endColumn": 102,
                    "endOffset": 6922
                },
                "from": {
                    "file": "/Users/14leec1/.android/build-cache/0ad8bc32b47bd9b6a107e4fb2661747d1c54541f/output/res/values-ja/values.xml",
                    "position": {
                        "startLine": 12,
                        "startColumn": 0,
                        "startOffset": 1395,
                        "endColumn": 98,
                        "endOffset": 1493
                    }
                }
            },
            {
                "to": {
                    "startLine": 69,
                    "startColumn": 4,
                    "startOffset": 6927,
                    "endColumn": 163,
                    "endOffset": 7086
                },
                "from": {
                    "file": "/Users/14leec1/.android/build-cache/0ad8bc32b47bd9b6a107e4fb2661747d1c54541f/output/res/values-ja/values.xml",
                    "position": {
                        "startLine": 13,
                        "startColumn": 0,
                        "startOffset": 1494,
                        "endColumn": 163,
                        "endOffset": 1657
                    }
                }
            },
            {
                "to": {
                    "startLine": 70,
                    "startColumn": 4,
                    "startOffset": 7091,
                    "endColumn": 120,
                    "endOffset": 7207
                },
                "from": {
                    "file": "/Users/14leec1/.android/build-cache/0ad8bc32b47bd9b6a107e4fb2661747d1c54541f/output/res/values-ja/values.xml",
                    "position": {
                        "startLine": 14,
                        "startColumn": 0,
                        "startOffset": 1658,
                        "endColumn": 116,
                        "endOffset": 1774
                    }
                }
            },
            {
                "to": {
                    "startLine": 71,
                    "startColumn": 4,
                    "startOffset": 7212,
                    "endColumn": 178,
                    "endOffset": 7386
                },
                "from": {
                    "file": "/Users/14leec1/.android/build-cache/0ad8bc32b47bd9b6a107e4fb2661747d1c54541f/output/res/values-ja/values.xml",
                    "position": {
                        "startLine": 15,
                        "startColumn": 0,
                        "startOffset": 1775,
                        "endColumn": 178,
                        "endOffset": 1953
                    }
                }
            },
            {
                "to": {
                    "startLine": 72,
                    "startColumn": 4,
                    "startOffset": 7391,
                    "endColumn": 149,
                    "endOffset": 7536
                },
                "from": {
                    "file": "/Users/14leec1/.android/build-cache/0ad8bc32b47bd9b6a107e4fb2661747d1c54541f/output/res/values-ja/values.xml",
                    "position": {
                        "startLine": 16,
                        "startColumn": 0,
                        "startOffset": 1954,
                        "endColumn": 145,
                        "endOffset": 2099
                    }
                }
            },
            {
                "to": {
                    "startLine": 73,
                    "startColumn": 4,
                    "startOffset": 7541,
                    "endColumn": 89,
                    "endOffset": 7626
                },
                "from": {
                    "file": "/Users/14leec1/.android/build-cache/0ad8bc32b47bd9b6a107e4fb2661747d1c54541f/output/res/values-ja/values.xml",
                    "position": {
                        "startLine": 17,
                        "startColumn": 0,
                        "startOffset": 2100,
                        "endColumn": 85,
                        "endOffset": 2185
                    }
                }
            },
            {
                "to": {
                    "startLine": 74,
                    "startColumn": 4,
                    "startOffset": 7631,
                    "endColumn": 88,
                    "endOffset": 7715
                },
                "from": {
                    "file": "/Users/14leec1/.android/build-cache/0ad8bc32b47bd9b6a107e4fb2661747d1c54541f/output/res/values-ja/values.xml",
                    "position": {
                        "startLine": 18,
                        "startColumn": 0,
                        "startOffset": 2186,
                        "endColumn": 84,
                        "endOffset": 2270
                    }
                }
            },
            {
                "to": {
                    "startLine": 75,
                    "startColumn": 4,
                    "startOffset": 7720,
                    "endColumn": 99,
                    "endOffset": 7815
                },
                "from": {
                    "file": "/Users/14leec1/.android/build-cache/0ad8bc32b47bd9b6a107e4fb2661747d1c54541f/output/res/values-ja/values.xml",
                    "position": {
                        "startLine": 19,
                        "startColumn": 0,
                        "startOffset": 2271,
                        "endColumn": 95,
                        "endOffset": 2366
                    }
                }
            },
            {
                "to": {
                    "startLine": 76,
                    "startColumn": 4,
                    "startOffset": 7820,
                    "endColumn": 108,
                    "endOffset": 7924
                },
                "from": {
                    "file": "/Users/14leec1/.android/build-cache/08c7c22f53081775450e442244fadb641005e811/output/res/values-ja/values.xml",
                    "position": {
                        "startLine": 5,
                        "startColumn": 0,
                        "startOffset": 303,
                        "endColumn": 104,
                        "endOffset": 407
                    }
                }
            },
            {
                "to": {
                    "startLine": 77,
                    "startColumn": 4,
                    "startOffset": 7929,
                    "endColumn": 91,
                    "endOffset": 8016
                },
                "from": {
                    "file": "/Users/14leec1/.android/build-cache/08c7c22f53081775450e442244fadb641005e811/output/res/values-ja/values.xml",
                    "position": {
                        "startLine": 6,
                        "startColumn": 0,
                        "startOffset": 408,
                        "endColumn": 87,
                        "endOffset": 495
                    }
                }
            },
            {
                "to": {
                    "startLine": 78,
                    "startColumn": 4,
                    "startOffset": 8021,
                    "endColumn": 89,
                    "endOffset": 8106
                },
                "from": {
                    "file": "/Users/14leec1/.android/build-cache/08c7c22f53081775450e442244fadb641005e811/output/res/values-ja/values.xml",
                    "position": {
                        "startLine": 7,
                        "startColumn": 0,
                        "startOffset": 496,
                        "endColumn": 85,
                        "endOffset": 581
                    }
                }
            },
            {
                "to": {
                    "startLine": 79,
                    "startColumn": 4,
                    "startOffset": 8111,
                    "endColumn": 99,
                    "endOffset": 8206
                },
                "from": {
                    "file": "/Users/14leec1/.android/build-cache/08c7c22f53081775450e442244fadb641005e811/output/res/values-ja/values.xml",
                    "position": {
                        "startLine": 8,
                        "startColumn": 0,
                        "startOffset": 582,
                        "endColumn": 95,
                        "endOffset": 677
                    }
                }
            },
            {
                "to": {
                    "startLine": 80,
                    "startColumn": 4,
                    "startOffset": 8211,
                    "endColumn": 85,
                    "endOffset": 8292
                },
                "from": {
                    "file": "/Users/14leec1/.android/build-cache/08c7c22f53081775450e442244fadb641005e811/output/res/values-ja/values.xml",
                    "position": {
                        "startLine": 9,
                        "startColumn": 0,
                        "startOffset": 678,
                        "endColumn": 81,
                        "endOffset": 759
                    }
                }
            },
            {
                "to": {
                    "startLine": 81,
                    "startColumn": 4,
                    "startOffset": 8297,
                    "endColumn": 91,
                    "endOffset": 8384
                },
                "from": {
                    "file": "/Users/14leec1/.android/build-cache/08c7c22f53081775450e442244fadb641005e811/output/res/values-ja/values.xml",
                    "position": {
                        "startLine": 10,
                        "startColumn": 0,
                        "startOffset": 760,
                        "endColumn": 87,
                        "endOffset": 847
                    }
                }
            },
            {
                "to": {
                    "startLine": 82,
                    "startColumn": 4,
                    "startOffset": 8389,
                    "endColumn": 71,
                    "endOffset": 8456
                },
                "from": {
                    "file": "/Users/14leec1/.android/build-cache/08c7c22f53081775450e442244fadb641005e811/output/res/values-ja/values.xml",
                    "position": {
                        "startLine": 11,
                        "startColumn": 0,
                        "startOffset": 848,
                        "endColumn": 67,
                        "endOffset": 915
                    }
                }
            },
            {
                "to": {
                    "startLine": 83,
                    "startColumn": 4,
                    "startOffset": 8461,
                    "endColumn": 96,
                    "endOffset": 8553
                },
                "from": {
                    "file": "/Users/14leec1/.android/build-cache/6303f2447d0b215c6c4fc6a0803a9d4ab2d6ea3c/output/res/values-ja/values-ja.xml",
                    "position": {
                        "startLine": 2,
                        "startColumn": 4,
                        "startOffset": 55,
                        "endColumn": 96,
                        "endOffset": 147
                    }
                }
            },
            {
                "to": {
                    "startLine": 84,
                    "startColumn": 4,
                    "startOffset": 8558,
                    "endColumn": 89,
                    "endOffset": 8643
                },
                "from": {
                    "file": "/Users/14leec1/.android/build-cache/6303f2447d0b215c6c4fc6a0803a9d4ab2d6ea3c/output/res/values-ja/values-ja.xml",
                    "position": {
                        "startLine": 3,
                        "startColumn": 4,
                        "startOffset": 152,
                        "endColumn": 89,
                        "endOffset": 237
                    }
                }
            },
            {
                "to": {
                    "startLine": 85,
                    "startColumn": 4,
                    "startOffset": 8648,
                    "endColumn": 84,
                    "endOffset": 8728
                },
                "from": {
                    "file": "/Users/14leec1/.android/build-cache/6303f2447d0b215c6c4fc6a0803a9d4ab2d6ea3c/output/res/values-ja/values-ja.xml",
                    "position": {
                        "startLine": 4,
                        "startColumn": 4,
                        "startOffset": 242,
                        "endColumn": 84,
                        "endOffset": 322
                    }
                }
            },
            {
                "to": {
                    "startLine": 86,
                    "startColumn": 4,
                    "startOffset": 8733,
                    "endColumn": 89,
                    "endOffset": 8818
                },
                "from": {
                    "file": "/Users/14leec1/.android/build-cache/6303f2447d0b215c6c4fc6a0803a9d4ab2d6ea3c/output/res/values-ja/values-ja.xml",
                    "position": {
                        "startLine": 5,
                        "startColumn": 4,
                        "startOffset": 327,
                        "endColumn": 89,
                        "endOffset": 412
                    }
                }
            },
            {
                "to": {
                    "startLine": 87,
                    "startColumn": 4,
                    "startOffset": 8823,
                    "endColumn": 99,
                    "endOffset": 8918
                },
                "from": {
                    "file": "/Users/14leec1/.android/build-cache/6303f2447d0b215c6c4fc6a0803a9d4ab2d6ea3c/output/res/values-ja/values-ja.xml",
                    "position": {
                        "startLine": 6,
                        "startColumn": 4,
                        "startOffset": 417,
                        "endColumn": 99,
                        "endOffset": 512
                    }
                }
            },
            {
                "to": {
                    "startLine": 88,
                    "startColumn": 4,
                    "startOffset": 8923,
                    "endColumn": 93,
                    "endOffset": 9012
                },
                "from": {
                    "file": "/Users/14leec1/.android/build-cache/6303f2447d0b215c6c4fc6a0803a9d4ab2d6ea3c/output/res/values-ja/values-ja.xml",
                    "position": {
                        "startLine": 7,
                        "startColumn": 4,
                        "startOffset": 517,
                        "endColumn": 93,
                        "endOffset": 606
                    }
                }
            },
            {
                "to": {
                    "startLine": 89,
                    "startColumn": 4,
                    "startOffset": 9017,
                    "endColumn": 92,
                    "endOffset": 9105
                },
                "from": {
                    "file": "/Users/14leec1/.android/build-cache/6303f2447d0b215c6c4fc6a0803a9d4ab2d6ea3c/output/res/values-ja/values-ja.xml",
                    "position": {
                        "startLine": 8,
                        "startColumn": 4,
                        "startOffset": 611,
                        "endColumn": 92,
                        "endOffset": 699
                    }
                }
            },
            {
                "to": {
                    "startLine": 90,
                    "startColumn": 4,
                    "startOffset": 9110,
                    "endColumn": 88,
                    "endOffset": 9194
                },
                "from": {
                    "file": "/Users/14leec1/.android/build-cache/6303f2447d0b215c6c4fc6a0803a9d4ab2d6ea3c/output/res/values-ja/values-ja.xml",
                    "position": {
                        "startLine": 9,
                        "startColumn": 4,
                        "startOffset": 704,
                        "endColumn": 88,
                        "endOffset": 788
                    }
                }
            },
            {
                "to": {
                    "startLine": 91,
                    "startColumn": 4,
                    "startOffset": 9199,
                    "endColumn": 87,
                    "endOffset": 9282
                },
                "from": {
                    "file": "/Users/14leec1/.android/build-cache/6303f2447d0b215c6c4fc6a0803a9d4ab2d6ea3c/output/res/values-ja/values-ja.xml",
                    "position": {
                        "startLine": 10,
                        "startColumn": 4,
                        "startOffset": 793,
                        "endColumn": 87,
                        "endOffset": 876
                    }
                }
            },
            {
                "to": {
                    "startLine": 92,
                    "startColumn": 4,
                    "startOffset": 9287,
                    "endColumn": 98,
                    "endOffset": 9381
                },
                "from": {
                    "file": "/Users/14leec1/.android/build-cache/6303f2447d0b215c6c4fc6a0803a9d4ab2d6ea3c/output/res/values-ja/values-ja.xml",
                    "position": {
                        "startLine": 11,
                        "startColumn": 4,
                        "startOffset": 881,
                        "endColumn": 98,
                        "endOffset": 975
                    }
                }
            },
            {
                "to": {
                    "startLine": 93,
                    "startColumn": 4,
                    "startOffset": 9386,
                    "endColumn": 104,
                    "endOffset": 9486
                },
                "from": {
                    "file": "/Users/14leec1/.android/build-cache/6303f2447d0b215c6c4fc6a0803a9d4ab2d6ea3c/output/res/values-ja/values-ja.xml",
                    "position": {
                        "startLine": 12,
                        "startColumn": 4,
                        "startOffset": 980,
                        "endColumn": 104,
                        "endOffset": 1080
                    }
                }
            },
            {
                "to": {
                    "startLine": 94,
                    "startColumn": 4,
                    "startOffset": 9491,
                    "endColumn": 82,
                    "endOffset": 9569
                },
                "from": {
                    "file": "/Users/14leec1/.android/build-cache/6303f2447d0b215c6c4fc6a0803a9d4ab2d6ea3c/output/res/values-ja/values-ja.xml",
                    "position": {
                        "startLine": 13,
                        "startColumn": 4,
                        "startOffset": 1085,
                        "endColumn": 82,
                        "endOffset": 1163
                    }
                }
            },
            {
                "to": {
                    "startLine": 95,
                    "startColumn": 4,
                    "startOffset": 9574,
                    "endColumn": 78,
                    "endOffset": 9648
                },
                "from": {
                    "file": "/Users/14leec1/.android/build-cache/6303f2447d0b215c6c4fc6a0803a9d4ab2d6ea3c/output/res/values-ja/values-ja.xml",
                    "position": {
                        "startLine": 14,
                        "startColumn": 4,
                        "startOffset": 1168,
                        "endColumn": 78,
                        "endOffset": 1242
                    }
                }
            },
            {
                "to": {
                    "startLine": 96,
                    "startColumn": 4,
                    "startOffset": 9653,
                    "endColumn": 84,
                    "endOffset": 9733
                },
                "from": {
                    "file": "/Users/14leec1/.android/build-cache/6303f2447d0b215c6c4fc6a0803a9d4ab2d6ea3c/output/res/values-ja/values-ja.xml",
                    "position": {
                        "startLine": 15,
                        "startColumn": 4,
                        "startOffset": 1247,
                        "endColumn": 84,
                        "endOffset": 1327
                    }
                }
            },
            {
                "to": {
                    "startLine": 97,
                    "startColumn": 4,
                    "startOffset": 9738,
                    "endColumn": 83,
                    "endOffset": 9817
                },
                "from": {
                    "file": "/Users/14leec1/.android/build-cache/6303f2447d0b215c6c4fc6a0803a9d4ab2d6ea3c/output/res/values-ja/values-ja.xml",
                    "position": {
                        "startLine": 16,
                        "startColumn": 4,
                        "startOffset": 1332,
                        "endColumn": 83,
                        "endOffset": 1411
                    }
                }
            },
            {
                "to": {
                    "startLine": 98,
                    "startColumn": 4,
                    "startOffset": 9822,
                    "endColumn": 88,
                    "endOffset": 9906
                },
                "from": {
                    "file": "/Users/14leec1/.android/build-cache/6303f2447d0b215c6c4fc6a0803a9d4ab2d6ea3c/output/res/values-ja/values-ja.xml",
                    "position": {
                        "startLine": 17,
                        "startColumn": 4,
                        "startOffset": 1416,
                        "endColumn": 88,
                        "endOffset": 1500
                    }
                }
            },
            {
                "to": {
                    "startLine": 99,
                    "startColumn": 4,
                    "startOffset": 9911,
                    "endColumn": 96,
                    "endOffset": 10003
                },
                "from": {
                    "file": "/Users/14leec1/.android/build-cache/eceeeb909d8e1eef6feb4c4e84c99257903967d3/output/res/values-ja/values.xml",
                    "position": {
                        "startLine": 4,
                        "startColumn": 0,
                        "startOffset": 233,
                        "endColumn": 92,
                        "endOffset": 325
                    }
                }
            },
            {
                "to": {
                    "startLine": 100,
                    "startColumn": 4,
                    "startOffset": 10008,
                    "endColumn": 91,
                    "endOffset": 10095
                },
                "from": {
                    "file": "/Users/14leec1/.android/build-cache/eceeeb909d8e1eef6feb4c4e84c99257903967d3/output/res/values-ja/values.xml",
                    "position": {
                        "startLine": 5,
                        "startColumn": 0,
                        "startOffset": 326,
                        "endColumn": 87,
                        "endOffset": 413
                    }
                }
            },
            {
                "to": {
                    "startLine": 101,
                    "startColumn": 4,
                    "startOffset": 10100,
                    "endColumn": 77,
                    "endOffset": 10173
                },
                "from": {
                    "file": "/Users/14leec1/.android/build-cache/afbe29f57f18bdcb21348ed524eb6be0cd8d61ae/output/res/values-ja/values-ja.xml",
                    "position": {
                        "startLine": 21,
                        "startColumn": 4,
                        "startOffset": 1895,
                        "endColumn": 77,
                        "endOffset": 1968
                    }
                }
            },
            {
                "to": {
                    "startLine": 102,
                    "startColumn": 4,
                    "startOffset": 10178,
                    "endColumn": 100,
                    "endOffset": 10274
                },
                "from": {
                    "file": "/Users/14leec1/.android/build-cache/afbe29f57f18bdcb21348ed524eb6be0cd8d61ae/output/res/values-ja/values-ja.xml",
                    "position": {
                        "startLine": 22,
                        "startColumn": 4,
                        "startOffset": 1973,
                        "endColumn": 100,
                        "endOffset": 2069
                    }
                }
            },
            {
                "to": {
                    "startLine": 103,
                    "startColumn": 4,
                    "startOffset": 10279,
                    "endColumn": 108,
                    "endOffset": 10383
                },
                "from": {
                    "file": "/Users/14leec1/.android/build-cache/08c7c22f53081775450e442244fadb641005e811/output/res/values-ja/values.xml",
                    "position": {
                        "startLine": 12,
                        "startColumn": 0,
                        "startOffset": 916,
                        "endColumn": 104,
                        "endOffset": 1020
                    }
                }
            },
            {
                "to": {
                    "startLine": 104,
                    "startColumn": 4,
                    "startOffset": 10388,
                    "endColumn": 83,
                    "endOffset": 10467
                },
                "from": {
                    "file": "/Users/14leec1/.android/build-cache/08c7c22f53081775450e442244fadb641005e811/output/res/values-ja/values.xml",
                    "position": {
                        "startLine": 13,
                        "startColumn": 0,
                        "startOffset": 1021,
                        "endColumn": 79,
                        "endOffset": 1100
                    }
                }
            },
            {
                "to": {
                    "startLine": 105,
                    "startColumn": 4,
                    "startOffset": 10472,
                    "endColumn": 97,
                    "endOffset": 10565
                },
                "from": {
                    "file": "/Users/14leec1/.android/build-cache/86ba2be4be49f6b2e89dd367179a5d72d401dedd/output/res/values-ja/values.xml",
                    "position": {
                        "startLine": 4,
                        "startColumn": 0,
                        "startOffset": 240,
                        "endColumn": 93,
                        "endOffset": 333
                    }
                }
            }
        ]
    }
]