[
    {
        "merged": "/Users/14leec1/AndroidStudioProjects/Civic-app-master/Sus/app/build/intermediates/res/merged/debug/drawable-tvdpi-v4/ic_plusone_standard_off_client.png",
        "source": "/Users/14leec1/.android/build-cache/2cace3e22dd474153440b41bd84b2454809851e1/output/res/drawable-tvdpi-v4/ic_plusone_standard_off_client.png"
    },
    {
        "merged": "/Users/14leec1/AndroidStudioProjects/Civic-app-master/Sus/app/build/intermediates/res/merged/debug/drawable-tvdpi-v4/ic_plusone_tall_off_client.png",
        "source": "/Users/14leec1/.android/build-cache/2cace3e22dd474153440b41bd84b2454809851e1/output/res/drawable-tvdpi-v4/ic_plusone_tall_off_client.png"
    },
    {
        "merged": "/Users/14leec1/AndroidStudioProjects/Civic-app-master/Sus/app/build/intermediates/res/merged/debug/drawable-tvdpi-v4/ic_plusone_medium_off_client.png",
        "source": "/Users/14leec1/.android/build-cache/2cace3e22dd474153440b41bd84b2454809851e1/output/res/drawable-tvdpi-v4/ic_plusone_medium_off_client.png"
    },
    {
        "merged": "/Users/14leec1/AndroidStudioProjects/Civic-app-master/Sus/app/build/intermediates/res/merged/debug/drawable-tvdpi-v4/ic_plusone_small_off_client.png",
        "source": "/Users/14leec1/.android/build-cache/2cace3e22dd474153440b41bd84b2454809851e1/output/res/drawable-tvdpi-v4/ic_plusone_small_off_client.png"
    }
]